[1Gpulling manifest ⠋ [K[1Gpulling manifest ⠙ [K[1Gpulling manifest ⠹ [K[1Gpulling manifest ⠸ [K[1Gpulling manifest ⠼ [K[1Gpulling manifest ⠴ [K[1Gpulling manifest ⠦ [K[1Gpulling manifest ⠧ [K[1Gpulling manifest ⠇ [K[1Gpulling manifest ⠏ [K[1Gpulling manifest ⠋ [K[1Gpulling manifest ⠙ [K[1Gpulling manifest ⠹ [K[1Gpulling manifest ⠸ [K[1Gpulling manifest ⠼ [K[1Gpulling manifest ⠴ [K[1Gpulling manifest ⠦ [K[1Gpulling manifest ⠧ [K[1Gpulling manifest ⠇ [K[1Gpulling manifest ⠏ [K[1Gpulling manifest ⠋ [K[1Gpulling manifest ⠙ [K[1Gpulling manifest ⠹ [K[1Gpulling manifest ⠸ [K[1Gpulling manifest ⠼ [K[1Gpulling manifest ⠴ [K[1Gpulling manifest ⠦ [K[1Gpulling manifest ⠧ [K[1Gpulling manifest ⠇ [K[1Gpulling manifest ⠏ [K[1Gpulling manifest ⠋ [K[1Gpulling manifest ⠙ [K[1Gpulling manifest ⠹ [K[1Gpulling manifest ⠸ [K[1Gpulling manifest ⠼ [K[1Gpulling manifest ⠴ [K[1Gpulling manifest ⠦ [K[1Gpulling manifest ⠧ [K[1Gpulling manifest ⠇ [K[1Gpulling manifest ⠏ [K[1Gpulling manifest ⠋ [K[1Gpulling manifest ⠙ [K[1Gpulling manifest ⠹ [K[1Gpulling manifest ⠸ [K[1Gpulling manifest ⠼ [K[1Gpulling manifest ⠴ [K[1Gpulling manifest ⠦ [K[1Gpulling manifest ⠧ [K[1Gpulling manifest ⠇ [K[1Gpulling manifest ⠏ [K[1Gpulling manifest ⠋ [K[1Gpulling manifest ⠙ [K[1Gpulling manifest ⠹ [K[1Gpulling manifest ⠸ [K[1Gpulling manifest ⠼ [K[1Gpulling manifest ⠴ [K[1Gpulling manifest ⠦ [K[1Gpulling manifest ⠧ [K[1Gpulling manifest ⠇ [K[1Gpulling manifest [K
pulling bdbf939b402e:  31% ▕█████             ▏ 1.0 GB/3.3 GB                  [K[A[1Gpulling manifest [K
pulling bdbf939b402e:  31% ▕█████             ▏ 1.0 GB/3.3 GB                  [K[A[1Gpulling manifest [K
pulling bdbf939b402e:  31% ▕█████             ▏ 1.0 GB/3.3 GB                  [K[A[1Gpulling manifest [K
pulling bdbf939b402e:  31% ▕█████             ▏ 1.0 GB/3.3 GB                  [K[A[1Gpulling manifest [K
pulling bdbf939b402e:  31% ▕█████             ▏ 1.0 GB/3.3 GB                  [K[A[1Gpulling manifest [K
pulling bdbf939b402e:  31% ▕█████             ▏ 1.0 GB/3.3 GB                  [K[A[1Gpulling manifest [K
pulling bdbf939b402e:  31% ▕█████             ▏ 1.0 GB/3.3 GB                  [K[A[1Gpulling manifest [K
pulling bdbf939b402e:  31% ▕█████             ▏ 1.0 GB/3.3 GB                  [K[A[1Gpulling manifest [K
pulling bdbf939b402e:  31% ▕█████             ▏ 1.0 GB/3.3 GB                  [K[A[1Gpulling manifest [K
pulling bdbf939b402e:  31% ▕█████             ▏ 1.0 GB/3.3 GB                  [K[A[1Gpulling manifest [K
pulling bdbf939b402e:  31% ▕█████             ▏ 1.0 GB/3.3 GB                  [K[A[1Gpulling manifest [K
pulling bdbf939b402e:  31% ▕█████             ▏ 1.0 GB/3.3 GB                  [K[A[1Gpulling manifest [K
pulling bdbf939b402e:  31% ▕█████             ▏ 1.0 GB/3.3 GB                  [K[A[1Gpulling manifest [K
pulling bdbf939b402e:  31% ▕█████             ▏ 1.0 GB/3.3 GB                  [K[A[1Gpulling manifest [K
pulling bdbf939b402e:  31% ▕█████             ▏ 1.0 GB/3.3 GB                  [K[A[1Gpulling manifest [K
pulling bdbf939b402e:  31% ▕█████             ▏ 1.0 GB/3.3 GB                  [K[A[1Gpulling manifest [K
pulling bdbf939b402e:  31% ▕█████             ▏ 1.0 GB/3.3 GB                  [K[A[1Gpulling manifest [K
pulling bdbf939b402e:  31% ▕█████             ▏ 1.0 GB/3.3 GB                  [K[A[1Gpulling manifest [K
pulling bdbf939b402e:  31% ▕█████             ▏ 1.0 GB/3.3 GB                  [K[A[1Gpulling manifest [K
pulling bdbf939b402e:  31% ▕█████             ▏ 1.0 GB/3.3 GB                  [K[A[1Gpulling manifest [K
pulling bdbf939b402e:  31% ▕█████             ▏ 1.0 GB/3.3 GB                  [K[A[1Gpulling manifest [K
pulling bdbf939b402e:  31% ▕█████             ▏ 1.0 GB/3.3 GB                  [K[A[1Gpulling manifest [K
pulling bdbf939b402e:  31% ▕█████             ▏ 1.0 GB/3.3 GB                  [K[A[1Gpulling manifest [K
pulling bdbf939b402e:  31% ▕█████             ▏ 1.0 GB/3.3 GB                  [K[A[1Gpulling manifest [K
pulling bdbf939b402e:  31% ▕█████             ▏ 1.0 GB/3.3 GB                  [K[A[1Gpulling manifest [K
pulling bdbf939b402e:  31% ▕█████             ▏ 1.0 GB/3.3 GB                  [K[A[1Gpulling manifest [K
pulling bdbf939b402e:  31% ▕█████             ▏ 1.0 GB/3.3 GB                  [K[A[1Gpulling manifest [K
pulling bdbf939b402e:  31% ▕█████             ▏ 1.0 GB/3.3 GB                  [K[A[1Gpulling manifest [K
pulling bdbf939b402e:  31% ▕█████             ▏ 1.0 GB/3.3 GB                  [K[A[1Gpulling manifest [K
pulling bdbf939b402e:  31% ▕█████             ▏ 1.0 GB/3.3 GB                  [K[A[1Gpulling manifest [K
pulling bdbf939b402e:  31% ▕█████             ▏ 1.0 GB/3.3 GB                  [K[A[1Gpulling manifest [K
pulling bdbf939b402e:  31% ▕█████             ▏ 1.0 GB/3.3 GB                  [K[A[1Gpulling manifest [K
pulling bdbf939b402e:  31% ▕█████             ▏ 1.0 GB/3.3 GB                  [K[A[1Gpulling manifest [K
pulling bdbf939b402e:  31% ▕█████             ▏ 1.0 GB/3.3 GB                  [K[A[1Gpulling manifest [K
pulling bdbf939b402e:  31% ▕█████             ▏ 1.0 GB/3.3 GB                  [K[A[1Gpulling manifest [K
pulling bdbf939b402e:  31% ▕█████             ▏ 1.0 GB/3.3 GB                  [K[A[1Gpulling manifest [K
pulling bdbf939b402e:  31% ▕█████             ▏ 1.0 GB/3.3 GB                  [K[A[1Gpulling manifest [K
pulling bdbf939b402e:  31% ▕█████             ▏ 1.0 GB/3.3 GB                  [K[A[1Gpulling manifest [K
pulling bdbf939b402e:  31% ▕█████             ▏ 1.0 GB/3.3 GB                  [K[A[1Gpulling manifest [K
pulling bdbf939b402e:  31% ▕█████             ▏ 1.0 GB/3.3 GB                  [K[A[1Gpulling manifest [K
pulling bdbf939b402e:  31% ▕█████             ▏ 1.0 GB/3.3 GB                  [K[A[1Gpulling manifest [K
pulling bdbf939b402e:  31% ▕█████             ▏ 1.0 GB/3.3 GB                  [K[A[1Gpulling manifest [K
pulling bdbf939b402e:  31% ▕█████             ▏ 1.0 GB/3.3 GB                  [K[A[1Gpulling manifest [K
pulling bdbf939b402e:  31% ▕█████             ▏ 1.0 GB/3.3 GB                  [K[A[1Gpulling manifest [K
pulling bdbf939b402e:  31% ▕█████             ▏ 1.0 GB/3.3 GB                  [K[A[1Gpulling manifest [K
pulling bdbf939b402e:  31% ▕█████             ▏ 1.0 GB/3.3 GB                  [K[A[1Gpulling manifest [K
pulling bdbf939b402e:  31% ▕█████             ▏ 1.0 GB/3.3 GB                  [K[A[1Gpulling manifest [K
pulling bdbf939b402e:  31% ▕█████             ▏ 1.0 GB/3.3 GB                  [K[A[1Gpulling manifest [K
pulling bdbf939b402e:  31% ▕█████             ▏ 1.0 GB/3.3 GB                  [K[A[1Gpulling manifest [K
pulling bdbf939b402e:  31% ▕█████             ▏ 1.0 GB/3.3 GB                  [K[A[1Gpulling manifest [K
pulling bdbf939b402e:  31% ▕█████             ▏ 1.0 GB/3.3 GB                  [K[A[1Gpulling manifest [K
pulling bdbf939b402e:  31% ▕█████             ▏ 1.0 GB/3.3 GB                  [K[A[1Gpulling manifest [K
pulling bdbf939b402e:  31% ▕█████             ▏ 1.0 GB/3.3 GB                  [K[A[1Gpulling manifest [K
pulling bdbf939b402e:  31% ▕█████             ▏ 1.0 GB/3.3 GB                  [K[A[1Gpulling manifest [K
pulling bdbf939b402e:  31% ▕█████             ▏ 1.0 GB/3.3 GB                  [K[A[1Gpulling manifest [K
pulling bdbf939b402e:  31% ▕█████             ▏ 1.0 GB/3.3 GB                  [K[A[1Gpulling manifest [K
pulling bdbf939b402e:  31% ▕█████             ▏ 1.0 GB/3.3 GB                  [K[A[1Gpulling manifest [K
pulling bdbf939b402e:  31% ▕█████             ▏ 1.0 GB/3.3 GB                  [K[A[1Gpulling manifest [K
pulling bdbf939b402e:  31% ▕█████             ▏ 1.0 GB/3.3 GB                  [K[A[1Gpulling manifest [K
pulling bdbf939b402e:  31% ▕█████             ▏ 1.0 GB/3.3 GB                  [K[A[1Gpulling manifest [K
pulling bdbf939b402e:  31% ▕█████             ▏ 1.0 GB/3.3 GB                  [K[A[1Gpulling manifest [K
pulling bdbf939b402e:  31% ▕█████             ▏ 1.0 GB/3.3 GB                  [K[A[1Gpulling manifest [K
pulling bdbf939b402e:  31% ▕█████             ▏ 1.0 GB/3.3 GB                  [K[A[1Gpulling manifest [K
pulling bdbf939b402e:  31% ▕█████             ▏ 1.0 GB/3.3 GB                  [K[A[1Gpulling manifest [K
pulling bdbf939b402e:  31% ▕█████             ▏ 1.0 GB/3.3 GB                  [K[A[1Gpulling manifest [K
pulling bdbf939b402e:  31% ▕█████             ▏ 1.0 GB/3.3 GB                  [K[A[1Gpulling manifest [K
pulling bdbf939b402e:  31% ▕█████             ▏ 1.0 GB/3.3 GB                  [K[A[1Gpulling manifest [K
pulling bdbf939b402e:  31% ▕█████             ▏ 1.0 GB/3.3 GB                  [K[A[1Gpulling manifest [K
pulling bdbf939b402e:  31% ▕█████             ▏ 1.0 GB/3.3 GB                  [K[A[1Gpulling manifest [K
pulling bdbf939b402e:  31% ▕█████             ▏ 1.0 GB/3.3 GB                  [K[A[1Gpulling manifest [K
pulling bdbf939b402e:  31% ▕█████             ▏ 1.0 GB/3.3 GB                  [K[A[1Gpulling manifest [K
pulling bdbf939b402e:  31% ▕█████             ▏ 1.0 GB/3.3 GB                  [K[A[1Gpulling manifest [K
pulling bdbf939b402e:  31% ▕█████             ▏ 1.0 GB/3.3 GB                  [K[A[1Gpulling manifest [K
pulling bdbf939b402e:  31% ▕█████             ▏ 1.0 GB/3.3 GB                  [K[A[1Gpulling manifest [K
pulling bdbf939b402e:  31% ▕█████             ▏ 1.0 GB/3.3 GB                  [K[A[1Gpulling manifest [K
pulling bdbf939b402e:  31% ▕█████             ▏ 1.0 GB/3.3 GB                  [K[A[1Gpulling manifest [K
pulling bdbf939b402e:  31% ▕█████             ▏ 1.0 GB/3.3 GB                  [K[A[1Gpulling manifest [K
pulling bdbf939b402e:  31% ▕█████             ▏ 1.0 GB/3.3 GB                  [K[A[1Gpulling manifest [K
pulling bdbf939b402e:  31% ▕█████             ▏ 1.0 GB/3.3 GB                  [K[A[1Gpulling manifest [K
pulling bdbf939b402e:  31% ▕█████             ▏ 1.0 GB/3.3 GB                  [K[A[1Gpulling manifest [K
pulling bdbf939b402e:  31% ▕█████             ▏ 1.0 GB/3.3 GB                  [K[A[1Gpulling manifest [K
pulling bdbf939b402e:  31% ▕█████             ▏ 1.0 GB/3.3 GB                  [K[A[1Gpulling manifest [K
pulling bdbf939b402e:  31% ▕█████             ▏ 1.0 GB/3.3 GB  110 KB/s   5h41m[K[A[1Gpulling manifest [K
pulling bdbf939b402e:  31% ▕█████             ▏ 1.0 GB/3.3 GB  110 KB/s   5h41m[K[A[1Gpulling manifest [K
pulling bdbf939b402e:  31% ▕█████             ▏ 1.0 GB/3.3 GB  110 KB/s   5h41m[K[A[1Gpulling manifest [K
pulling bdbf939b402e:  31% ▕█████             ▏ 1.0 GB/3.3 GB  110 KB/s   5h41m[K[A[1Gpulling manifest [K
pulling bdbf939b402e:  31% ▕█████             ▏ 1.0 GB/3.3 GB  110 KB/s   5h41m[K[A[1Gpulling manifest [K
pulling bdbf939b402e:  31% ▕█████             ▏ 1.0 GB/3.3 GB  110 KB/s   5h41m[K[A[1Gpulling manifest [K
pulling bdbf939b402e:  31% ▕█████             ▏ 1.0 GB/3.3 GB  110 KB/s   5h41m[K[A[1Gpulling manifest [K
pulling bdbf939b402e:  31% ▕█████             ▏ 1.0 GB/3.3 GB  110 KB/s   5h41m[K[A[1Gpulling manifest [K
pulling bdbf939b402e:  31% ▕█████             ▏ 1.0 GB/3.3 GB  110 KB/s   5h41m[K[A[1Gpulling manifest [K
pulling bdbf939b402e:  31% ▕█████             ▏ 1.0 GB/3.3 GB  110 KB/s   5h41m[K[A[1Gpulling manifest [K
pulling bdbf939b402e:  31% ▕█████             ▏ 1.0 GB/3.3 GB  242 KB/s   2h35m[K[A[1Gpulling manifest [K
pulling bdbf939b402e:  31% ▕█████             ▏ 1.0 GB/3.3 GB  242 KB/s   2h35m[K[A[1Gpulling manifest [K
pulling bdbf939b402e:  31% ▕█████             ▏ 1.0 GB/3.3 GB  242 KB/s   2h35m[K[A[1Gpulling manifest [K
pulling bdbf939b402e:  31% ▕█████             ▏ 1.0 GB/3.3 GB  242 KB/s   2h35m[K[A[1Gpulling manifest [K
pulling bdbf939b402e:  31% ▕█████             ▏ 1.0 GB/3.3 GB  242 KB/s   2h35m[K[A[1Gpulling manifest [K
pulling bdbf939b402e:  31% ▕█████             ▏ 1.0 GB/3.3 GB  242 KB/s   2h35m[K[A[1Gpulling manifest [K
pulling bdbf939b402e:  31% ▕█████             ▏ 1.0 GB/3.3 GB  242 KB/s   2h35m[K[A[1Gpulling manifest [K
pulling bdbf939b402e:  31% ▕█████             ▏ 1.0 GB/3.3 GB  242 KB/s   2h35m[K[A[1Gpulling manifest [K
pulling bdbf939b402e:  31% ▕█████             ▏ 1.0 GB/3.3 GB  242 KB/s   2h35m[K[A[1Gpulling manifest [K
pulling bdbf939b402e:  31% ▕█████             ▏ 1.0 GB/3.3 GB  242 KB/s   2h35m[K[A[1Gpulling manifest [K
pulling bdbf939b402e:  31% ▕█████             ▏ 1.0 GB/3.3 GB  437 KB/s   1h26m[K[A[1Gpulling manifest [K
pulling bdbf939b402e:  31% ▕█████             ▏ 1.0 GB/3.3 GB  437 KB/s   1h26m[K[A[1Gpulling manifest [K
pulling bdbf939b402e:  31% ▕█████             ▏ 1.0 GB/3.3 GB  437 KB/s   1h26m[K[A[1Gpulling manifest [K
pulling bdbf939b402e:  31% ▕█████             ▏ 1.0 GB/3.3 GB  437 KB/s   1h26m[K[A[1Gpulling manifest [K
pulling bdbf939b402e:  31% ▕█████             ▏ 1.0 GB/3.3 GB  437 KB/s   1h26m[K[A[1Gpulling manifest [K
pulling bdbf939b402e:  31% ▕█████             ▏ 1.0 GB/3.3 GB  437 KB/s   1h26m[K[A[1Gpulling manifest [K
pulling bdbf939b402e:  31% ▕█████             ▏ 1.0 GB/3.3 GB  437 KB/s   1h26m[K[A[1Gpulling manifest [K
pulling bdbf939b402e:  31% ▕█████             ▏ 1.0 GB/3.3 GB  437 KB/s   1h26m[K[A[1Gpulling manifest [K
pulling bdbf939b402e:  31% ▕█████             ▏ 1.0 GB/3.3 GB  437 KB/s   1h26m[K[A[1Gpulling manifest [K
pulling bdbf939b402e:  32% ▕█████             ▏ 1.0 GB/3.3 GB  437 KB/s   1h26m[K[A[1Gpulling manifest [K
pulling bdbf939b402e:  32% ▕█████             ▏ 1.0 GB/3.3 GB  721 KB/s   52m9s[K[A[1Gpulling manifest [K
pulling bdbf939b402e:  32% ▕█████             ▏ 1.0 GB/3.3 GB  721 KB/s   52m9s[K[A[1Gpulling manifest [K
pulling bdbf939b402e:  32% ▕█████             ▏ 1.0 GB/3.3 GB  721 KB/s   52m9s[K[A[1Gpulling manifest [K
pulling bdbf939b402e:  32% ▕█████             ▏ 1.0 GB/3.3 GB  721 KB/s   52m8s[K[A[1Gpulling manifest [K
pulling bdbf939b402e:  32% ▕█████             ▏ 1.0 GB/3.3 GB  721 KB/s   52m8s[K[A[1Gpulling manifest [K
pulling bdbf939b402e:  32% ▕█████             ▏ 1.0 GB/3.3 GB  721 KB/s   52m7s[K[A[1Gpulling manifest [K
pulling bdbf939b402e:  32% ▕█████             ▏ 1.0 GB/3.3 GB  721 KB/s   52m7s[K[A[1Gpulling manifest [K
pulling bdbf939b402e:  32% ▕█████             ▏ 1.0 GB/3.3 GB  721 KB/s   52m7s[K[A[1Gpulling manifest [K
pulling bdbf939b402e:  32% ▕█████             ▏ 1.0 GB/3.3 GB  721 KB/s   52m7s[K[A[1Gpulling manifest [K
pulling bdbf939b402e:  32% ▕█████             ▏ 1.0 GB/3.3 GB  721 KB/s   52m6s[K[A[1Gpulling manifest [K
pulling bdbf939b402e:  32% ▕█████             ▏ 1.0 GB/3.3 GB  721 KB/s   52m6s[K[A[1Gpulling manifest [K
pulling bdbf939b402e:  32% ▕█████             ▏ 1.0 GB/3.3 GB  1.0 MB/s  36m53s[K[A[1Gpulling manifest [K
pulling bdbf939b402e:  32% ▕█████             ▏ 1.0 GB/3.3 GB  1.0 MB/s  36m52s[K[A[1Gpulling manifest [K
pulling bdbf939b402e:  32% ▕█████             ▏ 1.0 GB/3.3 GB  1.0 MB/s  36m52s[K[A[1Gpulling manifest [K
pulling bdbf939b402e:  32% ▕█████             ▏ 1.0 GB/3.3 GB  1.0 MB/s  36m52s[K[A[1Gpulling manifest [K
pulling bdbf939b402e:  32% ▕█████             ▏ 1.0 GB/3.3 GB  1.0 MB/s  36m52s[K[A[1Gpulling manifest [K
pulling bdbf939b402e:  32% ▕█████             ▏ 1.0 GB/3.3 GB  1.0 MB/s  36m51s[K[A[1Gpulling manifest [K
pulling bdbf939b402e:  32% ▕█████             ▏ 1.0 GB/3.3 GB  1.0 MB/s  36m51s[K[A[1Gpulling manifest [K
pulling bdbf939b402e:  32% ▕█████             ▏ 1.0 GB/3.3 GB  1.0 MB/s  36m51s[K[A[1Gpulling manifest [K
pulling bdbf939b402e:  32% ▕█████             ▏ 1.0 GB/3.3 GB  1.0 MB/s  36m51s[K[A[1Gpulling manifest [K
pulling bdbf939b402e:  32% ▕█████             ▏ 1.0 GB/3.3 GB  1.0 MB/s  36m50s[K[A[1Gpulling manifest [K
pulling bdbf939b402e:  32% ▕█████             ▏ 1.0 GB/3.3 GB  1.3 MB/s   28m1s[K[A[1Gpulling manifest [K
pulling bdbf939b402e:  32% ▕█████             ▏ 1.0 GB/3.3 GB  1.3 MB/s   28m1s[K[A[1Gpulling manifest [K
pulling bdbf939b402e:  32% ▕█████             ▏ 1.0 GB/3.3 GB  1.3 MB/s   28m1s[K[A[1Gpulling manifest [K
pulling bdbf939b402e:  32% ▕█████             ▏ 1.0 GB/3.3 GB  1.3 MB/s   28m1s[K[A[1Gpulling manifest [K
pulling bdbf939b402e:  32% ▕█████             ▏ 1.0 GB/3.3 GB  1.3 MB/s   28m0s[K[A[1Gpulling manifest [K
pulling bdbf939b402e:  32% ▕█████             ▏ 1.0 GB/3.3 GB  1.3 MB/s   28m0s[K[A[1Gpulling manifest [K
pulling bdbf939b402e:  32% ▕█████             ▏ 1.0 GB/3.3 GB  1.3 MB/s   28m0s[K[A[1Gpulling manifest [K
pulling bdbf939b402e:  32% ▕█████             ▏ 1.0 GB/3.3 GB  1.3 MB/s   28m0s[K[A[1Gpulling manifest [K
pulling bdbf939b402e:  32% ▕█████             ▏ 1.0 GB/3.3 GB  1.3 MB/s   28m0s[K[A[1Gpulling manifest [K
pulling bdbf939b402e:  32% ▕█████             ▏ 1.0 GB/3.3 GB  1.3 MB/s  27m59s[K[A[1Gpulling manifest [K
pulling bdbf939b402e:  32% ▕█████             ▏ 1.0 GB/3.3 GB  1.6 MB/s  23m13s[K[A[1Gpulling manifest [K
pulling bdbf939b402e:  32% ▕█████             ▏ 1.0 GB/3.3 GB  1.6 MB/s  23m13s[K[A[1Gpulling manifest [K
pulling bdbf939b402e:  32% ▕█████             ▏ 1.0 GB/3.3 GB  1.6 MB/s  23m13s[K[A[1Gpulling manifest [K
pulling bdbf939b402e:  32% ▕█████             ▏ 1.0 GB/3.3 GB  1.6 MB/s  23m13s[K[A[1Gpulling manifest [K
pulling bdbf939b402e:  32% ▕█████             ▏ 1.0 GB/3.3 GB  1.6 MB/s  23m13s[K[A[1Gpulling manifest [K
pulling bdbf939b402e:  32% ▕█████             ▏ 1.0 GB/3.3 GB  1.6 MB/s  23m13s[K[A[1Gpulling manifest [K
pulling bdbf939b402e:  32% ▕█████             ▏ 1.0 GB/3.3 GB  1.6 MB/s  23m13s[K[A[1Gpulling manifest [K
pulling bdbf939b402e:  32% ▕█████             ▏ 1.0 GB/3.3 GB  1.6 MB/s  23m12s[K[A[1Gpulling manifest [K
pulling bdbf939b402e:  32% ▕█████             ▏ 1.0 GB/3.3 GB  1.6 MB/s  23m12s[K[A[1Gpulling manifest [K
pulling bdbf939b402e:  32% ▕█████             ▏ 1.0 GB/3.3 GB  1.6 MB/s  23m12s[K[A[1Gpulling manifest [K
pulling bdbf939b402e:  32% ▕█████             ▏ 1.0 GB/3.3 GB  1.8 MB/s  20m18s[K[A[1Gpulling manifest [K
pulling bdbf939b402e:  32% ▕█████             ▏ 1.0 GB/3.3 GB  1.8 MB/s  20m18s[K[A[1Gpulling manifest [K
pulling bdbf939b402e:  32% ▕█████             ▏ 1.1 GB/3.3 GB  1.8 MB/s  20m18s[K[A[1Gpulling manifest [K
pulling bdbf939b402e:  32% ▕█████             ▏ 1.1 GB/3.3 GB  1.8 MB/s  20m18s[K[A[1Gpulling manifest [K
pulling bdbf939b402e:  32% ▕█████             ▏ 1.1 GB/3.3 GB  1.8 MB/s  20m18s[K[A[1Gpulling manifest [K
pulling bdbf939b402e:  32% ▕█████             ▏ 1.1 GB/3.3 GB  1.8 MB/s  20m17s[K[A[1Gpulling manifest [K
pulling bdbf939b402e:  32% ▕█████             ▏ 1.1 GB/3.3 GB  1.8 MB/s  20m17s[K[A[1Gpulling manifest [K
pulling bdbf939b402e:  32% ▕█████             ▏ 1.1 GB/3.3 GB  1.8 MB/s  20m17s[K[A[1Gpulling manifest [K
pulling bdbf939b402e:  32% ▕█████             ▏ 1.1 GB/3.3 GB  1.8 MB/s  20m17s[K[A[1Gpulling manifest [K
pulling bdbf939b402e:  32% ▕█████             ▏ 1.1 GB/3.3 GB  1.8 MB/s  20m17s[K[A[1Gpulling manifest [K
pulling bdbf939b402e:  32% ▕█████             ▏ 1.1 GB/3.3 GB  2.1 MB/s  17m38s[K[A[1Gpulling manifest [K
pulling bdbf939b402e:  32% ▕█████             ▏ 1.1 GB/3.3 GB  2.1 MB/s  17m38s[K[A[1Gpulling manifest [K
pulling bdbf939b402e:  32% ▕█████             ▏ 1.1 GB/3.3 GB  2.1 MB/s  17m38s[K[A[1Gpulling manifest [K
pulling bdbf939b402e:  32% ▕█████             ▏ 1.1 GB/3.3 GB  2.1 MB/s  17m38s[K[A[1Gpulling manifest [K
pulling bdbf939b402e:  32% ▕█████             ▏ 1.1 GB/3.3 GB  2.1 MB/s  17m37s[K[A[1Gpulling manifest [K
pulling bdbf939b402e:  32% ▕█████             ▏ 1.1 GB/3.3 GB  2.1 MB/s  17m37s[K[A[1Gpulling manifest [K
pulling bdbf939b402e:  32% ▕█████             ▏ 1.1 GB/3.3 GB  2.1 MB/s  17m37s[K[A[1Gpulling manifest [K
pulling bdbf939b402e:  32% ▕█████             ▏ 1.1 GB/3.3 GB  2.1 MB/s  17m37s[K[A[1Gpulling manifest [K
pulling bdbf939b402e:  32% ▕█████             ▏ 1.1 GB/3.3 GB  2.1 MB/s  17m37s[K[A[1Gpulling manifest [K
pulling bdbf939b402e:  32% ▕█████             ▏ 1.1 GB/3.3 GB  2.1 MB/s  17m37s[K[A[1Gpulling manifest [K
pulling bdbf939b402e:  32% ▕█████             ▏ 1.1 GB/3.3 GB  2.1 MB/s  17m37s[K[A[1Gpulling manifest [K
pulling bdbf939b402e:  32% ▕█████             ▏ 1.1 GB/3.3 GB  2.3 MB/s  16m30s[K[A[1Gpulling manifest [K
pulling bdbf939b402e:  32% ▕█████             ▏ 1.1 GB/3.3 GB  2.3 MB/s  16m30s[K[A[1Gpulling manifest [K
pulling bdbf939b402e:  32% ▕█████             ▏ 1.1 GB/3.3 GB  2.3 MB/s  16m30s[K[A[1Gpulling manifest [K
pulling bdbf939b402e:  32% ▕█████             ▏ 1.1 GB/3.3 GB  2.3 MB/s  16m29s[K[A[1Gpulling manifest [K
pulling bdbf939b402e:  32% ▕█████             ▏ 1.1 GB/3.3 GB  2.3 MB/s  16m29s[K[A[1Gpulling manifest [K
pulling bdbf939b402e:  32% ▕█████             ▏ 1.1 GB/3.3 GB  2.3 MB/s  16m29s[K[A[1Gpulling manifest [K
pulling bdbf939b402e:  32% ▕█████             ▏ 1.1 GB/3.3 GB  2.3 MB/s  16m29s[K[A[1Gpulling manifest [K
pulling bdbf939b402e:  32% ▕█████             ▏ 1.1 GB/3.3 GB  2.3 MB/s  16m29s[K[A[1Gpulling manifest [K
pulling bdbf939b402e:  32% ▕█████             ▏ 1.1 GB/3.3 GB  2.3 MB/s  16m29s[K[A[1Gpulling manifest [K
pulling bdbf939b402e:  32% ▕█████             ▏ 1.1 GB/3.3 GB  2.3 MB/s  16m29s[K[A[1Gpulling manifest [K
pulling bdbf939b402e:  32% ▕█████             ▏ 1.1 GB/3.3 GB  2.4 MB/s  15m21s[K[A[1Gpulling manifest [K
pulling bdbf939b402e:  32% ▕█████             ▏ 1.1 GB/3.3 GB  2.4 MB/s  15m21s[K[A[1Gpulling manifest [K
pulling bdbf939b402e:  32% ▕█████             ▏ 1.1 GB/3.3 GB  2.4 MB/s  15m21s[K[A[1Gpulling manifest [K
pulling bdbf939b402e:  32% ▕█████             ▏ 1.1 GB/3.3 GB  2.4 MB/s  15m21s[K[A[1Gpulling manifest [K
pulling bdbf939b402e:  32% ▕█████             ▏ 1.1 GB/3.3 GB  2.4 MB/s  15m21s[K[A[1Gpulling manifest [K
pulling bdbf939b402e:  32% ▕█████             ▏ 1.1 GB/3.3 GB  2.4 MB/s  15m21s[K[A[1Gpulling manifest [K
pulling bdbf939b402e:  32% ▕█████             ▏ 1.1 GB/3.3 GB  2.4 MB/s  15m20s[K[A[1Gpulling manifest [K
pulling bdbf939b402e:  32% ▕█████             ▏ 1.1 GB/3.3 GB  2.4 MB/s  15m20s[K[A[1Gpulling manifest [K
pulling bdbf939b402e:  32% ▕█████             ▏ 1.1 GB/3.3 GB  2.4 MB/s  15m20s[K[A[1Gpulling manifest [K
pulling bdbf939b402e:  32% ▕█████             ▏ 1.1 GB/3.3 GB  2.4 MB/s  15m20s[K[A[1Gpulling manifest [K
pulling bdbf939b402e:  32% ▕█████             ▏ 1.1 GB/3.3 GB  2.6 MB/s  14m32s[K[A[1Gpulling manifest [K
pulling bdbf939b402e:  32% ▕█████             ▏ 1.1 GB/3.3 GB  2.6 MB/s  14m32s[K[A[1Gpulling manifest [K
pulling bdbf939b402e:  32% ▕█████             ▏ 1.1 GB/3.3 GB  2.6 MB/s  14m32s[K[A[1Gpulling manifest [K
pulling bdbf939b402e:  32% ▕█████             ▏ 1.1 GB/3.3 GB  2.6 MB/s  14m31s[K[A[1Gpulling manifest [K
pulling bdbf939b402e:  32% ▕█████             ▏ 1.1 GB/3.3 GB  2.6 MB/s  14m31s[K[A[1Gpulling manifest [K
pulling bdbf939b402e:  32% ▕█████             ▏ 1.1 GB/3.3 GB  2.6 MB/s  14m31s[K[A[1Gpulling manifest [K
pulling bdbf939b402e:  32% ▕█████             ▏ 1.1 GB/3.3 GB  2.6 MB/s  14m31s[K[A[1Gpulling manifest [K
pulling bdbf939b402e:  32% ▕█████             ▏ 1.1 GB/3.3 GB  2.6 MB/s  14m31s[K[A[1Gpulling manifest [K
pulling bdbf939b402e:  32% ▕█████             ▏ 1.1 GB/3.3 GB  2.6 MB/s  14m31s[K[A[1Gpulling manifest [K
pulling bdbf939b402e:  32% ▕█████             ▏ 1.1 GB/3.3 GB  2.6 MB/s  14m31s[K[A[1Gpulling manifest [K
pulling bdbf939b402e:  32% ▕█████             ▏ 1.1 GB/3.3 GB  2.7 MB/s  13m50s[K[A[1Gpulling manifest [K
pulling bdbf939b402e:  32% ▕█████             ▏ 1.1 GB/3.3 GB  2.7 MB/s  13m50s[K[A[1Gpulling manifest [K
pulling bdbf939b402e:  32% ▕█████             ▏ 1.1 GB/3.3 GB  2.7 MB/s  13m50s[K[A[1Gpulling manifest [K
pulling bdbf939b402e:  32% ▕█████             ▏ 1.1 GB/3.3 GB  2.7 MB/s  13m50s[K[A[1Gpulling manifest [K
pulling bdbf939b402e:  32% ▕█████             ▏ 1.1 GB/3.3 GB  2.7 MB/s  13m50s[K[A[1Gpulling manifest [K
pulling bdbf939b402e:  32% ▕█████             ▏ 1.1 GB/3.3 GB  2.7 MB/s  13m50s[K[A[1Gpulling manifest [K
pulling bdbf939b402e:  32% ▕█████             ▏ 1.1 GB/3.3 GB  2.7 MB/s  13m49s[K[A[1Gpulling manifest [K
pulling bdbf939b402e:  32% ▕█████             ▏ 1.1 GB/3.3 GB  2.7 MB/s  13m49s[K[A[1Gpulling manifest [K
pulling bdbf939b402e:  32% ▕█████             ▏ 1.1 GB/3.3 GB  2.7 MB/s  13m49s[K[A[1Gpulling manifest [K
pulling bdbf939b402e:  32% ▕█████             ▏ 1.1 GB/3.3 GB  2.7 MB/s  13m49s[K[A[1Gpulling manifest [K
pulling bdbf939b402e:  32% ▕█████             ▏ 1.1 GB/3.3 GB  2.7 MB/s  13m36s[K[A[1Gpulling manifest [K
pulling bdbf939b402e:  32% ▕█████             ▏ 1.1 GB/3.3 GB  2.7 MB/s  13m36s[K[A[1Gpulling manifest [K
pulling bdbf939b402e:  32% ▕█████             ▏ 1.1 GB/3.3 GB  2.7 MB/s  13m36s[K[A[1Gpulling manifest [K
pulling bdbf939b402e:  32% ▕█████             ▏ 1.1 GB/3.3 GB  2.7 MB/s  13m35s[K[A[1Gpulling manifest [K
pulling bdbf939b402e:  32% ▕█████             ▏ 1.1 GB/3.3 GB  2.7 MB/s  13m35s[K[A[1Gpulling manifest [K
pulling bdbf939b402e:  32% ▕█████             ▏ 1.1 GB/3.3 GB  2.7 MB/s  13m35s[K[A[1Gpulling manifest [K
pulling bdbf939b402e:  32% ▕█████             ▏ 1.1 GB/3.3 GB  2.7 MB/s  13m35s[K[A[1Gpulling manifest [K
pulling bdbf939b402e:  32% ▕█████             ▏ 1.1 GB/3.3 GB  2.7 MB/s  13m35s[K[A[1Gpulling manifest [K
pulling bdbf939b402e:  32% ▕█████             ▏ 1.1 GB/3.3 GB  2.7 MB/s  13m35s[K[A[1Gpulling manifest [K
pulling bdbf939b402e:  32% ▕█████             ▏ 1.1 GB/3.3 GB  2.7 MB/s  13m35s[K[A[1Gpulling manifest [K
pulling bdbf939b402e:  32% ▕█████             ▏ 1.1 GB/3.3 GB  2.7 MB/s  13m35s[K[A[1Gpulling manifest [K
pulling bdbf939b402e:  32% ▕█████             ▏ 1.1 GB/3.3 GB  2.8 MB/s  13m16s[K[A[1Gpulling manifest [K
pulling bdbf939b402e:  32% ▕█████             ▏ 1.1 GB/3.3 GB  2.8 MB/s  13m16s[K[A[1Gpulling manifest [K
pulling bdbf939b402e:  32% ▕█████             ▏ 1.1 GB/3.3 GB  2.8 MB/s  13m16s[K[A[1Gpulling manifest [K
pulling bdbf939b402e:  32% ▕█████             ▏ 1.1 GB/3.3 GB  2.8 MB/s  13m16s[K[A[1Gpulling manifest [K
pulling bdbf939b402e:  32% ▕█████             ▏ 1.1 GB/3.3 GB  2.8 MB/s  13m16s[K[A[1Gpulling manifest [K
pulling bdbf939b402e:  32% ▕█████             ▏ 1.1 GB/3.3 GB  2.8 MB/s  13m16s[K[A[1Gpulling manifest [K
pulling bdbf939b402e:  33% ▕█████             ▏ 1.1 GB/3.3 GB  2.8 MB/s  13m15s[K[A[1Gpulling manifest [K
pulling bdbf939b402e:  33% ▕█████             ▏ 1.1 GB/3.3 GB  2.8 MB/s  13m15s[K[A[1Gpulling manifest [K
pulling bdbf939b402e:  33% ▕█████             ▏ 1.1 GB/3.3 GB  2.8 MB/s  13m15s[K[A[1Gpulling manifest [K
pulling bdbf939b402e:  33% ▕█████             ▏ 1.1 GB/3.3 GB  2.8 MB/s  13m15s[K[A[1Gpulling manifest [K
pulling bdbf939b402e:  33% ▕█████             ▏ 1.1 GB/3.3 GB  2.9 MB/s  12m43s[K[A[1Gpulling manifest [K
pulling bdbf939b402e:  33% ▕█████             ▏ 1.1 GB/3.3 GB  2.9 MB/s  12m43s[K[A[1Gpulling manifest [K
pulling bdbf939b402e:  33% ▕█████             ▏ 1.1 GB/3.3 GB  2.9 MB/s  12m42s[K[A[1Gpulling manifest [K
pulling bdbf939b402e:  33% ▕█████             ▏ 1.1 GB/3.3 GB  2.9 MB/s  12m42s[K[A[1Gpulling manifest [K
pulling bdbf939b402e:  33% ▕█████             ▏ 1.1 GB/3.3 GB  2.9 MB/s  12m42s[K[A[1Gpulling manifest [K
pulling bdbf939b402e:  33% ▕█████             ▏ 1.1 GB/3.3 GB  2.9 MB/s  12m42s[K[A[1Gpulling manifest [K
pulling bdbf939b402e:  33% ▕█████             ▏ 1.1 GB/3.3 GB  2.9 MB/s  12m42s[K[A[1Gpulling manifest [K
pulling bdbf939b402e:  33% ▕█████             ▏ 1.1 GB/3.3 GB  2.9 MB/s  12m42s[K[A[1Gpulling manifest [K
pulling bdbf939b402e:  33% ▕█████             ▏ 1.1 GB/3.3 GB  2.9 MB/s  12m42s[K[A[1Gpulling manifest [K
pulling bdbf939b402e:  33% ▕█████             ▏ 1.1 GB/3.3 GB  2.9 MB/s  12m41s[K[A[1Gpulling manifest [K
pulling bdbf939b402e:  33% ▕█████             ▏ 1.1 GB/3.3 GB  3.1 MB/s  11m51s[K[A[1Gpulling manifest [K
pulling bdbf939b402e:  33% ▕█████             ▏ 1.1 GB/3.3 GB  3.1 MB/s  11m51s[K[A[1Gpulling manifest [K
pulling bdbf939b402e:  33% ▕█████             ▏ 1.1 GB/3.3 GB  3.1 MB/s  11m50s[K[A[1Gpulling manifest [K
pulling bdbf939b402e:  33% ▕█████             ▏ 1.1 GB/3.3 GB  3.1 MB/s  11m50s[K[A[1Gpulling manifest [K
pulling bdbf939b402e:  33% ▕█████             ▏ 1.1 GB/3.3 GB  3.1 MB/s  11m50s[K[A[1Gpulling manifest [K
pulling bdbf939b402e:  33% ▕█████             ▏ 1.1 GB/3.3 GB  3.1 MB/s  11m50s[K[A[1Gpulling manifest [K
pulling bdbf939b402e:  33% ▕█████             ▏ 1.1 GB/3.3 GB  3.1 MB/s  11m50s[K[A[1Gpulling manifest [K
pulling bdbf939b402e:  33% ▕█████             ▏ 1.1 GB/3.3 GB  3.1 MB/s  11m50s[K[A[1Gpulling manifest [K
pulling bdbf939b402e:  33% ▕█████             ▏ 1.1 GB/3.3 GB  3.1 MB/s  11m50s[K[A[1Gpulling manifest [K
pulling bdbf939b402e:  33% ▕█████             ▏ 1.1 GB/3.3 GB  3.1 MB/s  11m50s[K[A[1Gpulling manifest [K
pulling bdbf939b402e:  33% ▕█████             ▏ 1.1 GB/3.3 GB  3.2 MB/s  11m25s[K[A[1Gpulling manifest [K
pulling bdbf939b402e:  33% ▕█████             ▏ 1.1 GB/3.3 GB  3.2 MB/s  11m24s[K[A[1Gpulling manifest [K
pulling bdbf939b402e:  33% ▕█████             ▏ 1.1 GB/3.3 GB  3.2 MB/s  11m24s[K[A[1Gpulling manifest [K
pulling bdbf939b402e:  33% ▕█████             ▏ 1.1 GB/3.3 GB  3.2 MB/s  11m24s[K[A[1Gpulling manifest [K
pulling bdbf939b402e:  33% ▕█████             ▏ 1.1 GB/3.3 GB  3.2 MB/s  11m24s[K[A[1Gpulling manifest [K
pulling bdbf939b402e:  33% ▕█████             ▏ 1.1 GB/3.3 GB  3.2 MB/s  11m24s[K[A[1Gpulling manifest [K
pulling bdbf939b402e:  33% ▕█████             ▏ 1.1 GB/3.3 GB  3.2 MB/s  11m24s[K[A[1Gpulling manifest [K
pulling bdbf939b402e:  33% ▕█████             ▏ 1.1 GB/3.3 GB  3.2 MB/s  11m24s[K[A[1Gpulling manifest [K
pulling bdbf939b402e:  33% ▕█████             ▏ 1.1 GB/3.3 GB  3.2 MB/s  11m24s[K[A[1Gpulling manifest [K
pulling bdbf939b402e:  33% ▕█████             ▏ 1.1 GB/3.3 GB  3.2 MB/s  11m24s[K[A[1Gpulling manifest [K
pulling bdbf939b402e:  33% ▕█████             ▏ 1.1 GB/3.3 GB  3.4 MB/s  10m57s[K[A[1Gpulling manifest [K
pulling bdbf939b402e:  33% ▕█████             ▏ 1.1 GB/3.3 GB  3.4 MB/s  10m57s[K[A[1Gpulling manifest [K
pulling bdbf939b402e:  33% ▕█████             ▏ 1.1 GB/3.3 GB  3.4 MB/s  10m57s[K[A[1Gpulling manifest [K
pulling bdbf939b402e:  33% ▕█████             ▏ 1.1 GB/3.3 GB  3.4 MB/s  10m56s[K[A[1Gpulling manifest [K
pulling bdbf939b402e:  33% ▕█████             ▏ 1.1 GB/3.3 GB  3.4 MB/s  10m56s[K[A[1Gpulling manifest [K
pulling bdbf939b402e:  33% ▕█████             ▏ 1.1 GB/3.3 GB  3.4 MB/s  10m56s[K[A[1Gpulling manifest [K
pulling bdbf939b402e:  33% ▕█████             ▏ 1.1 GB/3.3 GB  3.4 MB/s  10m56s[K[A[1Gpulling manifest [K
pulling bdbf939b402e:  33% ▕█████             ▏ 1.1 GB/3.3 GB  3.4 MB/s  10m56s[K[A[1Gpulling manifest [K
pulling bdbf939b402e:  33% ▕█████             ▏ 1.1 GB/3.3 GB  3.4 MB/s  10m56s[K[A[1Gpulling manifest [K
pulling bdbf939b402e:  33% ▕█████             ▏ 1.1 GB/3.3 GB  3.4 MB/s  10m56s[K[A[1Gpulling manifest [K
pulling bdbf939b402e:  33% ▕█████             ▏ 1.1 GB/3.3 GB  3.4 MB/s  10m56s[K[A[1Gpulling manifest [K
pulling bdbf939b402e:  33% ▕█████             ▏ 1.1 GB/3.3 GB  3.4 MB/s  10m40s[K[A[1Gpulling manifest [K
pulling bdbf939b402e:  33% ▕█████             ▏ 1.1 GB/3.3 GB  3.4 MB/s  10m40s[K[A[1Gpulling manifest [K
pulling bdbf939b402e:  33% ▕█████             ▏ 1.1 GB/3.3 GB  3.4 MB/s  10m40s[K[A[1Gpulling manifest [K
pulling bdbf939b402e:  33% ▕█████             ▏ 1.1 GB/3.3 GB  3.4 MB/s  10m40s[K[A[1Gpulling manifest [K
pulling bdbf939b402e:  33% ▕█████             ▏ 1.1 GB/3.3 GB  3.4 MB/s  10m40s[K[A[1Gpulling manifest [K
pulling bdbf939b402e:  33% ▕█████             ▏ 1.1 GB/3.3 GB  3.4 MB/s  10m40s[K[A[1Gpulling manifest [K
pulling bdbf939b402e:  33% ▕█████             ▏ 1.1 GB/3.3 GB  3.4 MB/s  10m40s[K[A[1Gpulling manifest [K
pulling bdbf939b402e:  33% ▕█████             ▏ 1.1 GB/3.3 GB  3.4 MB/s  10m40s[K[A[1Gpulling manifest [K
pulling bdbf939b402e:  33% ▕█████             ▏ 1.1 GB/3.3 GB  3.4 MB/s  10m40s[K[A[1Gpulling manifest [K
pulling bdbf939b402e:  33% ▕█████             ▏ 1.1 GB/3.3 GB  3.4 MB/s  10m39s[K[A[1Gpulling manifest [K
pulling bdbf939b402e:  33% ▕█████             ▏ 1.1 GB/3.3 GB  3.5 MB/s  10m23s[K[A[1Gpulling manifest [K
pulling bdbf939b402e:  33% ▕█████             ▏ 1.1 GB/3.3 GB  3.5 MB/s  10m23s[K[A[1Gpulling manifest [K
pulling bdbf939b402e:  33% ▕█████             ▏ 1.1 GB/3.3 GB  3.5 MB/s  10m23s[K[A[1Gpulling manifest [K
pulling bdbf939b402e:  33% ▕█████             ▏ 1.1 GB/3.3 GB  3.5 MB/s  10m22s[K[A[1Gpulling manifest [K
pulling bdbf939b402e:  33% ▕█████             ▏ 1.1 GB/3.3 GB  3.5 MB/s  10m22s[K[A[1Gpulling manifest [K
pulling bdbf939b402e:  33% ▕█████             ▏ 1.1 GB/3.3 GB  3.5 MB/s  10m22s[K[A[1Gpulling manifest [K
pulling bdbf939b402e:  33% ▕█████             ▏ 1.1 GB/3.3 GB  3.5 MB/s  10m22s[K[A[1Gpulling manifest [K
pulling bdbf939b402e:  33% ▕█████             ▏ 1.1 GB/3.3 GB  3.5 MB/s  10m22s[K[A[1Gpulling manifest [K
pulling bdbf939b402e:  33% ▕█████             ▏ 1.1 GB/3.3 GB  3.5 MB/s  10m22s[K[A[1Gpulling manifest [K
pulling bdbf939b402e:  33% ▕█████             ▏ 1.1 GB/3.3 GB  3.5 MB/s  10m22s[K[A[1Gpulling manifest [K
pulling bdbf939b402e:  33% ▕█████             ▏ 1.1 GB/3.3 GB  3.5 MB/s  10m32s[K[A[1Gpulling manifest [K
pulling bdbf939b402e:  33% ▕█████             ▏ 1.1 GB/3.3 GB  3.5 MB/s  10m31s[K[A[1Gpulling manifest [K
pulling bdbf939b402e:  33% ▕█████             ▏ 1.1 GB/3.3 GB  3.5 MB/s  10m31s[K[A[1Gpulling manifest [K
pulling bdbf939b402e:  33% ▕█████             ▏ 1.1 GB/3.3 GB  3.5 MB/s  10m31s[K[A[1Gpulling manifest [K
pulling bdbf939b402e:  33% ▕█████             ▏ 1.1 GB/3.3 GB  3.5 MB/s  10m31s[K[A[1Gpulling manifest [K
pulling bdbf939b402e:  33% ▕█████             ▏ 1.1 GB/3.3 GB  3.5 MB/s  10m31s[K[A[1Gpulling manifest [K
pulling bdbf939b402e:  33% ▕█████             ▏ 1.1 GB/3.3 GB  3.5 MB/s  10m31s[K[A[1Gpulling manifest [K
pulling bdbf939b402e:  33% ▕█████             ▏ 1.1 GB/3.3 GB  3.5 MB/s  10m31s[K[A[1Gpulling manifest [K
pulling bdbf939b402e:  33% ▕█████             ▏ 1.1 GB/3.3 GB  3.5 MB/s  10m31s[K[A[1Gpulling manifest [K
pulling bdbf939b402e:  33% ▕█████             ▏ 1.1 GB/3.3 GB  3.5 MB/s  10m31s[K[A[1Gpulling manifest [K
pulling bdbf939b402e:  33% ▕█████             ▏ 1.1 GB/3.3 GB  3.6 MB/s  10m14s[K[A[1Gpulling manifest [K
pulling bdbf939b402e:  33% ▕█████             ▏ 1.1 GB/3.3 GB  3.6 MB/s  10m14s[K[A[1Gpulling manifest [K
pulling bdbf939b402e:  33% ▕██████            ▏ 1.1 GB/3.3 GB  3.6 MB/s  10m14s[K[A[1Gpulling manifest [K
pulling bdbf939b402e:  33% ▕██████            ▏ 1.1 GB/3.3 GB  3.6 MB/s  10m13s[K[A[1Gpulling manifest [K
pulling bdbf939b402e:  33% ▕██████            ▏ 1.1 GB/3.3 GB  3.6 MB/s  10m13s[K[A[1Gpulling manifest [K
pulling bdbf939b402e:  33% ▕██████            ▏ 1.1 GB/3.3 GB  3.6 MB/s  10m13s[K[A[1Gpulling manifest [K
pulling bdbf939b402e:  33% ▕██████            ▏ 1.1 GB/3.3 GB  3.6 MB/s  10m13s[K[A[1Gpulling manifest [K
pulling bdbf939b402e:  33% ▕██████            ▏ 1.1 GB/3.3 GB  3.6 MB/s  10m13s[K[A[1Gpulling manifest [K
pulling bdbf939b402e:  33% ▕██████            ▏ 1.1 GB/3.3 GB  3.6 MB/s  10m13s[K[A[1Gpulling manifest [K
pulling bdbf939b402e:  33% ▕██████            ▏ 1.1 GB/3.3 GB  3.6 MB/s  10m13s[K[A[1Gpulling manifest [K
pulling bdbf939b402e:  33% ▕██████            ▏ 1.1 GB/3.3 GB  3.6 MB/s   10m9s[K[A[1Gpulling manifest [K
pulling bdbf939b402e:  33% ▕██████            ▏ 1.1 GB/3.3 GB  3.6 MB/s   10m9s[K[A[1Gpulling manifest [K
pulling bdbf939b402e:  33% ▕██████            ▏ 1.1 GB/3.3 GB  3.6 MB/s   10m9s[K[A[1Gpulling manifest [K
pulling bdbf939b402e:  33% ▕██████            ▏ 1.1 GB/3.3 GB  3.6 MB/s   10m9s[K[A[1Gpulling manifest [K
pulling bdbf939b402e:  33% ▕██████            ▏ 1.1 GB/3.3 GB  3.6 MB/s   10m9s[K[A[1Gpulling manifest [K
pulling bdbf939b402e:  33% ▕██████            ▏ 1.1 GB/3.3 GB  3.6 MB/s   10m8s[K[A[1Gpulling manifest [K
pulling bdbf939b402e:  33% ▕██████            ▏ 1.1 GB/3.3 GB  3.6 MB/s   10m8s[K[A[1Gpulling manifest [K
pulling bdbf939b402e:  34% ▕██████            ▏ 1.1 GB/3.3 GB  3.6 MB/s   10m8s[K[A[1Gpulling manifest [K
pulling bdbf939b402e:  34% ▕██████            ▏ 1.1 GB/3.3 GB  3.6 MB/s   10m8s[K[A[1Gpulling manifest [K
pulling bdbf939b402e:  34% ▕██████            ▏ 1.1 GB/3.3 GB  3.6 MB/s   10m8s[K[A[1Gpulling manifest [K
pulling bdbf939b402e:  34% ▕██████            ▏ 1.1 GB/3.3 GB  3.6 MB/s   10m8s[K[A[1Gpulling manifest [K
pulling bdbf939b402e:  34% ▕██████            ▏ 1.1 GB/3.3 GB  3.6 MB/s   10m1s[K[A[1Gpulling manifest [K
pulling bdbf939b402e:  34% ▕██████            ▏ 1.1 GB/3.3 GB  3.6 MB/s   10m1s[K[A[1Gpulling manifest [K
pulling bdbf939b402e:  34% ▕██████            ▏ 1.1 GB/3.3 GB  3.6 MB/s   10m1s[K[A[1Gpulling manifest [K
pulling bdbf939b402e:  34% ▕██████            ▏ 1.1 GB/3.3 GB  3.6 MB/s   10m1s[K[A[1Gpulling manifest [K
pulling bdbf939b402e:  34% ▕██████            ▏ 1.1 GB/3.3 GB  3.6 MB/s   10m1s[K[A[1Gpulling manifest [K
pulling bdbf939b402e:  34% ▕██████            ▏ 1.1 GB/3.3 GB  3.6 MB/s   10m0s[K[A[1Gpulling manifest [K
pulling bdbf939b402e:  34% ▕██████            ▏ 1.1 GB/3.3 GB  3.6 MB/s   10m0s[K[A[1Gpulling manifest [K
pulling bdbf939b402e:  34% ▕██████            ▏ 1.1 GB/3.3 GB  3.6 MB/s   10m0s[K[A[1Gpulling manifest [K
pulling bdbf939b402e:  34% ▕██████            ▏ 1.1 GB/3.3 GB  3.6 MB/s   10m0s[K[A[1Gpulling manifest [K
pulling bdbf939b402e:  34% ▕██████            ▏ 1.1 GB/3.3 GB  3.6 MB/s   10m0s[K[A[1Gpulling manifest [K
pulling bdbf939b402e:  34% ▕██████            ▏ 1.1 GB/3.3 GB  3.6 MB/s   10m4s[K[A[1Gpulling manifest [K
pulling bdbf939b402e:  34% ▕██████            ▏ 1.1 GB/3.3 GB  3.6 MB/s   10m4s[K[A[1Gpulling manifest [K
pulling bdbf939b402e:  34% ▕██████            ▏ 1.1 GB/3.3 GB  3.6 MB/s   10m4s[K[A[1Gpulling manifest [K
pulling bdbf939b402e:  34% ▕██████            ▏ 1.1 GB/3.3 GB  3.6 MB/s   10m4s[K[A[1Gpulling manifest [K
pulling bdbf939b402e:  34% ▕██████            ▏ 1.1 GB/3.3 GB  3.6 MB/s   10m4s[K[A[1Gpulling manifest [K
pulling bdbf939b402e:  34% ▕██████            ▏ 1.1 GB/3.3 GB  3.6 MB/s   10m4s[K[A[1Gpulling manifest [K
pulling bdbf939b402e:  34% ▕██████            ▏ 1.1 GB/3.3 GB  3.6 MB/s   10m3s[K[A[1Gpulling manifest [K
pulling bdbf939b402e:  34% ▕██████            ▏ 1.1 GB/3.3 GB  3.6 MB/s   10m3s[K[A[1Gpulling manifest [K
pulling bdbf939b402e:  34% ▕██████            ▏ 1.1 GB/3.3 GB  3.6 MB/s   10m3s[K[A[1Gpulling manifest [K
pulling bdbf939b402e:  34% ▕██████            ▏ 1.1 GB/3.3 GB  3.6 MB/s   10m3s[K[A[1Gpulling manifest [K
pulling bdbf939b402e:  34% ▕██████            ▏ 1.1 GB/3.3 GB  3.6 MB/s   10m8s[K[A[1Gpulling manifest [K
pulling bdbf939b402e:  34% ▕██████            ▏ 1.1 GB/3.3 GB  3.6 MB/s   10m8s[K[A[1Gpulling manifest [K
pulling bdbf939b402e:  34% ▕██████            ▏ 1.1 GB/3.3 GB  3.6 MB/s   10m8s[K[A[1Gpulling manifest [K
pulling bdbf939b402e:  34% ▕██████            ▏ 1.1 GB/3.3 GB  3.6 MB/s   10m8s[K[A[1Gpulling manifest [K
pulling bdbf939b402e:  34% ▕██████            ▏ 1.1 GB/3.3 GB  3.6 MB/s   10m8s[K[A[1Gpulling manifest [K
pulling bdbf939b402e:  34% ▕██████            ▏ 1.1 GB/3.3 GB  3.6 MB/s   10m8s[K[A[1Gpulling manifest [K
pulling bdbf939b402e:  34% ▕██████            ▏ 1.1 GB/3.3 GB  3.6 MB/s   10m8s[K[A[1Gpulling manifest [K
pulling bdbf939b402e:  34% ▕██████            ▏ 1.1 GB/3.3 GB  3.6 MB/s   10m7s[K[A[1Gpulling manifest [K
pulling bdbf939b402e:  34% ▕██████            ▏ 1.1 GB/3.3 GB  3.6 MB/s   10m7s[K[A[1Gpulling manifest [K
pulling bdbf939b402e:  34% ▕██████            ▏ 1.1 GB/3.3 GB  3.6 MB/s   10m7s[K[A[1Gpulling manifest [K
pulling bdbf939b402e:  34% ▕██████            ▏ 1.1 GB/3.3 GB  3.5 MB/s  10m24s[K[A[1Gpulling manifest [K
pulling bdbf939b402e:  34% ▕██████            ▏ 1.1 GB/3.3 GB  3.5 MB/s  10m24s[K[A[1Gpulling manifest [K
pulling bdbf939b402e:  34% ▕██████            ▏ 1.1 GB/3.3 GB  3.5 MB/s  10m24s[K[A[1Gpulling manifest [K
pulling bdbf939b402e:  34% ▕██████            ▏ 1.1 GB/3.3 GB  3.5 MB/s  10m24s[K[A[1Gpulling manifest [K
pulling bdbf939b402e:  34% ▕██████            ▏ 1.1 GB/3.3 GB  3.5 MB/s  10m24s[K[A[1Gpulling manifest [K
pulling bdbf939b402e:  34% ▕██████            ▏ 1.1 GB/3.3 GB  3.5 MB/s  10m24s[K[A[1Gpulling manifest [K
pulling bdbf939b402e:  34% ▕██████            ▏ 1.1 GB/3.3 GB  3.5 MB/s  10m24s[K[A[1Gpulling manifest [K
pulling bdbf939b402e:  34% ▕██████            ▏ 1.1 GB/3.3 GB  3.5 MB/s  10m24s[K[A[1Gpulling manifest [K
pulling bdbf939b402e:  34% ▕██████            ▏ 1.1 GB/3.3 GB  3.5 MB/s  10m24s[K[A[1Gpulling manifest [K
pulling bdbf939b402e:  34% ▕██████            ▏ 1.1 GB/3.3 GB  3.5 MB/s  10m24s[K[A[1Gpulling manifest [K
pulling bdbf939b402e:  34% ▕██████            ▏ 1.1 GB/3.3 GB  3.4 MB/s  10m44s[K[A[1Gpulling manifest [K
pulling bdbf939b402e:  34% ▕██████            ▏ 1.1 GB/3.3 GB  3.4 MB/s  10m44s[K[A[1Gpulling manifest [K
pulling bdbf939b402e:  34% ▕██████            ▏ 1.1 GB/3.3 GB  3.4 MB/s  10m44s[K[A[1Gpulling manifest [K
pulling bdbf939b402e:  34% ▕██████            ▏ 1.1 GB/3.3 GB  3.4 MB/s  10m44s[K[A[1Gpulling manifest [K
pulling bdbf939b402e:  34% ▕██████            ▏ 1.1 GB/3.3 GB  3.4 MB/s  10m44s[K[A[1Gpulling manifest [K
pulling bdbf939b402e:  34% ▕██████            ▏ 1.1 GB/3.3 GB  3.4 MB/s  10m44s[K[A[1Gpulling manifest [K
pulling bdbf939b402e:  34% ▕██████            ▏ 1.1 GB/3.3 GB  3.4 MB/s  10m44s[K[A[1Gpulling manifest [K
pulling bdbf939b402e:  34% ▕██████            ▏ 1.1 GB/3.3 GB  3.4 MB/s  10m44s[K[A[1Gpulling manifest [K
pulling bdbf939b402e:  34% ▕██████            ▏ 1.1 GB/3.3 GB  3.4 MB/s  10m44s[K[A[1Gpulling manifest [K
pulling bdbf939b402e:  34% ▕██████            ▏ 1.1 GB/3.3 GB  3.4 MB/s  10m43s[K[A[1Gpulling manifest [K
pulling bdbf939b402e:  34% ▕██████            ▏ 1.1 GB/3.3 GB  3.4 MB/s  10m43s[K[A[1Gpulling manifest [K
pulling bdbf939b402e:  34% ▕██████            ▏ 1.1 GB/3.3 GB  3.3 MB/s   11m0s[K[A[1Gpulling manifest [K
pulling bdbf939b402e:  34% ▕██████            ▏ 1.1 GB/3.3 GB  3.3 MB/s   11m0s[K[A[1Gpulling manifest [K
pulling bdbf939b402e:  34% ▕██████            ▏ 1.1 GB/3.3 GB  3.3 MB/s   11m0s[K[A[1Gpulling manifest [K
pulling bdbf939b402e:  34% ▕██████            ▏ 1.1 GB/3.3 GB  3.3 MB/s   11m0s[K[A[1Gpulling manifest [K
pulling bdbf939b402e:  34% ▕██████            ▏ 1.1 GB/3.3 GB  3.3 MB/s   11m0s[K[A[1Gpulling manifest [K
pulling bdbf939b402e:  34% ▕██████            ▏ 1.1 GB/3.3 GB  3.3 MB/s   11m0s[K[A[1Gpulling manifest [K
pulling bdbf939b402e:  34% ▕██████            ▏ 1.1 GB/3.3 GB  3.3 MB/s   11m0s[K[A[1Gpulling manifest [K
pulling bdbf939b402e:  34% ▕██████            ▏ 1.1 GB/3.3 GB  3.3 MB/s   11m0s[K[A[1Gpulling manifest [K
pulling bdbf939b402e:  34% ▕██████            ▏ 1.1 GB/3.3 GB  3.3 MB/s   11m0s[K[A[1Gpulling manifest [K
pulling bdbf939b402e:  34% ▕██████            ▏ 1.1 GB/3.3 GB  3.3 MB/s   11m0s[K[A[1Gpulling manifest [K
pulling bdbf939b402e:  34% ▕██████            ▏ 1.1 GB/3.3 GB  3.3 MB/s   11m8s[K[A[1Gpulling manifest [K
pulling bdbf939b402e:  34% ▕██████            ▏ 1.1 GB/3.3 GB  3.3 MB/s   11m8s[K[A[1Gpulling manifest [K
pulling bdbf939b402e:  34% ▕██████            ▏ 1.1 GB/3.3 GB  3.3 MB/s   11m8s[K[A[1Gpulling manifest [K
pulling bdbf939b402e:  34% ▕██████            ▏ 1.1 GB/3.3 GB  3.3 MB/s   11m8s[K[A[1Gpulling manifest [K
pulling bdbf939b402e:  34% ▕██████            ▏ 1.1 GB/3.3 GB  3.3 MB/s   11m8s[K[A[1Gpulling manifest [K
pulling bdbf939b402e:  34% ▕██████            ▏ 1.1 GB/3.3 GB  3.3 MB/s   11m7s[K[A[1Gpulling manifest [K
pulling bdbf939b402e:  34% ▕██████            ▏ 1.1 GB/3.3 GB  3.3 MB/s   11m7s[K[A[1Gpulling manifest [K
pulling bdbf939b402e:  34% ▕██████            ▏ 1.1 GB/3.3 GB  3.3 MB/s   11m7s[K[A[1Gpulling manifest [K
pulling bdbf939b402e:  34% ▕██████            ▏ 1.1 GB/3.3 GB  3.3 MB/s   11m7s[K[A[1Gpulling manifest [K
pulling bdbf939b402e:  34% ▕██████            ▏ 1.1 GB/3.3 GB  3.3 MB/s   11m7s[K[A[1Gpulling manifest [K
pulling bdbf939b402e:  34% ▕██████            ▏ 1.1 GB/3.3 GB  3.2 MB/s  11m19s[K[A[1Gpulling manifest [K
pulling bdbf939b402e:  34% ▕██████            ▏ 1.1 GB/3.3 GB  3.2 MB/s  11m19s[K[A[1Gpulling manifest [K
pulling bdbf939b402e:  34% ▕██████            ▏ 1.1 GB/3.3 GB  3.2 MB/s  11m19s[K[A[1Gpulling manifest [K
pulling bdbf939b402e:  34% ▕██████            ▏ 1.1 GB/3.3 GB  3.2 MB/s  11m19s[K[A[1Gpulling manifest [K
pulling bdbf939b402e:  34% ▕██████            ▏ 1.1 GB/3.3 GB  3.2 MB/s  11m19s[K[A[1Gpulling manifest [K
pulling bdbf939b402e:  34% ▕██████            ▏ 1.1 GB/3.3 GB  3.2 MB/s  11m19s[K[A[1Gpulling manifest [K
pulling bdbf939b402e:  34% ▕██████            ▏ 1.1 GB/3.3 GB  3.2 MB/s  11m19s[K[A[1Gpulling manifest [K
pulling bdbf939b402e:  34% ▕██████            ▏ 1.1 GB/3.3 GB  3.2 MB/s  11m19s[K[A[1Gpulling manifest [K
pulling bdbf939b402e:  34% ▕██████            ▏ 1.1 GB/3.3 GB  3.2 MB/s  11m19s[K[A[1Gpulling manifest [K
pulling bdbf939b402e:  34% ▕██████            ▏ 1.1 GB/3.3 GB  3.2 MB/s  11m19s[K[A[1Gpulling manifest [K
pulling bdbf939b402e:  34% ▕██████            ▏ 1.1 GB/3.3 GB  3.1 MB/s  11m38s[K[A[1Gpulling manifest [K
pulling bdbf939b402e:  34% ▕██████            ▏ 1.1 GB/3.3 GB  3.1 MB/s  11m38s[K[A[1Gpulling manifest [K
pulling bdbf939b402e:  34% ▕██████            ▏ 1.1 GB/3.3 GB  3.1 MB/s  11m38s[K[A[1Gpulling manifest [K
pulling bdbf939b402e:  34% ▕██████            ▏ 1.1 GB/3.3 GB  3.1 MB/s  11m38s[K[A[1Gpulling manifest [K
pulling bdbf939b402e:  34% ▕██████            ▏ 1.1 GB/3.3 GB  3.1 MB/s  11m38s[K[A[1Gpulling manifest [K
pulling bdbf939b402e:  34% ▕██████            ▏ 1.1 GB/3.3 GB  3.1 MB/s  11m38s[K[A[1Gpulling manifest [K
pulling bdbf939b402e:  34% ▕██████            ▏ 1.1 GB/3.3 GB  3.1 MB/s  11m38s[K[A[1Gpulling manifest [K
pulling bdbf939b402e:  34% ▕██████            ▏ 1.1 GB/3.3 GB  3.1 MB/s  11m38s[K[A[1Gpulling manifest [K
pulling bdbf939b402e:  34% ▕██████            ▏ 1.1 GB/3.3 GB  3.1 MB/s  11m38s[K[A[1Gpulling manifest [K
pulling bdbf939b402e:  34% ▕██████            ▏ 1.1 GB/3.3 GB  3.1 MB/s  11m37s[K[A[1Gpulling manifest [K
pulling bdbf939b402e:  34% ▕██████            ▏ 1.1 GB/3.3 GB  3.0 MB/s  11m57s[K[A[1Gpulling manifest [K
pulling bdbf939b402e:  34% ▕██████            ▏ 1.1 GB/3.3 GB  3.0 MB/s  11m57s[K[A[1Gpulling manifest [K
pulling bdbf939b402e:  34% ▕██████            ▏ 1.1 GB/3.3 GB  3.0 MB/s  11m57s[K[A[1Gpulling manifest [K
pulling bdbf939b402e:  34% ▕██████            ▏ 1.1 GB/3.3 GB  3.0 MB/s  11m57s[K[A[1Gpulling manifest [K
pulling bdbf939b402e:  34% ▕██████            ▏ 1.1 GB/3.3 GB  3.0 MB/s  11m57s[K[A[1Gpulling manifest [K
pulling bdbf939b402e:  34% ▕██████            ▏ 1.1 GB/3.3 GB  3.0 MB/s  11m57s[K[A[1Gpulling manifest [K
pulling bdbf939b402e:  34% ▕██████            ▏ 1.1 GB/3.3 GB  3.0 MB/s  11m57s[K[A[1Gpulling manifest [K
pulling bdbf939b402e:  34% ▕██████            ▏ 1.1 GB/3.3 GB  3.0 MB/s  11m57s[K[A[1Gpulling manifest [K
pulling bdbf939b402e:  34% ▕██████            ▏ 1.1 GB/3.3 GB  3.0 MB/s  11m57s[K[A[1Gpulling manifest [K
pulling bdbf939b402e:  34% ▕██████            ▏ 1.1 GB/3.3 GB  3.0 MB/s  11m57s[K[A[1Gpulling manifest [K
pulling bdbf939b402e:  34% ▕██████            ▏ 1.1 GB/3.3 GB  3.0 MB/s  11m56s[K[A[1Gpulling manifest [K
pulling bdbf939b402e:  34% ▕██████            ▏ 1.1 GB/3.3 GB  2.9 MB/s  12m23s[K[A[1Gpulling manifest [K
pulling bdbf939b402e:  34% ▕██████            ▏ 1.1 GB/3.3 GB  2.9 MB/s  12m23s[K[A[1Gpulling manifest [K
pulling bdbf939b402e:  34% ▕██████            ▏ 1.1 GB/3.3 GB  2.9 MB/s  12m23s[K[A[1Gpulling manifest [K
pulling bdbf939b402e:  34% ▕██████            ▏ 1.1 GB/3.3 GB  2.9 MB/s  12m22s[K[A[1Gpulling manifest [K
pulling bdbf939b402e:  34% ▕██████            ▏ 1.1 GB/3.3 GB  2.9 MB/s  12m22s[K[A[1Gpulling manifest [K
pulling bdbf939b402e:  35% ▕██████            ▏ 1.1 GB/3.3 GB  2.9 MB/s  12m22s[K[A[1Gpulling manifest [K
pulling bdbf939b402e:  35% ▕██████            ▏ 1.1 GB/3.3 GB  2.9 MB/s  12m22s[K[A[1Gpulling manifest [K
pulling bdbf939b402e:  35% ▕██████            ▏ 1.1 GB/3.3 GB  2.9 MB/s  12m22s[K[A[1Gpulling manifest [K
pulling bdbf939b402e:  35% ▕██████            ▏ 1.1 GB/3.3 GB  2.9 MB/s  12m22s[K[A[1Gpulling manifest [K
pulling bdbf939b402e:  35% ▕██████            ▏ 1.1 GB/3.3 GB  2.9 MB/s  12m22s[K[A[1Gpulling manifest [K
pulling bdbf939b402e:  35% ▕██████            ▏ 1.1 GB/3.3 GB  2.9 MB/s  12m33s[K[A[1Gpulling manifest [K
pulling bdbf939b402e:  35% ▕██████            ▏ 1.1 GB/3.3 GB  2.9 MB/s  12m33s[K[A[1Gpulling manifest [K
pulling bdbf939b402e:  35% ▕██████            ▏ 1.1 GB/3.3 GB  2.9 MB/s  12m33s[K[A[1Gpulling manifest [K
pulling bdbf939b402e:  35% ▕██████            ▏ 1.1 GB/3.3 GB  2.9 MB/s  12m33s[K[A[1Gpulling manifest [K
pulling bdbf939b402e:  35% ▕██████            ▏ 1.1 GB/3.3 GB  2.9 MB/s  12m32s[K[A[1Gpulling manifest [K
pulling bdbf939b402e:  35% ▕██████            ▏ 1.1 GB/3.3 GB  2.9 MB/s  12m32s[K[A[1Gpulling manifest [K
pulling bdbf939b402e:  35% ▕██████            ▏ 1.1 GB/3.3 GB  2.9 MB/s  12m32s[K[A[1Gpulling manifest [K
pulling bdbf939b402e:  35% ▕██████            ▏ 1.1 GB/3.3 GB  2.9 MB/s  12m32s[K[A[1Gpulling manifest [K
pulling bdbf939b402e:  35% ▕██████            ▏ 1.1 GB/3.3 GB  2.9 MB/s  12m32s[K[A[1Gpulling manifest [K
pulling bdbf939b402e:  35% ▕██████            ▏ 1.1 GB/3.3 GB  2.9 MB/s  12m32s[K[A[1Gpulling manifest [K
pulling bdbf939b402e:  35% ▕██████            ▏ 1.1 GB/3.3 GB  2.9 MB/s  12m18s[K[A[1Gpulling manifest [K
pulling bdbf939b402e:  35% ▕██████            ▏ 1.1 GB/3.3 GB  2.9 MB/s  12m18s[K[A[1Gpulling manifest [K
pulling bdbf939b402e:  35% ▕██████            ▏ 1.1 GB/3.3 GB  2.9 MB/s  12m18s[K[A[1Gpulling manifest [K
pulling bdbf939b402e:  35% ▕██████            ▏ 1.1 GB/3.3 GB  2.9 MB/s  12m18s[K[A[1Gpulling manifest [K
pulling bdbf939b402e:  35% ▕██████            ▏ 1.1 GB/3.3 GB  2.9 MB/s  12m18s[K[A[1Gpulling manifest [K
pulling bdbf939b402e:  35% ▕██████            ▏ 1.1 GB/3.3 GB  2.9 MB/s  12m18s[K[A[1Gpulling manifest [K
pulling bdbf939b402e:  35% ▕██████            ▏ 1.1 GB/3.3 GB  2.9 MB/s  12m18s[K[A[1Gpulling manifest [K
pulling bdbf939b402e:  35% ▕██████            ▏ 1.1 GB/3.3 GB  2.9 MB/s  12m18s[K[A[1Gpulling manifest [K
pulling bdbf939b402e:  35% ▕██████            ▏ 1.1 GB/3.3 GB  2.9 MB/s  12m18s[K[A[1Gpulling manifest [K
pulling bdbf939b402e:  35% ▕██████            ▏ 1.1 GB/3.3 GB  2.9 MB/s  12m17s[K[A[1Gpulling manifest [K
pulling bdbf939b402e:  35% ▕██████            ▏ 1.1 GB/3.3 GB  3.0 MB/s   12m0s[K[A[1Gpulling manifest [K
pulling bdbf939b402e:  35% ▕██████            ▏ 1.1 GB/3.3 GB  3.0 MB/s   12m0s[K[A[1Gpulling manifest [K
pulling bdbf939b402e:  35% ▕██████            ▏ 1.1 GB/3.3 GB  3.0 MB/s   12m0s[K[A[1Gpulling manifest [K
pulling bdbf939b402e:  35% ▕██████            ▏ 1.1 GB/3.3 GB  3.0 MB/s   12m0s[K[A[1Gpulling manifest [K
pulling bdbf939b402e:  35% ▕██████            ▏ 1.1 GB/3.3 GB  3.0 MB/s   12m0s[K[A[1Gpulling manifest [K
pulling bdbf939b402e:  35% ▕██████            ▏ 1.1 GB/3.3 GB  3.0 MB/s   12m0s[K[A[1Gpulling manifest [K
pulling bdbf939b402e:  35% ▕██████            ▏ 1.1 GB/3.3 GB  3.0 MB/s  11m59s[K[A[1Gpulling manifest [K
pulling bdbf939b402e:  35% ▕██████            ▏ 1.1 GB/3.3 GB  3.0 MB/s  11m59s[K[A[1Gpulling manifest [K
pulling bdbf939b402e:  35% ▕██████            ▏ 1.1 GB/3.3 GB  3.0 MB/s  11m59s[K[A[1Gpulling manifest [K
pulling bdbf939b402e:  35% ▕██████            ▏ 1.1 GB/3.3 GB  3.0 MB/s  11m59s[K[A[1Gpulling manifest [K
pulling bdbf939b402e:  35% ▕██████            ▏ 1.1 GB/3.3 GB  3.0 MB/s  11m47s[K[A[1Gpulling manifest [K
pulling bdbf939b402e:  35% ▕██████            ▏ 1.1 GB/3.3 GB  3.0 MB/s  11m47s[K[A[1Gpulling manifest [K
pulling bdbf939b402e:  35% ▕██████            ▏ 1.1 GB/3.3 GB  3.0 MB/s  11m47s[K[A[1Gpulling manifest [K
pulling bdbf939b402e:  35% ▕██████            ▏ 1.1 GB/3.3 GB  3.0 MB/s  11m47s[K[A[1Gpulling manifest [K
pulling bdbf939b402e:  35% ▕██████            ▏ 1.1 GB/3.3 GB  3.0 MB/s  11m47s[K[A[1Gpulling manifest [K
pulling bdbf939b402e:  35% ▕██████            ▏ 1.2 GB/3.3 GB  3.0 MB/s  11m47s[K[A[1Gpulling manifest [K
pulling bdbf939b402e:  35% ▕██████            ▏ 1.2 GB/3.3 GB  3.0 MB/s  11m47s[K[A[1Gpulling manifest [K
pulling bdbf939b402e:  35% ▕██████            ▏ 1.2 GB/3.3 GB  3.0 MB/s  11m47s[K[A[1Gpulling manifest [K
pulling bdbf939b402e:  35% ▕██████            ▏ 1.2 GB/3.3 GB  3.0 MB/s  11m47s[K[A[1Gpulling manifest [K
pulling bdbf939b402e:  35% ▕██████            ▏ 1.2 GB/3.3 GB  3.0 MB/s  11m46s[K[A[1Gpulling manifest [K
pulling bdbf939b402e:  35% ▕██████            ▏ 1.2 GB/3.3 GB  3.0 MB/s  11m46s[K[A[1Gpulling manifest [K
pulling bdbf939b402e:  35% ▕██████            ▏ 1.2 GB/3.3 GB  3.1 MB/s  11m34s[K[A[1Gpulling manifest [K
pulling bdbf939b402e:  35% ▕██████            ▏ 1.2 GB/3.3 GB  3.1 MB/s  11m34s[K[A[1Gpulling manifest [K
pulling bdbf939b402e:  35% ▕██████            ▏ 1.2 GB/3.3 GB  3.1 MB/s  11m34s[K[A[1Gpulling manifest [K
pulling bdbf939b402e:  35% ▕██████            ▏ 1.2 GB/3.3 GB  3.1 MB/s  11m34s[K[A[1Gpulling manifest [K
pulling bdbf939b402e:  35% ▕██████            ▏ 1.2 GB/3.3 GB  3.1 MB/s  11m34s[K[A[1Gpulling manifest [K
pulling bdbf939b402e:  35% ▕██████            ▏ 1.2 GB/3.3 GB  3.1 MB/s  11m34s[K[A[1Gpulling manifest [K
pulling bdbf939b402e:  35% ▕██████            ▏ 1.2 GB/3.3 GB  3.1 MB/s  11m33s[K[A[1Gpulling manifest [K
pulling bdbf939b402e:  35% ▕██████            ▏ 1.2 GB/3.3 GB  3.1 MB/s  11m33s[K[A[1Gpulling manifest [K
pulling bdbf939b402e:  35% ▕██████            ▏ 1.2 GB/3.3 GB  3.1 MB/s  11m33s[K[A[1Gpulling manifest [K
pulling bdbf939b402e:  35% ▕██████            ▏ 1.2 GB/3.3 GB  3.1 MB/s  11m33s[K[A[1Gpulling manifest [K
pulling bdbf939b402e:  35% ▕██████            ▏ 1.2 GB/3.3 GB  3.1 MB/s  11m32s[K[A[1Gpulling manifest [K
pulling bdbf939b402e:  35% ▕██████            ▏ 1.2 GB/3.3 GB  3.1 MB/s  11m32s[K[A[1Gpulling manifest [K
pulling bdbf939b402e:  35% ▕██████            ▏ 1.2 GB/3.3 GB  3.1 MB/s  11m32s[K[A[1Gpulling manifest [K
pulling bdbf939b402e:  35% ▕██████            ▏ 1.2 GB/3.3 GB  3.1 MB/s  11m32s[K[A[1Gpulling manifest [K
pulling bdbf939b402e:  35% ▕██████            ▏ 1.2 GB/3.3 GB  3.1 MB/s  11m31s[K[A[1Gpulling manifest [K
pulling bdbf939b402e:  35% ▕██████            ▏ 1.2 GB/3.3 GB  3.1 MB/s  11m31s[K[A[1Gpulling manifest [K
pulling bdbf939b402e:  35% ▕██████            ▏ 1.2 GB/3.3 GB  3.1 MB/s  11m31s[K[A[1Gpulling manifest [K
pulling bdbf939b402e:  35% ▕██████            ▏ 1.2 GB/3.3 GB  3.1 MB/s  11m31s[K[A[1Gpulling manifest [K
pulling bdbf939b402e:  35% ▕██████            ▏ 1.2 GB/3.3 GB  3.1 MB/s  11m31s[K[A[1Gpulling manifest [K
pulling bdbf939b402e:  35% ▕██████            ▏ 1.2 GB/3.3 GB  3.1 MB/s  11m31s[K[A[1Gpulling manifest [K
pulling bdbf939b402e:  35% ▕██████            ▏ 1.2 GB/3.3 GB  3.1 MB/s  11m22s[K[A[1Gpulling manifest [K
pulling bdbf939b402e:  35% ▕██████            ▏ 1.2 GB/3.3 GB  3.1 MB/s  11m22s[K[A[1Gpulling manifest [K
pulling bdbf939b402e:  35% ▕██████            ▏ 1.2 GB/3.3 GB  3.1 MB/s  11m21s[K[A[1Gpulling manifest [K
pulling bdbf939b402e:  35% ▕██████            ▏ 1.2 GB/3.3 GB  3.1 MB/s  11m21s[K[A[1Gpulling manifest [K
pulling bdbf939b402e:  35% ▕██████            ▏ 1.2 GB/3.3 GB  3.1 MB/s  11m21s[K[A[1Gpulling manifest [K
pulling bdbf939b402e:  35% ▕██████            ▏ 1.2 GB/3.3 GB  3.1 MB/s  11m21s[K[A[1Gpulling manifest [K
pulling bdbf939b402e:  35% ▕██████            ▏ 1.2 GB/3.3 GB  3.1 MB/s  11m21s[K[A[1Gpulling manifest [K
pulling bdbf939b402e:  35% ▕██████            ▏ 1.2 GB/3.3 GB  3.1 MB/s  11m21s[K[A[1Gpulling manifest [K
pulling bdbf939b402e:  35% ▕██████            ▏ 1.2 GB/3.3 GB  3.1 MB/s  11m21s[K[A[1Gpulling manifest [K
pulling bdbf939b402e:  35% ▕██████            ▏ 1.2 GB/3.3 GB  3.1 MB/s  11m21s[K[A[1Gpulling manifest [K
pulling bdbf939b402e:  35% ▕██████            ▏ 1.2 GB/3.3 GB  3.1 MB/s  11m21s[K[A[1Gpulling manifest [K
pulling bdbf939b402e:  35% ▕██████            ▏ 1.2 GB/3.3 GB  3.1 MB/s  11m21s[K[A[1Gpulling manifest [K
pulling bdbf939b402e:  35% ▕██████            ▏ 1.2 GB/3.3 GB  3.1 MB/s  11m21s[K[A[1Gpulling manifest [K
pulling bdbf939b402e:  35% ▕██████            ▏ 1.2 GB/3.3 GB  3.1 MB/s  11m21s[K[A[1Gpulling manifest [K
pulling bdbf939b402e:  35% ▕██████            ▏ 1.2 GB/3.3 GB  3.1 MB/s  11m21s[K[A[1Gpulling manifest [K
pulling bdbf939b402e:  35% ▕██████            ▏ 1.2 GB/3.3 GB  3.1 MB/s  11m21s[K[A[1Gpulling manifest [K
pulling bdbf939b402e:  35% ▕██████            ▏ 1.2 GB/3.3 GB  3.1 MB/s  11m21s[K[A[1Gpulling manifest [K
pulling bdbf939b402e:  35% ▕██████            ▏ 1.2 GB/3.3 GB  3.1 MB/s  11m20s[K[A[1Gpulling manifest [K
pulling bdbf939b402e:  35% ▕██████            ▏ 1.2 GB/3.3 GB  3.1 MB/s  11m20s[K[A[1Gpulling manifest [K
pulling bdbf939b402e:  35% ▕██████            ▏ 1.2 GB/3.3 GB  3.1 MB/s  11m20s[K[A[1Gpulling manifest [K
pulling bdbf939b402e:  35% ▕██████            ▏ 1.2 GB/3.3 GB  3.2 MB/s   11m1s[K[A[1Gpulling manifest [K
pulling bdbf939b402e:  35% ▕██████            ▏ 1.2 GB/3.3 GB  3.2 MB/s   11m1s[K[A[1Gpulling manifest [K
pulling bdbf939b402e:  35% ▕██████            ▏ 1.2 GB/3.3 GB  3.2 MB/s   11m1s[K[A[1Gpulling manifest [K
pulling bdbf939b402e:  35% ▕██████            ▏ 1.2 GB/3.3 GB  3.2 MB/s   11m0s[K[A[1Gpulling manifest [K
pulling bdbf939b402e:  35% ▕██████            ▏ 1.2 GB/3.3 GB  3.2 MB/s   11m0s[K[A[1Gpulling manifest [K
pulling bdbf939b402e:  35% ▕██████            ▏ 1.2 GB/3.3 GB  3.2 MB/s   11m0s[K[A[1Gpulling manifest [K
pulling bdbf939b402e:  35% ▕██████            ▏ 1.2 GB/3.3 GB  3.2 MB/s   11m0s[K[A[1Gpulling manifest [K
pulling bdbf939b402e:  35% ▕██████            ▏ 1.2 GB/3.3 GB  3.2 MB/s   11m0s[K[A[1Gpulling manifest [K
pulling bdbf939b402e:  35% ▕██████            ▏ 1.2 GB/3.3 GB  3.2 MB/s   11m0s[K[A[1Gpulling manifest [K
pulling bdbf939b402e:  35% ▕██████            ▏ 1.2 GB/3.3 GB  3.2 MB/s   11m0s[K[A[1Gpulling manifest [K
pulling bdbf939b402e:  35% ▕██████            ▏ 1.2 GB/3.3 GB  3.2 MB/s   11m0s[K[A[1Gpulling manifest [K
pulling bdbf939b402e:  35% ▕██████            ▏ 1.2 GB/3.3 GB  3.3 MB/s  10m45s[K[A[1Gpulling manifest [K
pulling bdbf939b402e:  35% ▕██████            ▏ 1.2 GB/3.3 GB  3.3 MB/s  10m44s[K[A[1Gpulling manifest [K
pulling bdbf939b402e:  35% ▕██████            ▏ 1.2 GB/3.3 GB  3.3 MB/s  10m44s[K[A[1Gpulling manifest [K
pulling bdbf939b402e:  35% ▕██████            ▏ 1.2 GB/3.3 GB  3.3 MB/s  10m44s[K[A[1Gpulling manifest [K
pulling bdbf939b402e:  35% ▕██████            ▏ 1.2 GB/3.3 GB  3.3 MB/s  10m44s[K[A[1Gpulling manifest [K
pulling bdbf939b402e:  35% ▕██████            ▏ 1.2 GB/3.3 GB  3.3 MB/s  10m44s[K[A[1Gpulling manifest [K
pulling bdbf939b402e:  35% ▕██████            ▏ 1.2 GB/3.3 GB  3.3 MB/s  10m44s[K[A[1Gpulling manifest [K
pulling bdbf939b402e:  36% ▕██████            ▏ 1.2 GB/3.3 GB  3.3 MB/s  10m44s[K[A[1Gpulling manifest [K
pulling bdbf939b402e:  36% ▕██████            ▏ 1.2 GB/3.3 GB  3.3 MB/s  10m44s[K[A[1Gpulling manifest [K
pulling bdbf939b402e:  36% ▕██████            ▏ 1.2 GB/3.3 GB  3.3 MB/s  10m44s[K[A[1Gpulling manifest [K
pulling bdbf939b402e:  36% ▕██████            ▏ 1.2 GB/3.3 GB  3.3 MB/s  10m44s[K[A[1Gpulling manifest [K
pulling bdbf939b402e:  36% ▕██████            ▏ 1.2 GB/3.3 GB  3.3 MB/s  10m44s[K[A[1Gpulling manifest [K
pulling bdbf939b402e:  36% ▕██████            ▏ 1.2 GB/3.3 GB  3.3 MB/s  10m44s[K[A[1Gpulling manifest [K
pulling bdbf939b402e:  36% ▕██████            ▏ 1.2 GB/3.3 GB  3.3 MB/s  10m44s[K[A[1Gpulling manifest [K
pulling bdbf939b402e:  36% ▕██████            ▏ 1.2 GB/3.3 GB  3.3 MB/s  10m43s[K[A[1Gpulling manifest [K
pulling bdbf939b402e:  36% ▕██████            ▏ 1.2 GB/3.3 GB  3.3 MB/s  10m43s[K[A[1Gpulling manifest [K
pulling bdbf939b402e:  36% ▕██████            ▏ 1.2 GB/3.3 GB  3.3 MB/s  10m43s[K[A[1Gpulling manifest [K
pulling bdbf939b402e:  36% ▕██████            ▏ 1.2 GB/3.3 GB  3.3 MB/s  10m43s[K[A[1Gpulling manifest [K
pulling bdbf939b402e:  36% ▕██████            ▏ 1.2 GB/3.3 GB  3.3 MB/s  10m43s[K[A[1Gpulling manifest [K
pulling bdbf939b402e:  36% ▕██████            ▏ 1.2 GB/3.3 GB  3.3 MB/s  10m43s[K[A[1Gpulling manifest [K
pulling bdbf939b402e:  36% ▕██████            ▏ 1.2 GB/3.3 GB  3.3 MB/s  10m45s[K[A[1Gpulling manifest [K
pulling bdbf939b402e:  36% ▕██████            ▏ 1.2 GB/3.3 GB  3.3 MB/s  10m45s[K[A[1Gpulling manifest [K
pulling bdbf939b402e:  36% ▕██████            ▏ 1.2 GB/3.3 GB  3.3 MB/s  10m45s[K[A[1Gpulling manifest [K
pulling bdbf939b402e:  36% ▕██████            ▏ 1.2 GB/3.3 GB  3.3 MB/s  10m45s[K[A[1Gpulling manifest [K
pulling bdbf939b402e:  36% ▕██████            ▏ 1.2 GB/3.3 GB  3.3 MB/s  10m45s[K[A[1Gpulling manifest [K
pulling bdbf939b402e:  36% ▕██████            ▏ 1.2 GB/3.3 GB  3.3 MB/s  10m45s[K[A[1Gpulling manifest [K
pulling bdbf939b402e:  36% ▕██████            ▏ 1.2 GB/3.3 GB  3.3 MB/s  10m45s[K[A[1Gpulling manifest [K
pulling bdbf939b402e:  36% ▕██████            ▏ 1.2 GB/3.3 GB  3.3 MB/s  10m45s[K[A[1Gpulling manifest [K
pulling bdbf939b402e:  36% ▕██████            ▏ 1.2 GB/3.3 GB  3.3 MB/s  10m45s[K[A[1Gpulling manifest [K
pulling bdbf939b402e:  36% ▕██████            ▏ 1.2 GB/3.3 GB  3.3 MB/s  10m45s[K[A[1Gpulling manifest [K
pulling bdbf939b402e:  36% ▕██████            ▏ 1.2 GB/3.3 GB  3.2 MB/s   11m1s[K[A[1Gpulling manifest [K
pulling bdbf939b402e:  36% ▕██████            ▏ 1.2 GB/3.3 GB  3.2 MB/s   11m1s[K[A[1Gpulling manifest [K
pulling bdbf939b402e:  36% ▕██████            ▏ 1.2 GB/3.3 GB  3.2 MB/s   11m1s[K[A[1Gpulling manifest [K
pulling bdbf939b402e:  36% ▕██████            ▏ 1.2 GB/3.3 GB  3.2 MB/s   11m1s[K[A[1Gpulling manifest [K
pulling bdbf939b402e:  36% ▕██████            ▏ 1.2 GB/3.3 GB  3.2 MB/s   11m1s[K[A[1Gpulling manifest [K
pulling bdbf939b402e:  36% ▕██████            ▏ 1.2 GB/3.3 GB  3.2 MB/s   11m1s[K[A[1Gpulling manifest [K
pulling bdbf939b402e:  36% ▕██████            ▏ 1.2 GB/3.3 GB  3.2 MB/s   11m1s[K[A[1Gpulling manifest [K
pulling bdbf939b402e:  36% ▕██████            ▏ 1.2 GB/3.3 GB  3.2 MB/s   11m1s[K[A[1Gpulling manifest [K
pulling bdbf939b402e:  36% ▕██████            ▏ 1.2 GB/3.3 GB  3.2 MB/s   11m1s[K[A[1Gpulling manifest [K
pulling bdbf939b402e:  36% ▕██████            ▏ 1.2 GB/3.3 GB  3.2 MB/s   11m0s[K[A[1Gpulling manifest [K
pulling bdbf939b402e:  36% ▕██████            ▏ 1.2 GB/3.3 GB  3.1 MB/s  11m13s[K[A[1Gpulling manifest [K
pulling bdbf939b402e:  36% ▕██████            ▏ 1.2 GB/3.3 GB  3.1 MB/s  11m13s[K[A[1Gpulling manifest [K
pulling bdbf939b402e:  36% ▕██████            ▏ 1.2 GB/3.3 GB  3.1 MB/s  11m13s[K[A[1Gpulling manifest [K
pulling bdbf939b402e:  36% ▕██████            ▏ 1.2 GB/3.3 GB  3.1 MB/s  11m13s[K[A[1Gpulling manifest [K
pulling bdbf939b402e:  36% ▕██████            ▏ 1.2 GB/3.3 GB  3.1 MB/s  11m13s[K[A[1Gpulling manifest [K
pulling bdbf939b402e:  36% ▕██████            ▏ 1.2 GB/3.3 GB  3.1 MB/s  11m13s[K[A[1Gpulling manifest [K
pulling bdbf939b402e:  36% ▕██████            ▏ 1.2 GB/3.3 GB  3.1 MB/s  11m13s[K[A[1Gpulling manifest [K
pulling bdbf939b402e:  36% ▕██████            ▏ 1.2 GB/3.3 GB  3.1 MB/s  11m13s[K[A[1Gpulling manifest [K
pulling bdbf939b402e:  36% ▕██████            ▏ 1.2 GB/3.3 GB  3.1 MB/s  11m13s[K[A[1Gpulling manifest [K
pulling bdbf939b402e:  36% ▕██████            ▏ 1.2 GB/3.3 GB  3.1 MB/s  11m12s[K[A[1Gpulling manifest [K
pulling bdbf939b402e:  36% ▕██████            ▏ 1.2 GB/3.3 GB  3.1 MB/s  11m12s[K[A[1Gpulling manifest [K
pulling bdbf939b402e:  36% ▕██████            ▏ 1.2 GB/3.3 GB  3.1 MB/s  11m12s[K[A[1Gpulling manifest [K
pulling bdbf939b402e:  36% ▕██████            ▏ 1.2 GB/3.3 GB  3.1 MB/s  11m12s[K[A[1Gpulling manifest [K
pulling bdbf939b402e:  36% ▕██████            ▏ 1.2 GB/3.3 GB  3.1 MB/s  11m12s[K[A[1Gpulling manifest [K
pulling bdbf939b402e:  36% ▕██████            ▏ 1.2 GB/3.3 GB  3.1 MB/s  11m12s[K[A[1Gpulling manifest [K
pulling bdbf939b402e:  36% ▕██████            ▏ 1.2 GB/3.3 GB  3.1 MB/s  11m12s[K[A[1Gpulling manifest [K
pulling bdbf939b402e:  36% ▕██████            ▏ 1.2 GB/3.3 GB  3.1 MB/s  11m11s[K[A[1Gpulling manifest [K
pulling bdbf939b402e:  36% ▕██████            ▏ 1.2 GB/3.3 GB  3.1 MB/s  11m11s[K[A[1Gpulling manifest [K
pulling bdbf939b402e:  36% ▕██████            ▏ 1.2 GB/3.3 GB  3.1 MB/s  11m11s[K[A[1Gpulling manifest [K
pulling bdbf939b402e:  36% ▕██████            ▏ 1.2 GB/3.3 GB  3.1 MB/s  11m11s[K[A[1Gpulling manifest [K
pulling bdbf939b402e:  36% ▕██████            ▏ 1.2 GB/3.3 GB  3.1 MB/s  11m11s[K[A[1Gpulling manifest [K
pulling bdbf939b402e:  36% ▕██████            ▏ 1.2 GB/3.3 GB  3.2 MB/s   11m9s[K[A[1Gpulling manifest [K
pulling bdbf939b402e:  36% ▕██████            ▏ 1.2 GB/3.3 GB  3.2 MB/s   11m9s[K[A[1Gpulling manifest [K
pulling bdbf939b402e:  36% ▕██████            ▏ 1.2 GB/3.3 GB  3.2 MB/s   11m9s[K[A[1Gpulling manifest [K
pulling bdbf939b402e:  36% ▕██████            ▏ 1.2 GB/3.3 GB  3.2 MB/s   11m9s[K[A[1Gpulling manifest [K
pulling bdbf939b402e:  36% ▕██████            ▏ 1.2 GB/3.3 GB  3.2 MB/s   11m9s[K[A[1Gpulling manifest [K
pulling bdbf939b402e:  36% ▕██████            ▏ 1.2 GB/3.3 GB  3.2 MB/s   11m9s[K[A[1Gpulling manifest [K
pulling bdbf939b402e:  36% ▕██████            ▏ 1.2 GB/3.3 GB  3.2 MB/s   11m8s[K[A[1Gpulling manifest [K
pulling bdbf939b402e:  36% ▕██████            ▏ 1.2 GB/3.3 GB  3.2 MB/s   11m8s[K[A[1Gpulling manifest [K
pulling bdbf939b402e:  36% ▕██████            ▏ 1.2 GB/3.3 GB  3.2 MB/s   11m8s[K[A[1Gpulling manifest [K
pulling bdbf939b402e:  36% ▕██████            ▏ 1.2 GB/3.3 GB  3.2 MB/s   11m8s[K[A[1Gpulling manifest [K
pulling bdbf939b402e:  36% ▕██████            ▏ 1.2 GB/3.3 GB  3.2 MB/s   11m4s[K[A[1Gpulling manifest [K
pulling bdbf939b402e:  36% ▕██████            ▏ 1.2 GB/3.3 GB  3.2 MB/s   11m3s[K[A[1Gpulling manifest [K
pulling bdbf939b402e:  36% ▕██████            ▏ 1.2 GB/3.3 GB  3.2 MB/s   11m3s[K[A[1Gpulling manifest [K
pulling bdbf939b402e:  36% ▕██████            ▏ 1.2 GB/3.3 GB  3.2 MB/s   11m3s[K[A[1Gpulling manifest [K
pulling bdbf939b402e:  36% ▕██████            ▏ 1.2 GB/3.3 GB  3.2 MB/s   11m3s[K[A[1Gpulling manifest [K
pulling bdbf939b402e:  36% ▕██████            ▏ 1.2 GB/3.3 GB  3.2 MB/s   11m3s[K[A[1Gpulling manifest [K
pulling bdbf939b402e:  36% ▕██████            ▏ 1.2 GB/3.3 GB  3.2 MB/s   11m3s[K[A[1Gpulling manifest [K
pulling bdbf939b402e:  36% ▕██████            ▏ 1.2 GB/3.3 GB  3.2 MB/s   11m3s[K[A[1Gpulling manifest [K
pulling bdbf939b402e:  36% ▕██████            ▏ 1.2 GB/3.3 GB  3.2 MB/s   11m3s[K[A[1Gpulling manifest [K
pulling bdbf939b402e:  36% ▕██████            ▏ 1.2 GB/3.3 GB  3.2 MB/s   11m3s[K[A[1Gpulling manifest [K
pulling bdbf939b402e:  36% ▕██████            ▏ 1.2 GB/3.3 GB  3.1 MB/s  11m17s[K[A[1Gpulling manifest [K
pulling bdbf939b402e:  36% ▕██████            ▏ 1.2 GB/3.3 GB  3.1 MB/s  11m17s[K[A[1Gpulling manifest [K
pulling bdbf939b402e:  36% ▕██████            ▏ 1.2 GB/3.3 GB  3.1 MB/s  11m17s[K[A[1Gpulling manifest [K
pulling bdbf939b402e:  36% ▕██████            ▏ 1.2 GB/3.3 GB  3.1 MB/s  11m17s[K[A[1Gpulling manifest [K
pulling bdbf939b402e:  36% ▕██████            ▏ 1.2 GB/3.3 GB  3.1 MB/s  11m17s[K[A[1Gpulling manifest [K
pulling bdbf939b402e:  36% ▕██████            ▏ 1.2 GB/3.3 GB  3.1 MB/s  11m17s[K[A[1Gpulling manifest [K
pulling bdbf939b402e:  36% ▕██████            ▏ 1.2 GB/3.3 GB  3.1 MB/s  11m17s[K[A[1Gpulling manifest [K
pulling bdbf939b402e:  36% ▕██████            ▏ 1.2 GB/3.3 GB  3.1 MB/s  11m16s[K[A[1Gpulling manifest [K
pulling bdbf939b402e:  36% ▕██████            ▏ 1.2 GB/3.3 GB  3.1 MB/s  11m16s[K[A[1Gpulling manifest [K
pulling bdbf939b402e:  36% ▕██████            ▏ 1.2 GB/3.3 GB  3.1 MB/s  11m16s[K[A[1Gpulling manifest [K
pulling bdbf939b402e:  36% ▕██████            ▏ 1.2 GB/3.3 GB  3.1 MB/s  11m14s[K[A[1Gpulling manifest [K
pulling bdbf939b402e:  36% ▕██████            ▏ 1.2 GB/3.3 GB  3.1 MB/s  11m14s[K[A[1Gpulling manifest [K
pulling bdbf939b402e:  36% ▕██████            ▏ 1.2 GB/3.3 GB  3.1 MB/s  11m14s[K[A[1Gpulling manifest [K
pulling bdbf939b402e:  36% ▕██████            ▏ 1.2 GB/3.3 GB  3.1 MB/s  11m14s[K[A[1Gpulling manifest [K
pulling bdbf939b402e:  36% ▕██████            ▏ 1.2 GB/3.3 GB  3.1 MB/s  11m14s[K[A[1Gpulling manifest [K
pulling bdbf939b402e:  36% ▕██████            ▏ 1.2 GB/3.3 GB  3.1 MB/s  11m14s[K[A[1Gpulling manifest [K
pulling bdbf939b402e:  36% ▕██████            ▏ 1.2 GB/3.3 GB  3.1 MB/s  11m13s[K[A[1Gpulling manifest [K
pulling bdbf939b402e:  36% ▕██████            ▏ 1.2 GB/3.3 GB  3.1 MB/s  11m13s[K[A[1Gpulling manifest [K
pulling bdbf939b402e:  36% ▕██████            ▏ 1.2 GB/3.3 GB  3.1 MB/s  11m13s[K[A[1Gpulling manifest [K
pulling bdbf939b402e:  36% ▕██████            ▏ 1.2 GB/3.3 GB  3.1 MB/s  11m13s[K[A[1Gpulling manifest [K
pulling bdbf939b402e:  36% ▕██████            ▏ 1.2 GB/3.3 GB  3.1 MB/s  11m13s[K[A[1Gpulling manifest [K
pulling bdbf939b402e:  36% ▕██████            ▏ 1.2 GB/3.3 GB  3.2 MB/s  10m50s[K[A[1Gpulling manifest [K
pulling bdbf939b402e:  36% ▕██████            ▏ 1.2 GB/3.3 GB  3.2 MB/s  10m50s[K[A[1Gpulling manifest [K
pulling bdbf939b402e:  36% ▕██████            ▏ 1.2 GB/3.3 GB  3.2 MB/s  10m50s[K[A[1Gpulling manifest [K
pulling bdbf939b402e:  36% ▕██████            ▏ 1.2 GB/3.3 GB  3.2 MB/s  10m50s[K[A[1Gpulling manifest [K
pulling bdbf939b402e:  36% ▕██████            ▏ 1.2 GB/3.3 GB  3.2 MB/s  10m50s[K[A[1Gpulling manifest [K
pulling bdbf939b402e:  36% ▕██████            ▏ 1.2 GB/3.3 GB  3.2 MB/s  10m50s[K[A[1Gpulling manifest [K
pulling bdbf939b402e:  36% ▕██████            ▏ 1.2 GB/3.3 GB  3.2 MB/s  10m50s[K[A[1Gpulling manifest [K
pulling bdbf939b402e:  36% ▕██████            ▏ 1.2 GB/3.3 GB  3.2 MB/s  10m50s[K[A[1Gpulling manifest [K
pulling bdbf939b402e:  36% ▕██████            ▏ 1.2 GB/3.3 GB  3.2 MB/s  10m50s[K[A[1Gpulling manifest [K
pulling bdbf939b402e:  36% ▕██████            ▏ 1.2 GB/3.3 GB  3.2 MB/s  10m50s[K[A[1Gpulling manifest [K
pulling bdbf939b402e:  36% ▕██████            ▏ 1.2 GB/3.3 GB  3.2 MB/s   11m0s[K[A[1Gpulling manifest [K
pulling bdbf939b402e:  36% ▕██████            ▏ 1.2 GB/3.3 GB  3.2 MB/s   11m0s[K[A[1Gpulling manifest [K
pulling bdbf939b402e:  37% ▕██████            ▏ 1.2 GB/3.3 GB  3.2 MB/s   11m0s[K[A[1Gpulling manifest [K
pulling bdbf939b402e:  37% ▕██████            ▏ 1.2 GB/3.3 GB  3.2 MB/s   11m0s[K[A[1Gpulling manifest [K
pulling bdbf939b402e:  37% ▕██████            ▏ 1.2 GB/3.3 GB  3.2 MB/s   11m0s[K[A[1Gpulling manifest [K
pulling bdbf939b402e:  37% ▕██████            ▏ 1.2 GB/3.3 GB  3.2 MB/s   11m0s[K[A[1Gpulling manifest [K
pulling bdbf939b402e:  37% ▕██████            ▏ 1.2 GB/3.3 GB  3.2 MB/s   11m0s[K[A[1Gpulling manifest [K
pulling bdbf939b402e:  37% ▕██████            ▏ 1.2 GB/3.3 GB  3.2 MB/s  10m59s[K[A[1Gpulling manifest [K
pulling bdbf939b402e:  37% ▕██████            ▏ 1.2 GB/3.3 GB  3.2 MB/s  10m59s[K[A[1Gpulling manifest [K
pulling bdbf939b402e:  37% ▕██████            ▏ 1.2 GB/3.3 GB  3.2 MB/s  10m59s[K[A[1Gpulling manifest [K
pulling bdbf939b402e:  37% ▕██████            ▏ 1.2 GB/3.3 GB  3.3 MB/s  10m31s[K[A[1Gpulling manifest [K
pulling bdbf939b402e:  37% ▕██████            ▏ 1.2 GB/3.3 GB  3.3 MB/s  10m30s[K[A[1Gpulling manifest [K
pulling bdbf939b402e:  37% ▕██████            ▏ 1.2 GB/3.3 GB  3.3 MB/s  10m30s[K[A[1Gpulling manifest [K
pulling bdbf939b402e:  37% ▕██████            ▏ 1.2 GB/3.3 GB  3.3 MB/s  10m30s[K[A[1Gpulling manifest [K
pulling bdbf939b402e:  37% ▕██████            ▏ 1.2 GB/3.3 GB  3.3 MB/s  10m30s[K[A[1Gpulling manifest [K
pulling bdbf939b402e:  37% ▕██████            ▏ 1.2 GB/3.3 GB  3.3 MB/s  10m30s[K[A[1Gpulling manifest [K
pulling bdbf939b402e:  37% ▕██████            ▏ 1.2 GB/3.3 GB  3.3 MB/s  10m30s[K[A[1Gpulling manifest [K
pulling bdbf939b402e:  37% ▕██████            ▏ 1.2 GB/3.3 GB  3.3 MB/s  10m30s[K[A[1Gpulling manifest [K
pulling bdbf939b402e:  37% ▕██████            ▏ 1.2 GB/3.3 GB  3.3 MB/s  10m30s[K[A[1Gpulling manifest [K
pulling bdbf939b402e:  37% ▕██████            ▏ 1.2 GB/3.3 GB  3.3 MB/s  10m30s[K[A[1Gpulling manifest [K
pulling bdbf939b402e:  37% ▕██████            ▏ 1.2 GB/3.3 GB  3.4 MB/s  10m15s[K[A[1Gpulling manifest [K
pulling bdbf939b402e:  37% ▕██████            ▏ 1.2 GB/3.3 GB  3.4 MB/s  10m15s[K[A[1Gpulling manifest [K
pulling bdbf939b402e:  37% ▕██████            ▏ 1.2 GB/3.3 GB  3.4 MB/s  10m15s[K[A[1Gpulling manifest [K
pulling bdbf939b402e:  37% ▕██████            ▏ 1.2 GB/3.3 GB  3.4 MB/s  10m15s[K[A[1Gpulling manifest [K
pulling bdbf939b402e:  37% ▕██████            ▏ 1.2 GB/3.3 GB  3.4 MB/s  10m15s[K[A[1Gpulling manifest [K
pulling bdbf939b402e:  37% ▕██████            ▏ 1.2 GB/3.3 GB  3.4 MB/s  10m15s[K[A[1Gpulling manifest [K
pulling bdbf939b402e:  37% ▕██████            ▏ 1.2 GB/3.3 GB  3.4 MB/s  10m15s[K[A[1Gpulling manifest [K
pulling bdbf939b402e:  37% ▕██████            ▏ 1.2 GB/3.3 GB  3.4 MB/s  10m15s[K[A[1Gpulling manifest [K
pulling bdbf939b402e:  37% ▕██████            ▏ 1.2 GB/3.3 GB  3.4 MB/s  10m15s[K[A[1Gpulling manifest [K
pulling bdbf939b402e:  37% ▕██████            ▏ 1.2 GB/3.3 GB  3.4 MB/s  10m15s[K[A[1Gpulling manifest [K
pulling bdbf939b402e:  37% ▕██████            ▏ 1.2 GB/3.3 GB  3.3 MB/s  10m26s[K[A[1Gpulling manifest [K
pulling bdbf939b402e:  37% ▕██████            ▏ 1.2 GB/3.3 GB  3.3 MB/s  10m26s[K[A[1Gpulling manifest [K
pulling bdbf939b402e:  37% ▕██████            ▏ 1.2 GB/3.3 GB  3.3 MB/s  10m26s[K[A[1Gpulling manifest [K
pulling bdbf939b402e:  37% ▕██████            ▏ 1.2 GB/3.3 GB  3.3 MB/s  10m26s[K[A[1Gpulling manifest [K
pulling bdbf939b402e:  37% ▕██████            ▏ 1.2 GB/3.3 GB  3.3 MB/s  10m26s[K[A[1Gpulling manifest [K
pulling bdbf939b402e:  37% ▕██████            ▏ 1.2 GB/3.3 GB  3.3 MB/s  10m26s[K[A[1Gpulling manifest [K
pulling bdbf939b402e:  37% ▕██████            ▏ 1.2 GB/3.3 GB  3.3 MB/s  10m26s[K[A[1Gpulling manifest [K
pulling bdbf939b402e:  37% ▕██████            ▏ 1.2 GB/3.3 GB  3.3 MB/s  10m26s[K[A[1Gpulling manifest [K
pulling bdbf939b402e:  37% ▕██████            ▏ 1.2 GB/3.3 GB  3.3 MB/s  10m26s[K[A[1Gpulling manifest [K
pulling bdbf939b402e:  37% ▕██████            ▏ 1.2 GB/3.3 GB  3.3 MB/s  10m26s[K[A[1Gpulling manifest [K
pulling bdbf939b402e:  37% ▕██████            ▏ 1.2 GB/3.3 GB  3.3 MB/s  10m26s[K[A[1Gpulling manifest [K
pulling bdbf939b402e:  37% ▕██████            ▏ 1.2 GB/3.3 GB  3.3 MB/s  10m35s[K[A[1Gpulling manifest [K
pulling bdbf939b402e:  37% ▕██████            ▏ 1.2 GB/3.3 GB  3.3 MB/s  10m35s[K[A[1Gpulling manifest [K
pulling bdbf939b402e:  37% ▕██████            ▏ 1.2 GB/3.3 GB  3.3 MB/s  10m35s[K[A[1Gpulling manifest [K
pulling bdbf939b402e:  37% ▕██████            ▏ 1.2 GB/3.3 GB  3.3 MB/s  10m35s[K[A[1Gpulling manifest [K
pulling bdbf939b402e:  37% ▕██████            ▏ 1.2 GB/3.3 GB  3.3 MB/s  10m35s[K[A[1Gpulling manifest [K
pulling bdbf939b402e:  37% ▕██████            ▏ 1.2 GB/3.3 GB  3.3 MB/s  10m35s[K[A[1Gpulling manifest [K
pulling bdbf939b402e:  37% ▕██████            ▏ 1.2 GB/3.3 GB  3.3 MB/s  10m35s[K[A[1Gpulling manifest [K
pulling bdbf939b402e:  37% ▕██████            ▏ 1.2 GB/3.3 GB  3.3 MB/s  10m34s[K[A[1Gpulling manifest [K
pulling bdbf939b402e:  37% ▕██████            ▏ 1.2 GB/3.3 GB  3.3 MB/s  10m34s[K[A[1Gpulling manifest [K
pulling bdbf939b402e:  37% ▕██████            ▏ 1.2 GB/3.3 GB  3.3 MB/s  10m34s[K[A[1Gpulling manifest [K
pulling bdbf939b402e:  37% ▕██████            ▏ 1.2 GB/3.3 GB  3.3 MB/s  10m30s[K[A[1Gpulling manifest [K
pulling bdbf939b402e:  37% ▕██████            ▏ 1.2 GB/3.3 GB  3.3 MB/s  10m30s[K[A[1Gpulling manifest [K
pulling bdbf939b402e:  37% ▕██████            ▏ 1.2 GB/3.3 GB  3.3 MB/s  10m30s[K[A[1Gpulling manifest [K
pulling bdbf939b402e:  37% ▕██████            ▏ 1.2 GB/3.3 GB  3.3 MB/s  10m30s[K[A[1Gpulling manifest [K
pulling bdbf939b402e:  37% ▕██████            ▏ 1.2 GB/3.3 GB  3.3 MB/s  10m30s[K[A[1Gpulling manifest [K
pulling bdbf939b402e:  37% ▕██████            ▏ 1.2 GB/3.3 GB  3.3 MB/s  10m30s[K[A[1Gpulling manifest [K
pulling bdbf939b402e:  37% ▕██████            ▏ 1.2 GB/3.3 GB  3.3 MB/s  10m30s[K[A[1Gpulling manifest [K
pulling bdbf939b402e:  37% ▕██████            ▏ 1.2 GB/3.3 GB  3.3 MB/s  10m29s[K[A[1Gpulling manifest [K
pulling bdbf939b402e:  37% ▕██████            ▏ 1.2 GB/3.3 GB  3.3 MB/s  10m29s[K[A[1Gpulling manifest [K
pulling bdbf939b402e:  37% ▕██████            ▏ 1.2 GB/3.3 GB  3.3 MB/s  10m29s[K[A[1Gpulling manifest [K
pulling bdbf939b402e:  37% ▕██████            ▏ 1.2 GB/3.3 GB  3.4 MB/s  10m11s[K[A[1Gpulling manifest [K
pulling bdbf939b402e:  37% ▕██████            ▏ 1.2 GB/3.3 GB  3.4 MB/s  10m11s[K[A[1Gpulling manifest [K
pulling bdbf939b402e:  37% ▕██████            ▏ 1.2 GB/3.3 GB  3.4 MB/s  10m11s[K[A[1Gpulling manifest [K
pulling bdbf939b402e:  37% ▕██████            ▏ 1.2 GB/3.3 GB  3.4 MB/s  10m11s[K[A[1Gpulling manifest [K
pulling bdbf939b402e:  37% ▕██████            ▏ 1.2 GB/3.3 GB  3.4 MB/s  10m11s[K[A[1Gpulling manifest [K
pulling bdbf939b402e:  37% ▕██████            ▏ 1.2 GB/3.3 GB  3.4 MB/s  10m11s[K[A[1Gpulling manifest [K
pulling bdbf939b402e:  37% ▕██████            ▏ 1.2 GB/3.3 GB  3.4 MB/s  10m11s[K[A[1Gpulling manifest [K
pulling bdbf939b402e:  37% ▕██████            ▏ 1.2 GB/3.3 GB  3.4 MB/s  10m11s[K[A[1Gpulling manifest [K
pulling bdbf939b402e:  37% ▕██████            ▏ 1.2 GB/3.3 GB  3.4 MB/s  10m11s[K[A[1Gpulling manifest [K
pulling bdbf939b402e:  37% ▕██████            ▏ 1.2 GB/3.3 GB  3.4 MB/s  10m11s[K[A[1Gpulling manifest [K
pulling bdbf939b402e:  37% ▕██████            ▏ 1.2 GB/3.3 GB  3.3 MB/s  10m26s[K[A[1Gpulling manifest [K
pulling bdbf939b402e:  37% ▕██████            ▏ 1.2 GB/3.3 GB  3.3 MB/s  10m26s[K[A[1Gpulling manifest [K
pulling bdbf939b402e:  37% ▕██████            ▏ 1.2 GB/3.3 GB  3.3 MB/s  10m26s[K[A[1Gpulling manifest [K
pulling bdbf939b402e:  37% ▕██████            ▏ 1.2 GB/3.3 GB  3.3 MB/s  10m26s[K[A[1Gpulling manifest [K
pulling bdbf939b402e:  37% ▕██████            ▏ 1.2 GB/3.3 GB  3.3 MB/s  10m25s[K[A[1Gpulling manifest [K
pulling bdbf939b402e:  37% ▕██████            ▏ 1.2 GB/3.3 GB  3.3 MB/s  10m25s[K[A[1Gpulling manifest [K
pulling bdbf939b402e:  37% ▕██████            ▏ 1.2 GB/3.3 GB  3.3 MB/s  10m25s[K[A[1Gpulling manifest [K
pulling bdbf939b402e:  37% ▕██████            ▏ 1.2 GB/3.3 GB  3.3 MB/s  10m25s[K[A[1Gpulling manifest [K
pulling bdbf939b402e:  37% ▕██████            ▏ 1.2 GB/3.3 GB  3.3 MB/s  10m25s[K[A[1Gpulling manifest [K
pulling bdbf939b402e:  37% ▕██████            ▏ 1.2 GB/3.3 GB  3.3 MB/s  10m25s[K[A[1Gpulling manifest [K
pulling bdbf939b402e:  37% ▕██████            ▏ 1.2 GB/3.3 GB  3.3 MB/s  10m21s[K[A[1Gpulling manifest [K
pulling bdbf939b402e:  37% ▕██████            ▏ 1.2 GB/3.3 GB  3.3 MB/s  10m21s[K[A[1Gpulling manifest [K
pulling bdbf939b402e:  37% ▕██████            ▏ 1.2 GB/3.3 GB  3.3 MB/s  10m21s[K[A[1Gpulling manifest [K
pulling bdbf939b402e:  37% ▕██████            ▏ 1.2 GB/3.3 GB  3.3 MB/s  10m21s[K[A[1Gpulling manifest [K
pulling bdbf939b402e:  37% ▕██████            ▏ 1.2 GB/3.3 GB  3.3 MB/s  10m21s[K[A[1Gpulling manifest [K
pulling bdbf939b402e:  37% ▕██████            ▏ 1.2 GB/3.3 GB  3.3 MB/s  10m21s[K[A[1Gpulling manifest [K
pulling bdbf939b402e:  37% ▕██████            ▏ 1.2 GB/3.3 GB  3.3 MB/s  10m21s[K[A[1Gpulling manifest [K
pulling bdbf939b402e:  37% ▕██████            ▏ 1.2 GB/3.3 GB  3.3 MB/s  10m21s[K[A[1Gpulling manifest [K
pulling bdbf939b402e:  37% ▕██████            ▏ 1.2 GB/3.3 GB  3.3 MB/s  10m20s[K[A[1Gpulling manifest [K
pulling bdbf939b402e:  37% ▕██████            ▏ 1.2 GB/3.3 GB  3.3 MB/s  10m20s[K[A[1Gpulling manifest [K
pulling bdbf939b402e:  37% ▕██████            ▏ 1.2 GB/3.3 GB  3.3 MB/s  10m20s[K[A[1Gpulling manifest [K
pulling bdbf939b402e:  37% ▕██████            ▏ 1.2 GB/3.3 GB  3.5 MB/s   9m46s[K[A[1Gpulling manifest [K
pulling bdbf939b402e:  37% ▕██████            ▏ 1.2 GB/3.3 GB  3.5 MB/s   9m46s[K[A[1Gpulling manifest [K
pulling bdbf939b402e:  37% ▕██████            ▏ 1.2 GB/3.3 GB  3.5 MB/s   9m46s[K[A[1Gpulling manifest [K
pulling bdbf939b402e:  37% ▕██████            ▏ 1.2 GB/3.3 GB  3.5 MB/s   9m46s[K[A[1Gpulling manifest [K
pulling bdbf939b402e:  38% ▕██████            ▏ 1.2 GB/3.3 GB  3.5 MB/s   9m46s[K[A[1Gpulling manifest [K
pulling bdbf939b402e:  38% ▕██████            ▏ 1.2 GB/3.3 GB  3.5 MB/s   9m46s[K[A[1Gpulling manifest [K
pulling bdbf939b402e:  38% ▕██████            ▏ 1.2 GB/3.3 GB  3.5 MB/s   9m46s[K[A[1Gpulling manifest [K
pulling bdbf939b402e:  38% ▕██████            ▏ 1.2 GB/3.3 GB  3.5 MB/s   9m46s[K[A[1Gpulling manifest [K
pulling bdbf939b402e:  38% ▕██████            ▏ 1.2 GB/3.3 GB  3.5 MB/s   9m46s[K[A[1Gpulling manifest [K
pulling bdbf939b402e:  38% ▕██████            ▏ 1.2 GB/3.3 GB  3.5 MB/s   9m45s[K[A[1Gpulling manifest [K
pulling bdbf939b402e:  38% ▕██████            ▏ 1.2 GB/3.3 GB  3.5 MB/s   9m41s[K[A[1Gpulling manifest [K
pulling bdbf939b402e:  38% ▕██████            ▏ 1.2 GB/3.3 GB  3.5 MB/s   9m40s[K[A[1Gpulling manifest [K
pulling bdbf939b402e:  38% ▕██████            ▏ 1.2 GB/3.3 GB  3.5 MB/s   9m40s[K[A[1Gpulling manifest [K
pulling bdbf939b402e:  38% ▕██████            ▏ 1.2 GB/3.3 GB  3.5 MB/s   9m40s[K[A[1Gpulling manifest [K
pulling bdbf939b402e:  38% ▕██████            ▏ 1.2 GB/3.3 GB  3.5 MB/s   9m40s[K[A[1Gpulling manifest [K
pulling bdbf939b402e:  38% ▕██████            ▏ 1.2 GB/3.3 GB  3.5 MB/s   9m40s[K[A[1Gpulling manifest [K
pulling bdbf939b402e:  38% ▕██████            ▏ 1.2 GB/3.3 GB  3.5 MB/s   9m40s[K[A[1Gpulling manifest [K
pulling bdbf939b402e:  38% ▕██████            ▏ 1.2 GB/3.3 GB  3.5 MB/s   9m40s[K[A[1Gpulling manifest [K
pulling bdbf939b402e:  38% ▕██████            ▏ 1.2 GB/3.3 GB  3.5 MB/s   9m40s[K[A[1Gpulling manifest [K
pulling bdbf939b402e:  38% ▕██████            ▏ 1.2 GB/3.3 GB  3.5 MB/s   9m40s[K[A[1Gpulling manifest [K
pulling bdbf939b402e:  38% ▕██████            ▏ 1.2 GB/3.3 GB  3.6 MB/s   9m27s[K[A[1Gpulling manifest [K
pulling bdbf939b402e:  38% ▕██████            ▏ 1.2 GB/3.3 GB  3.6 MB/s   9m27s[K[A[1Gpulling manifest [K
pulling bdbf939b402e:  38% ▕██████            ▏ 1.2 GB/3.3 GB  3.6 MB/s   9m27s[K[A[1Gpulling manifest [K
pulling bdbf939b402e:  38% ▕██████            ▏ 1.2 GB/3.3 GB  3.6 MB/s   9m27s[K[A[1Gpulling manifest [K
pulling bdbf939b402e:  38% ▕██████            ▏ 1.2 GB/3.3 GB  3.6 MB/s   9m27s[K[A[1Gpulling manifest [K
pulling bdbf939b402e:  38% ▕██████            ▏ 1.2 GB/3.3 GB  3.6 MB/s   9m27s[K[A[1Gpulling manifest [K
pulling bdbf939b402e:  38% ▕██████            ▏ 1.2 GB/3.3 GB  3.6 MB/s   9m27s[K[A[1Gpulling manifest [K
pulling bdbf939b402e:  38% ▕██████            ▏ 1.2 GB/3.3 GB  3.6 MB/s   9m27s[K[A[1Gpulling manifest [K
pulling bdbf939b402e:  38% ▕██████            ▏ 1.2 GB/3.3 GB  3.6 MB/s   9m27s[K[A[1Gpulling manifest [K
pulling bdbf939b402e:  38% ▕██████            ▏ 1.2 GB/3.3 GB  3.6 MB/s   9m26s[K[A[1Gpulling manifest [K
pulling bdbf939b402e:  38% ▕██████            ▏ 1.2 GB/3.3 GB  3.7 MB/s   9m18s[K[A[1Gpulling manifest [K
pulling bdbf939b402e:  38% ▕██████            ▏ 1.2 GB/3.3 GB  3.7 MB/s   9m18s[K[A[1Gpulling manifest [K
pulling bdbf939b402e:  38% ▕██████            ▏ 1.2 GB/3.3 GB  3.7 MB/s   9m18s[K[A[1Gpulling manifest [K
pulling bdbf939b402e:  38% ▕██████            ▏ 1.2 GB/3.3 GB  3.7 MB/s   9m18s[K[A[1Gpulling manifest [K
pulling bdbf939b402e:  38% ▕██████            ▏ 1.2 GB/3.3 GB  3.7 MB/s   9m17s[K[A[1Gpulling manifest [K
pulling bdbf939b402e:  38% ▕██████            ▏ 1.2 GB/3.3 GB  3.7 MB/s   9m17s[K[A[1Gpulling manifest [K
pulling bdbf939b402e:  38% ▕██████            ▏ 1.2 GB/3.3 GB  3.7 MB/s   9m17s[K[A[1Gpulling manifest [K
pulling bdbf939b402e:  38% ▕██████            ▏ 1.2 GB/3.3 GB  3.7 MB/s   9m17s[K[A[1Gpulling manifest [K
pulling bdbf939b402e:  38% ▕██████            ▏ 1.2 GB/3.3 GB  3.7 MB/s   9m17s[K[A[1Gpulling manifest [K
pulling bdbf939b402e:  38% ▕██████            ▏ 1.2 GB/3.3 GB  3.7 MB/s   9m17s[K[A[1Gpulling manifest [K
pulling bdbf939b402e:  38% ▕██████            ▏ 1.3 GB/3.3 GB  3.8 MB/s    9m5s[K[A[1Gpulling manifest [K
pulling bdbf939b402e:  38% ▕██████            ▏ 1.3 GB/3.3 GB  3.8 MB/s    9m5s[K[A[1Gpulling manifest [K
pulling bdbf939b402e:  38% ▕██████            ▏ 1.3 GB/3.3 GB  3.8 MB/s    9m5s[K[A[1Gpulling manifest [K
pulling bdbf939b402e:  38% ▕██████            ▏ 1.3 GB/3.3 GB  3.8 MB/s    9m5s[K[A[1Gpulling manifest [K
pulling bdbf939b402e:  38% ▕██████            ▏ 1.3 GB/3.3 GB  3.8 MB/s    9m5s[K[A[1Gpulling manifest [K
pulling bdbf939b402e:  38% ▕██████            ▏ 1.3 GB/3.3 GB  3.8 MB/s    9m5s[K[A[1Gpulling manifest [K
pulling bdbf939b402e:  38% ▕██████            ▏ 1.3 GB/3.3 GB  3.8 MB/s    9m4s[K[A[1Gpulling manifest [K
pulling bdbf939b402e:  38% ▕██████            ▏ 1.3 GB/3.3 GB  3.8 MB/s    9m4s[K[A[1Gpulling manifest [K
pulling bdbf939b402e:  38% ▕██████            ▏ 1.3 GB/3.3 GB  3.8 MB/s    9m4s[K[A[1Gpulling manifest [K
pulling bdbf939b402e:  38% ▕██████            ▏ 1.3 GB/3.3 GB  3.8 MB/s    9m4s[K[A[1Gpulling manifest [K
pulling bdbf939b402e:  38% ▕██████            ▏ 1.3 GB/3.3 GB  3.8 MB/s    9m4s[K[A[1Gpulling manifest [K
pulling bdbf939b402e:  38% ▕██████            ▏ 1.3 GB/3.3 GB  3.7 MB/s    9m7s[K[A[1Gpulling manifest [K
pulling bdbf939b402e:  38% ▕██████            ▏ 1.3 GB/3.3 GB  3.7 MB/s    9m7s[K[A[1Gpulling manifest [K
pulling bdbf939b402e:  38% ▕██████            ▏ 1.3 GB/3.3 GB  3.7 MB/s    9m7s[K[A[1Gpulling manifest [K
pulling bdbf939b402e:  38% ▕██████            ▏ 1.3 GB/3.3 GB  3.7 MB/s    9m7s[K[A[1Gpulling manifest [K
pulling bdbf939b402e:  38% ▕██████            ▏ 1.3 GB/3.3 GB  3.7 MB/s    9m7s[K[A[1Gpulling manifest [K
pulling bdbf939b402e:  38% ▕██████            ▏ 1.3 GB/3.3 GB  3.7 MB/s    9m7s[K[A[1Gpulling manifest [K
pulling bdbf939b402e:  38% ▕██████            ▏ 1.3 GB/3.3 GB  3.7 MB/s    9m7s[K[A[1Gpulling manifest [K
pulling bdbf939b402e:  38% ▕██████            ▏ 1.3 GB/3.3 GB  3.7 MB/s    9m7s[K[A[1Gpulling manifest [K
pulling bdbf939b402e:  38% ▕██████            ▏ 1.3 GB/3.3 GB  3.7 MB/s    9m7s[K[A[1Gpulling manifest [K
pulling bdbf939b402e:  38% ▕██████            ▏ 1.3 GB/3.3 GB  3.7 MB/s    9m7s[K[A[1Gpulling manifest [K
pulling bdbf939b402e:  38% ▕██████            ▏ 1.3 GB/3.3 GB  3.7 MB/s   9m17s[K[A[1Gpulling manifest [K
pulling bdbf939b402e:  38% ▕██████            ▏ 1.3 GB/3.3 GB  3.7 MB/s   9m17s[K[A[1Gpulling manifest [K
pulling bdbf939b402e:  38% ▕██████            ▏ 1.3 GB/3.3 GB  3.7 MB/s   9m17s[K[A[1Gpulling manifest [K
pulling bdbf939b402e:  38% ▕██████            ▏ 1.3 GB/3.3 GB  3.7 MB/s   9m17s[K[A[1Gpulling manifest [K
pulling bdbf939b402e:  38% ▕██████            ▏ 1.3 GB/3.3 GB  3.7 MB/s   9m17s[K[A[1Gpulling manifest [K
pulling bdbf939b402e:  38% ▕██████            ▏ 1.3 GB/3.3 GB  3.7 MB/s   9m17s[K[A[1Gpulling manifest [K
pulling bdbf939b402e:  38% ▕██████            ▏ 1.3 GB/3.3 GB  3.7 MB/s   9m17s[K[A[1Gpulling manifest [K
pulling bdbf939b402e:  38% ▕██████            ▏ 1.3 GB/3.3 GB  3.7 MB/s   9m17s[K[A[1Gpulling manifest [K
pulling bdbf939b402e:  38% ▕██████            ▏ 1.3 GB/3.3 GB  3.7 MB/s   9m17s[K[A[1Gpulling manifest [K
pulling bdbf939b402e:  38% ▕██████            ▏ 1.3 GB/3.3 GB  3.7 MB/s   9m17s[K[A[1Gpulling manifest [K
pulling bdbf939b402e:  38% ▕██████            ▏ 1.3 GB/3.3 GB  3.7 MB/s    9m9s[K[A[1Gpulling manifest [K
pulling bdbf939b402e:  38% ▕██████            ▏ 1.3 GB/3.3 GB  3.7 MB/s    9m9s[K[A[1Gpulling manifest [K
pulling bdbf939b402e:  38% ▕██████            ▏ 1.3 GB/3.3 GB  3.7 MB/s    9m9s[K[A[1Gpulling manifest [K
pulling bdbf939b402e:  38% ▕██████            ▏ 1.3 GB/3.3 GB  3.7 MB/s    9m9s[K[A[1Gpulling manifest [K
pulling bdbf939b402e:  38% ▕██████            ▏ 1.3 GB/3.3 GB  3.7 MB/s    9m9s[K[A[1Gpulling manifest [K
pulling bdbf939b402e:  38% ▕██████            ▏ 1.3 GB/3.3 GB  3.7 MB/s    9m8s[K[A[1Gpulling manifest [K
pulling bdbf939b402e:  38% ▕██████            ▏ 1.3 GB/3.3 GB  3.7 MB/s    9m8s[K[A[1Gpulling manifest [K
pulling bdbf939b402e:  38% ▕██████            ▏ 1.3 GB/3.3 GB  3.7 MB/s    9m8s[K[A[1Gpulling manifest [K
pulling bdbf939b402e:  38% ▕██████            ▏ 1.3 GB/3.3 GB  3.7 MB/s    9m8s[K[A[1Gpulling manifest [K
pulling bdbf939b402e:  38% ▕██████            ▏ 1.3 GB/3.3 GB  3.7 MB/s    9m8s[K[A[1Gpulling manifest [K
pulling bdbf939b402e:  38% ▕██████            ▏ 1.3 GB/3.3 GB  3.6 MB/s   9m23s[K[A[1Gpulling manifest [K
pulling bdbf939b402e:  38% ▕██████            ▏ 1.3 GB/3.3 GB  3.6 MB/s   9m23s[K[A[1Gpulling manifest [K
pulling bdbf939b402e:  38% ▕██████            ▏ 1.3 GB/3.3 GB  3.6 MB/s   9m23s[K[A[1Gpulling manifest [K
pulling bdbf939b402e:  38% ▕██████            ▏ 1.3 GB/3.3 GB  3.6 MB/s   9m23s[K[A[1Gpulling manifest [K
pulling bdbf939b402e:  38% ▕██████            ▏ 1.3 GB/3.3 GB  3.6 MB/s   9m23s[K[A[1Gpulling manifest [K
pulling bdbf939b402e:  38% ▕██████            ▏ 1.3 GB/3.3 GB  3.6 MB/s   9m23s[K[A[1Gpulling manifest [K
pulling bdbf939b402e:  38% ▕██████            ▏ 1.3 GB/3.3 GB  3.6 MB/s   9m23s[K[A[1Gpulling manifest [K
pulling bdbf939b402e:  38% ▕██████            ▏ 1.3 GB/3.3 GB  3.6 MB/s   9m23s[K[A[1Gpulling manifest [K
pulling bdbf939b402e:  38% ▕██████            ▏ 1.3 GB/3.3 GB  3.6 MB/s   9m23s[K[A[1Gpulling manifest [K
pulling bdbf939b402e:  38% ▕██████            ▏ 1.3 GB/3.3 GB  3.6 MB/s   9m23s[K[A[1Gpulling manifest [K
pulling bdbf939b402e:  38% ▕██████            ▏ 1.3 GB/3.3 GB  3.5 MB/s   9m43s[K[A[1Gpulling manifest [K
pulling bdbf939b402e:  38% ▕██████            ▏ 1.3 GB/3.3 GB  3.5 MB/s   9m43s[K[A[1Gpulling manifest [K
pulling bdbf939b402e:  38% ▕██████            ▏ 1.3 GB/3.3 GB  3.5 MB/s   9m43s[K[A[1Gpulling manifest [K
pulling bdbf939b402e:  38% ▕██████            ▏ 1.3 GB/3.3 GB  3.5 MB/s   9m43s[K[A[1Gpulling manifest [K
pulling bdbf939b402e:  38% ▕██████            ▏ 1.3 GB/3.3 GB  3.5 MB/s   9m43s[K[A[1Gpulling manifest [K
pulling bdbf939b402e:  38% ▕██████            ▏ 1.3 GB/3.3 GB  3.5 MB/s   9m43s[K[A[1Gpulling manifest [K
pulling bdbf939b402e:  38% ▕██████            ▏ 1.3 GB/3.3 GB  3.5 MB/s   9m43s[K[A[1Gpulling manifest [K
pulling bdbf939b402e:  38% ▕██████            ▏ 1.3 GB/3.3 GB  3.5 MB/s   9m43s[K[A[1Gpulling manifest [K
pulling bdbf939b402e:  38% ▕██████            ▏ 1.3 GB/3.3 GB  3.5 MB/s   9m43s[K[A[1Gpulling manifest [K
pulling bdbf939b402e:  38% ▕██████            ▏ 1.3 GB/3.3 GB  3.5 MB/s   9m42s[K[A[1Gpulling manifest [K
pulling bdbf939b402e:  38% ▕██████            ▏ 1.3 GB/3.3 GB  3.5 MB/s   9m42s[K[A[1Gpulling manifest [K
pulling bdbf939b402e:  38% ▕██████            ▏ 1.3 GB/3.3 GB  3.3 MB/s   10m6s[K[A[1Gpulling manifest [K
pulling bdbf939b402e:  39% ▕██████            ▏ 1.3 GB/3.3 GB  3.3 MB/s   10m6s[K[A[1Gpulling manifest [K
pulling bdbf939b402e:  39% ▕██████            ▏ 1.3 GB/3.3 GB  3.3 MB/s   10m6s[K[A[1Gpulling manifest [K
pulling bdbf939b402e:  39% ▕██████            ▏ 1.3 GB/3.3 GB  3.3 MB/s   10m6s[K[A[1Gpulling manifest [K
pulling bdbf939b402e:  39% ▕██████            ▏ 1.3 GB/3.3 GB  3.3 MB/s   10m6s[K[A[1Gpulling manifest [K
pulling bdbf939b402e:  39% ▕██████            ▏ 1.3 GB/3.3 GB  3.3 MB/s   10m6s[K[A[1Gpulling manifest [K
pulling bdbf939b402e:  39% ▕██████            ▏ 1.3 GB/3.3 GB  3.3 MB/s   10m6s[K[A[1Gpulling manifest [K
pulling bdbf939b402e:  39% ▕██████            ▏ 1.3 GB/3.3 GB  3.3 MB/s   10m6s[K[A[1Gpulling manifest [K
pulling bdbf939b402e:  39% ▕██████            ▏ 1.3 GB/3.3 GB  3.3 MB/s   10m5s[K[A[1Gpulling manifest [K
pulling bdbf939b402e:  39% ▕██████            ▏ 1.3 GB/3.3 GB  3.3 MB/s   10m5s[K[A[1Gpulling manifest [K
pulling bdbf939b402e:  39% ▕██████            ▏ 1.3 GB/3.3 GB  3.2 MB/s  10m34s[K[A[1Gpulling manifest [K
pulling bdbf939b402e:  39% ▕██████            ▏ 1.3 GB/3.3 GB  3.2 MB/s  10m34s[K[A[1Gpulling manifest [K
pulling bdbf939b402e:  39% ▕██████            ▏ 1.3 GB/3.3 GB  3.2 MB/s  10m34s[K[A[1Gpulling manifest [K
pulling bdbf939b402e:  39% ▕██████            ▏ 1.3 GB/3.3 GB  3.2 MB/s  10m33s[K[A[1Gpulling manifest [K
pulling bdbf939b402e:  39% ▕██████            ▏ 1.3 GB/3.3 GB  3.2 MB/s  10m33s[K[A[1Gpulling manifest [K
pulling bdbf939b402e:  39% ▕██████            ▏ 1.3 GB/3.3 GB  3.2 MB/s  10m33s[K[A[1Gpulling manifest [K
pulling bdbf939b402e:  39% ▕██████            ▏ 1.3 GB/3.3 GB  3.2 MB/s  10m33s[K[A[1Gpulling manifest [K
pulling bdbf939b402e:  39% ▕██████            ▏ 1.3 GB/3.3 GB  3.2 MB/s  10m33s[K[A[1Gpulling manifest [K
pulling bdbf939b402e:  39% ▕██████            ▏ 1.3 GB/3.3 GB  3.2 MB/s  10m33s[K[A[1Gpulling manifest [K
pulling bdbf939b402e:  39% ▕██████            ▏ 1.3 GB/3.3 GB  3.2 MB/s  10m33s[K[A[1Gpulling manifest [K
pulling bdbf939b402e:  39% ▕██████            ▏ 1.3 GB/3.3 GB  3.2 MB/s  10m33s[K[A[1Gpulling manifest [K
pulling bdbf939b402e:  39% ▕██████            ▏ 1.3 GB/3.3 GB  3.2 MB/s  10m33s[K[A[1Gpulling manifest [K
pulling bdbf939b402e:  39% ▕██████            ▏ 1.3 GB/3.3 GB  3.2 MB/s  10m33s[K[A[1Gpulling manifest [K
pulling bdbf939b402e:  39% ▕██████            ▏ 1.3 GB/3.3 GB  3.2 MB/s  10m33s[K[A[1Gpulling manifest [K
pulling bdbf939b402e:  39% ▕██████            ▏ 1.3 GB/3.3 GB  3.2 MB/s  10m33s[K[A[1Gpulling manifest [K
pulling bdbf939b402e:  39% ▕██████            ▏ 1.3 GB/3.3 GB  3.2 MB/s  10m33s[K[A[1Gpulling manifest [K
pulling bdbf939b402e:  39% ▕██████            ▏ 1.3 GB/3.3 GB  3.2 MB/s  10m33s[K[A[1Gpulling manifest [K
pulling bdbf939b402e:  39% ▕██████            ▏ 1.3 GB/3.3 GB  3.2 MB/s  10m33s[K[A[1Gpulling manifest [K
pulling bdbf939b402e:  39% ▕██████            ▏ 1.3 GB/3.3 GB  3.2 MB/s  10m32s[K[A[1Gpulling manifest [K
pulling bdbf939b402e:  39% ▕██████            ▏ 1.3 GB/3.3 GB  3.2 MB/s  10m32s[K[A[1Gpulling manifest [K
pulling bdbf939b402e:  39% ▕██████            ▏ 1.3 GB/3.3 GB  3.2 MB/s  10m36s[K[A[1Gpulling manifest [K
pulling bdbf939b402e:  39% ▕██████            ▏ 1.3 GB/3.3 GB  3.2 MB/s  10m36s[K[A[1Gpulling manifest [K
pulling bdbf939b402e:  39% ▕██████            ▏ 1.3 GB/3.3 GB  3.2 MB/s  10m36s[K[A[1Gpulling manifest [K
pulling bdbf939b402e:  39% ▕██████            ▏ 1.3 GB/3.3 GB  3.2 MB/s  10m36s[K[A[1Gpulling manifest [K
pulling bdbf939b402e:  39% ▕██████            ▏ 1.3 GB/3.3 GB  3.2 MB/s  10m36s[K[A[1Gpulling manifest [K
pulling bdbf939b402e:  39% ▕██████            ▏ 1.3 GB/3.3 GB  3.2 MB/s  10m36s[K[A[1Gpulling manifest [K
pulling bdbf939b402e:  39% ▕██████            ▏ 1.3 GB/3.3 GB  3.2 MB/s  10m36s[K[A[1Gpulling manifest [K
pulling bdbf939b402e:  39% ▕██████            ▏ 1.3 GB/3.3 GB  3.2 MB/s  10m35s[K[A[1Gpulling manifest [K
pulling bdbf939b402e:  39% ▕██████            ▏ 1.3 GB/3.3 GB  3.2 MB/s  10m35s[K[A[1Gpulling manifest [K
pulling bdbf939b402e:  39% ▕██████            ▏ 1.3 GB/3.3 GB  3.2 MB/s  10m35s[K[A[1Gpulling manifest [K
pulling bdbf939b402e:  39% ▕██████            ▏ 1.3 GB/3.3 GB  3.1 MB/s  10m41s[K[A[1Gpulling manifest [K
pulling bdbf939b402e:  39% ▕██████            ▏ 1.3 GB/3.3 GB  3.1 MB/s  10m41s[K[A[1Gpulling manifest [K
pulling bdbf939b402e:  39% ▕██████            ▏ 1.3 GB/3.3 GB  3.1 MB/s  10m41s[K[A[1Gpulling manifest [K
pulling bdbf939b402e:  39% ▕███████           ▏ 1.3 GB/3.3 GB  3.1 MB/s  10m41s[K[A[1Gpulling manifest [K
pulling bdbf939b402e:  39% ▕███████           ▏ 1.3 GB/3.3 GB  3.1 MB/s  10m41s[K[A[1Gpulling manifest [K
pulling bdbf939b402e:  39% ▕███████           ▏ 1.3 GB/3.3 GB  3.1 MB/s  10m41s[K[A[1Gpulling manifest [K
pulling bdbf939b402e:  39% ▕███████           ▏ 1.3 GB/3.3 GB  3.1 MB/s  10m40s[K[A[1Gpulling manifest [K
pulling bdbf939b402e:  39% ▕███████           ▏ 1.3 GB/3.3 GB  3.1 MB/s  10m40s[K[A[1Gpulling manifest [K
pulling bdbf939b402e:  39% ▕███████           ▏ 1.3 GB/3.3 GB  3.1 MB/s  10m40s[K[A[1Gpulling manifest [K
pulling bdbf939b402e:  39% ▕███████           ▏ 1.3 GB/3.3 GB  3.1 MB/s  10m40s[K[A[1Gpulling manifest [K
pulling bdbf939b402e:  39% ▕███████           ▏ 1.3 GB/3.3 GB  3.1 MB/s  10m40s[K[A[1Gpulling manifest [K
pulling bdbf939b402e:  39% ▕███████           ▏ 1.3 GB/3.3 GB  3.1 MB/s  10m47s[K[A[1Gpulling manifest [K
pulling bdbf939b402e:  39% ▕███████           ▏ 1.3 GB/3.3 GB  3.1 MB/s  10m47s[K[A[1Gpulling manifest [K
pulling bdbf939b402e:  39% ▕███████           ▏ 1.3 GB/3.3 GB  3.1 MB/s  10m47s[K[A[1Gpulling manifest [K
pulling bdbf939b402e:  39% ▕███████           ▏ 1.3 GB/3.3 GB  3.1 MB/s  10m47s[K[A[1Gpulling manifest [K
pulling bdbf939b402e:  39% ▕███████           ▏ 1.3 GB/3.3 GB  3.1 MB/s  10m46s[K[A[1Gpulling manifest [K
pulling bdbf939b402e:  39% ▕███████           ▏ 1.3 GB/3.3 GB  3.1 MB/s  10m46s[K[A[1Gpulling manifest [K
pulling bdbf939b402e:  39% ▕███████           ▏ 1.3 GB/3.3 GB  3.1 MB/s  10m46s[K[A[1Gpulling manifest [K
pulling bdbf939b402e:  39% ▕███████           ▏ 1.3 GB/3.3 GB  3.1 MB/s  10m46s[K[A[1Gpulling manifest [K
pulling bdbf939b402e:  39% ▕███████           ▏ 1.3 GB/3.3 GB  3.1 MB/s  10m46s[K[A[1Gpulling manifest [K
pulling bdbf939b402e:  39% ▕███████           ▏ 1.3 GB/3.3 GB  3.1 MB/s  10m46s[K[A[1Gpulling manifest [K
pulling bdbf939b402e:  39% ▕███████           ▏ 1.3 GB/3.3 GB  3.0 MB/s   11m3s[K[A[1Gpulling manifest [K
pulling bdbf939b402e:  39% ▕███████           ▏ 1.3 GB/3.3 GB  3.0 MB/s   11m3s[K[A[1Gpulling manifest [K
pulling bdbf939b402e:  39% ▕███████           ▏ 1.3 GB/3.3 GB  3.0 MB/s   11m3s[K[A[1Gpulling manifest [K
pulling bdbf939b402e:  39% ▕███████           ▏ 1.3 GB/3.3 GB  3.0 MB/s   11m3s[K[A[1Gpulling manifest [K
pulling bdbf939b402e:  39% ▕███████           ▏ 1.3 GB/3.3 GB  3.0 MB/s   11m3s[K[A[1Gpulling manifest [K
pulling bdbf939b402e:  39% ▕███████           ▏ 1.3 GB/3.3 GB  3.0 MB/s   11m2s[K[A[1Gpulling manifest [K
pulling bdbf939b402e:  39% ▕███████           ▏ 1.3 GB/3.3 GB  3.0 MB/s   11m2s[K[A[1Gpulling manifest [K
pulling bdbf939b402e:  39% ▕███████           ▏ 1.3 GB/3.3 GB  3.0 MB/s   11m2s[K[A[1Gpulling manifest [K
pulling bdbf939b402e:  39% ▕███████           ▏ 1.3 GB/3.3 GB  3.0 MB/s   11m2s[K[A[1Gpulling manifest [K
pulling bdbf939b402e:  39% ▕███████           ▏ 1.3 GB/3.3 GB  3.0 MB/s   11m2s[K[A[1Gpulling manifest [K
pulling bdbf939b402e:  39% ▕███████           ▏ 1.3 GB/3.3 GB  3.0 MB/s  11m10s[K[A[1Gpulling manifest [K
pulling bdbf939b402e:  39% ▕███████           ▏ 1.3 GB/3.3 GB  3.0 MB/s  11m10s[K[A[1Gpulling manifest [K
pulling bdbf939b402e:  39% ▕███████           ▏ 1.3 GB/3.3 GB  3.0 MB/s  11m10s[K[A[1Gpulling manifest [K
pulling bdbf939b402e:  39% ▕███████           ▏ 1.3 GB/3.3 GB  3.0 MB/s  11m10s[K[A[1Gpulling manifest [K
pulling bdbf939b402e:  39% ▕███████           ▏ 1.3 GB/3.3 GB  3.0 MB/s  11m10s[K[A[1Gpulling manifest [K
pulling bdbf939b402e:  39% ▕███████           ▏ 1.3 GB/3.3 GB  3.0 MB/s   11m9s[K[A[1Gpulling manifest [K
pulling bdbf939b402e:  39% ▕███████           ▏ 1.3 GB/3.3 GB  3.0 MB/s   11m9s[K[A[1Gpulling manifest [K
pulling bdbf939b402e:  39% ▕███████           ▏ 1.3 GB/3.3 GB  3.0 MB/s   11m9s[K[A[1Gpulling manifest [K
pulling bdbf939b402e:  39% ▕███████           ▏ 1.3 GB/3.3 GB  3.0 MB/s   11m9s[K[A[1Gpulling manifest [K
pulling bdbf939b402e:  39% ▕███████           ▏ 1.3 GB/3.3 GB  3.0 MB/s   11m9s[K[A[1Gpulling manifest [K
pulling bdbf939b402e:  39% ▕███████           ▏ 1.3 GB/3.3 GB  3.0 MB/s  11m17s[K[A[1Gpulling manifest [K
pulling bdbf939b402e:  39% ▕███████           ▏ 1.3 GB/3.3 GB  3.0 MB/s  11m17s[K[A[1Gpulling manifest [K
pulling bdbf939b402e:  39% ▕███████           ▏ 1.3 GB/3.3 GB  3.0 MB/s  11m17s[K[A[1Gpulling manifest [K
pulling bdbf939b402e:  39% ▕███████           ▏ 1.3 GB/3.3 GB  3.0 MB/s  11m16s[K[A[1Gpulling manifest [K
pulling bdbf939b402e:  39% ▕███████           ▏ 1.3 GB/3.3 GB  3.0 MB/s  11m16s[K[A[1Gpulling manifest [K
pulling bdbf939b402e:  39% ▕███████           ▏ 1.3 GB/3.3 GB  3.0 MB/s  11m16s[K[A[1Gpulling manifest [K
pulling bdbf939b402e:  39% ▕███████           ▏ 1.3 GB/3.3 GB  3.0 MB/s  11m16s[K[A[1Gpulling manifest [K
pulling bdbf939b402e:  39% ▕███████           ▏ 1.3 GB/3.3 GB  3.0 MB/s  11m16s[K[A[1Gpulling manifest [K
pulling bdbf939b402e:  39% ▕███████           ▏ 1.3 GB/3.3 GB  3.0 MB/s  11m16s[K[A[1Gpulling manifest [K
pulling bdbf939b402e:  39% ▕███████           ▏ 1.3 GB/3.3 GB  3.0 MB/s  11m16s[K[A[1Gpulling manifest [K
pulling bdbf939b402e:  39% ▕███████           ▏ 1.3 GB/3.3 GB  2.9 MB/s  11m24s[K[A[1Gpulling manifest [K
pulling bdbf939b402e:  39% ▕███████           ▏ 1.3 GB/3.3 GB  2.9 MB/s  11m24s[K[A[1Gpulling manifest [K
pulling bdbf939b402e:  39% ▕███████           ▏ 1.3 GB/3.3 GB  2.9 MB/s  11m24s[K[A[1Gpulling manifest [K
pulling bdbf939b402e:  39% ▕███████           ▏ 1.3 GB/3.3 GB  2.9 MB/s  11m24s[K[A[1Gpulling manifest [K
pulling bdbf939b402e:  39% ▕███████           ▏ 1.3 GB/3.3 GB  2.9 MB/s  11m24s[K[A[1Gpulling manifest [K
pulling bdbf939b402e:  39% ▕███████           ▏ 1.3 GB/3.3 GB  2.9 MB/s  11m24s[K[A[1Gpulling manifest [K
pulling bdbf939b402e:  39% ▕███████           ▏ 1.3 GB/3.3 GB  2.9 MB/s  11m24s[K[A[1Gpulling manifest [K
pulling bdbf939b402e:  39% ▕███████           ▏ 1.3 GB/3.3 GB  2.9 MB/s  11m24s[K[A[1Gpulling manifest [K
pulling bdbf939b402e:  39% ▕███████           ▏ 1.3 GB/3.3 GB  2.9 MB/s  11m24s[K[A[1Gpulling manifest [K
pulling bdbf939b402e:  39% ▕███████           ▏ 1.3 GB/3.3 GB  2.9 MB/s  11m24s[K[A[1Gpulling manifest [K
pulling bdbf939b402e:  39% ▕███████           ▏ 1.3 GB/3.3 GB  2.9 MB/s  11m24s[K[A[1Gpulling manifest [K
pulling bdbf939b402e:  39% ▕███████           ▏ 1.3 GB/3.3 GB  2.9 MB/s  11m29s[K[A[1Gpulling manifest [K
pulling bdbf939b402e:  39% ▕███████           ▏ 1.3 GB/3.3 GB  2.9 MB/s  11m29s[K[A[1Gpulling manifest [K
pulling bdbf939b402e:  39% ▕███████           ▏ 1.3 GB/3.3 GB  2.9 MB/s  11m29s[K[A[1Gpulling manifest [K
pulling bdbf939b402e:  39% ▕███████           ▏ 1.3 GB/3.3 GB  2.9 MB/s  11m28s[K[A[1Gpulling manifest [K
pulling bdbf939b402e:  39% ▕███████           ▏ 1.3 GB/3.3 GB  2.9 MB/s  11m28s[K[A[1Gpulling manifest [K
pulling bdbf939b402e:  39% ▕███████           ▏ 1.3 GB/3.3 GB  2.9 MB/s  11m28s[K[A[1Gpulling manifest [K
pulling bdbf939b402e:  39% ▕███████           ▏ 1.3 GB/3.3 GB  2.9 MB/s  11m28s[K[A[1Gpulling manifest [K
pulling bdbf939b402e:  39% ▕███████           ▏ 1.3 GB/3.3 GB  2.9 MB/s  11m28s[K[A[1Gpulling manifest [K
pulling bdbf939b402e:  39% ▕███████           ▏ 1.3 GB/3.3 GB  2.9 MB/s  11m28s[K[A[1Gpulling manifest [K
pulling bdbf939b402e:  39% ▕███████           ▏ 1.3 GB/3.3 GB  2.9 MB/s  11m28s[K[A[1Gpulling manifest [K
pulling bdbf939b402e:  39% ▕███████           ▏ 1.3 GB/3.3 GB  2.8 MB/s  11m51s[K[A[1Gpulling manifest [K
pulling bdbf939b402e:  39% ▕███████           ▏ 1.3 GB/3.3 GB  2.8 MB/s  11m51s[K[A[1Gpulling manifest [K
pulling bdbf939b402e:  39% ▕███████           ▏ 1.3 GB/3.3 GB  2.8 MB/s  11m51s[K[A[1Gpulling manifest [K
pulling bdbf939b402e:  39% ▕███████           ▏ 1.3 GB/3.3 GB  2.8 MB/s  11m51s[K[A[1Gpulling manifest [K
pulling bdbf939b402e:  39% ▕███████           ▏ 1.3 GB/3.3 GB  2.8 MB/s  11m51s[K[A[1Gpulling manifest [K
pulling bdbf939b402e:  39% ▕███████           ▏ 1.3 GB/3.3 GB  2.8 MB/s  11m50s[K[A[1Gpulling manifest [K
pulling bdbf939b402e:  39% ▕███████           ▏ 1.3 GB/3.3 GB  2.8 MB/s  11m50s[K[A[1Gpulling manifest [K
pulling bdbf939b402e:  39% ▕███████           ▏ 1.3 GB/3.3 GB  2.8 MB/s  11m50s[K[A[1Gpulling manifest [K
pulling bdbf939b402e:  40% ▕███████           ▏ 1.3 GB/3.3 GB  2.8 MB/s  11m50s[K[A[1Gpulling manifest [K
pulling bdbf939b402e:  40% ▕███████           ▏ 1.3 GB/3.3 GB  2.8 MB/s  11m50s[K[A[1Gpulling manifest [K
pulling bdbf939b402e:  40% ▕███████           ▏ 1.3 GB/3.3 GB  2.7 MB/s   12m6s[K[A[1Gpulling manifest [K
pulling bdbf939b402e:  40% ▕███████           ▏ 1.3 GB/3.3 GB  2.7 MB/s   12m6s[K[A[1Gpulling manifest [K
pulling bdbf939b402e:  40% ▕███████           ▏ 1.3 GB/3.3 GB  2.7 MB/s   12m6s[K[A[1Gpulling manifest [K
pulling bdbf939b402e:  40% ▕███████           ▏ 1.3 GB/3.3 GB  2.7 MB/s   12m6s[K[A[1Gpulling manifest [K
pulling bdbf939b402e:  40% ▕███████           ▏ 1.3 GB/3.3 GB  2.7 MB/s   12m6s[K[A[1Gpulling manifest [K
pulling bdbf939b402e:  40% ▕███████           ▏ 1.3 GB/3.3 GB  2.7 MB/s   12m6s[K[A[1Gpulling manifest [K
pulling bdbf939b402e:  40% ▕███████           ▏ 1.3 GB/3.3 GB  2.7 MB/s   12m6s[K[A[1Gpulling manifest [K
pulling bdbf939b402e:  40% ▕███████           ▏ 1.3 GB/3.3 GB  2.7 MB/s   12m6s[K[A[1Gpulling manifest [K
pulling bdbf939b402e:  40% ▕███████           ▏ 1.3 GB/3.3 GB  2.7 MB/s   12m6s[K[A[1Gpulling manifest [K
pulling bdbf939b402e:  40% ▕███████           ▏ 1.3 GB/3.3 GB  2.7 MB/s   12m6s[K[A[1Gpulling manifest [K
pulling bdbf939b402e:  40% ▕███████           ▏ 1.3 GB/3.3 GB  2.7 MB/s  12m17s[K[A[1Gpulling manifest [K
pulling bdbf939b402e:  40% ▕███████           ▏ 1.3 GB/3.3 GB  2.7 MB/s  12m17s[K[A[1Gpulling manifest [K
pulling bdbf939b402e:  40% ▕███████           ▏ 1.3 GB/3.3 GB  2.7 MB/s  12m17s[K[A[1Gpulling manifest [K
pulling bdbf939b402e:  40% ▕███████           ▏ 1.3 GB/3.3 GB  2.7 MB/s  12m17s[K[A[1Gpulling manifest [K
pulling bdbf939b402e:  40% ▕███████           ▏ 1.3 GB/3.3 GB  2.7 MB/s  12m17s[K[A[1Gpulling manifest [K
pulling bdbf939b402e:  40% ▕███████           ▏ 1.3 GB/3.3 GB  2.7 MB/s  12m17s[K[A[1Gpulling manifest [K
pulling bdbf939b402e:  40% ▕███████           ▏ 1.3 GB/3.3 GB  2.7 MB/s  12m17s[K[A[1Gpulling manifest [K
pulling bdbf939b402e:  40% ▕███████           ▏ 1.3 GB/3.3 GB  2.7 MB/s  12m17s[K[A[1Gpulling manifest [K
pulling bdbf939b402e:  40% ▕███████           ▏ 1.3 GB/3.3 GB  2.7 MB/s  12m17s[K[A[1Gpulling manifest [K
pulling bdbf939b402e:  40% ▕███████           ▏ 1.3 GB/3.3 GB  2.7 MB/s  12m17s[K[A[1Gpulling manifest [K
pulling bdbf939b402e:  40% ▕███████           ▏ 1.3 GB/3.3 GB  2.6 MB/s  12m42s[K[A[1Gpulling manifest [K
pulling bdbf939b402e:  40% ▕███████           ▏ 1.3 GB/3.3 GB  2.6 MB/s  12m42s[K[A[1Gpulling manifest [K
pulling bdbf939b402e:  40% ▕███████           ▏ 1.3 GB/3.3 GB  2.6 MB/s  12m42s[K[A[1Gpulling manifest [K
pulling bdbf939b402e:  40% ▕███████           ▏ 1.3 GB/3.3 GB  2.6 MB/s  12m42s[K[A[1Gpulling manifest [K
pulling bdbf939b402e:  40% ▕███████           ▏ 1.3 GB/3.3 GB  2.6 MB/s  12m42s[K[A[1Gpulling manifest [K
pulling bdbf939b402e:  40% ▕███████           ▏ 1.3 GB/3.3 GB  2.6 MB/s  12m42s[K[A[1Gpulling manifest [K
pulling bdbf939b402e:  40% ▕███████           ▏ 1.3 GB/3.3 GB  2.6 MB/s  12m42s[K[A[1Gpulling manifest [K
pulling bdbf939b402e:  40% ▕███████           ▏ 1.3 GB/3.3 GB  2.6 MB/s  12m42s[K[A[1Gpulling manifest [K
pulling bdbf939b402e:  40% ▕███████           ▏ 1.3 GB/3.3 GB  2.6 MB/s  12m42s[K[A[1Gpulling manifest [K
pulling bdbf939b402e:  40% ▕███████           ▏ 1.3 GB/3.3 GB  2.6 MB/s  12m42s[K[A[1Gpulling manifest [K
pulling bdbf939b402e:  40% ▕███████           ▏ 1.3 GB/3.3 GB  2.6 MB/s  12m42s[K[A[1Gpulling manifest [K
pulling bdbf939b402e:  40% ▕███████           ▏ 1.3 GB/3.3 GB  2.6 MB/s  12m53s[K[A[1Gpulling manifest [K
pulling bdbf939b402e:  40% ▕███████           ▏ 1.3 GB/3.3 GB  2.6 MB/s  12m52s[K[A[1Gpulling manifest [K
pulling bdbf939b402e:  40% ▕███████           ▏ 1.3 GB/3.3 GB  2.6 MB/s  12m52s[K[A[1Gpulling manifest [K
pulling bdbf939b402e:  40% ▕███████           ▏ 1.3 GB/3.3 GB  2.6 MB/s  12m52s[K[A[1Gpulling manifest [K
pulling bdbf939b402e:  40% ▕███████           ▏ 1.3 GB/3.3 GB  2.6 MB/s  12m52s[K[A[1Gpulling manifest [K
pulling bdbf939b402e:  40% ▕███████           ▏ 1.3 GB/3.3 GB  2.6 MB/s  12m52s[K[A[1Gpulling manifest [K
pulling bdbf939b402e:  40% ▕███████           ▏ 1.3 GB/3.3 GB  2.6 MB/s  12m52s[K[A[1Gpulling manifest [K
pulling bdbf939b402e:  40% ▕███████           ▏ 1.3 GB/3.3 GB  2.6 MB/s  12m52s[K[A[1Gpulling manifest [K
pulling bdbf939b402e:  40% ▕███████           ▏ 1.3 GB/3.3 GB  2.6 MB/s  12m52s[K[A[1Gpulling manifest [K
pulling bdbf939b402e:  40% ▕███████           ▏ 1.3 GB/3.3 GB  2.6 MB/s  12m52s[K[A[1Gpulling manifest [K
pulling bdbf939b402e:  40% ▕███████           ▏ 1.3 GB/3.3 GB  2.6 MB/s  12m54s[K[A[1Gpulling manifest [K
pulling bdbf939b402e:  40% ▕███████           ▏ 1.3 GB/3.3 GB  2.6 MB/s  12m54s[K[A[1Gpulling manifest [K
pulling bdbf939b402e:  40% ▕███████           ▏ 1.3 GB/3.3 GB  2.6 MB/s  12m54s[K[A[1Gpulling manifest [K
pulling bdbf939b402e:  40% ▕███████           ▏ 1.3 GB/3.3 GB  2.6 MB/s  12m54s[K[A[1Gpulling manifest [K
pulling bdbf939b402e:  40% ▕███████           ▏ 1.3 GB/3.3 GB  2.6 MB/s  12m53s[K[A[1Gpulling manifest [K
pulling bdbf939b402e:  40% ▕███████           ▏ 1.3 GB/3.3 GB  2.6 MB/s  12m53s[K[A[1Gpulling manifest [K
pulling bdbf939b402e:  40% ▕███████           ▏ 1.3 GB/3.3 GB  2.6 MB/s  12m53s[K[A[1Gpulling manifest [K
pulling bdbf939b402e:  40% ▕███████           ▏ 1.3 GB/3.3 GB  2.6 MB/s  12m53s[K[A[1Gpulling manifest [K
pulling bdbf939b402e:  40% ▕███████           ▏ 1.3 GB/3.3 GB  2.6 MB/s  12m53s[K[A[1Gpulling manifest [K
pulling bdbf939b402e:  40% ▕███████           ▏ 1.3 GB/3.3 GB  2.6 MB/s  12m53s[K[A[1Gpulling manifest [K
pulling bdbf939b402e:  40% ▕███████           ▏ 1.3 GB/3.3 GB  2.6 MB/s  12m53s[K[A[1Gpulling manifest [K
pulling bdbf939b402e:  40% ▕███████           ▏ 1.3 GB/3.3 GB  2.6 MB/s  12m53s[K[A[1Gpulling manifest [K
pulling bdbf939b402e:  40% ▕███████           ▏ 1.3 GB/3.3 GB  2.6 MB/s  12m52s[K[A[1Gpulling manifest [K
pulling bdbf939b402e:  40% ▕███████           ▏ 1.3 GB/3.3 GB  2.6 MB/s  12m52s[K[A[1Gpulling manifest [K
pulling bdbf939b402e:  40% ▕███████           ▏ 1.3 GB/3.3 GB  2.6 MB/s  12m52s[K[A[1Gpulling manifest [K
pulling bdbf939b402e:  40% ▕███████           ▏ 1.3 GB/3.3 GB  2.6 MB/s  12m52s[K[A[1Gpulling manifest [K
pulling bdbf939b402e:  40% ▕███████           ▏ 1.3 GB/3.3 GB  2.6 MB/s  12m52s[K[A[1Gpulling manifest [K
pulling bdbf939b402e:  40% ▕███████           ▏ 1.3 GB/3.3 GB  2.6 MB/s  12m52s[K[A[1Gpulling manifest [K
pulling bdbf939b402e:  40% ▕███████           ▏ 1.3 GB/3.3 GB  2.6 MB/s  12m52s[K[A[1Gpulling manifest [K
pulling bdbf939b402e:  40% ▕███████           ▏ 1.3 GB/3.3 GB  2.6 MB/s  12m52s[K[A[1Gpulling manifest [K
pulling bdbf939b402e:  40% ▕███████           ▏ 1.3 GB/3.3 GB  2.5 MB/s   13m8s[K[A[1Gpulling manifest [K
pulling bdbf939b402e:  40% ▕███████           ▏ 1.3 GB/3.3 GB  2.5 MB/s   13m8s[K[A[1Gpulling manifest [K
pulling bdbf939b402e:  40% ▕███████           ▏ 1.3 GB/3.3 GB  2.5 MB/s   13m8s[K[A[1Gpulling manifest [K
pulling bdbf939b402e:  40% ▕███████           ▏ 1.3 GB/3.3 GB  2.5 MB/s   13m8s[K[A[1Gpulling manifest [K
pulling bdbf939b402e:  40% ▕███████           ▏ 1.3 GB/3.3 GB  2.5 MB/s   13m8s[K[A[1Gpulling manifest [K
pulling bdbf939b402e:  40% ▕███████           ▏ 1.3 GB/3.3 GB  2.5 MB/s   13m8s[K[A[1Gpulling manifest [K
pulling bdbf939b402e:  40% ▕███████           ▏ 1.3 GB/3.3 GB  2.5 MB/s   13m8s[K[A[1Gpulling manifest [K
pulling bdbf939b402e:  40% ▕███████           ▏ 1.3 GB/3.3 GB  2.5 MB/s   13m7s[K[A[1Gpulling manifest [K
pulling bdbf939b402e:  40% ▕███████           ▏ 1.3 GB/3.3 GB  2.5 MB/s   13m7s[K[A[1Gpulling manifest [K
pulling bdbf939b402e:  40% ▕███████           ▏ 1.3 GB/3.3 GB  2.5 MB/s   13m7s[K[A[1Gpulling manifest [K
pulling bdbf939b402e:  40% ▕███████           ▏ 1.3 GB/3.3 GB  2.5 MB/s  12m56s[K[A[1Gpulling manifest [K
pulling bdbf939b402e:  40% ▕███████           ▏ 1.3 GB/3.3 GB  2.5 MB/s  12m56s[K[A[1Gpulling manifest [K
pulling bdbf939b402e:  40% ▕███████           ▏ 1.3 GB/3.3 GB  2.5 MB/s  12m55s[K[A[1Gpulling manifest [K
pulling bdbf939b402e:  40% ▕███████           ▏ 1.3 GB/3.3 GB  2.5 MB/s  12m55s[K[A[1Gpulling manifest [K
pulling bdbf939b402e:  40% ▕███████           ▏ 1.3 GB/3.3 GB  2.5 MB/s  12m55s[K[A[1Gpulling manifest [K
pulling bdbf939b402e:  40% ▕███████           ▏ 1.3 GB/3.3 GB  2.5 MB/s  12m55s[K[A[1Gpulling manifest [K
pulling bdbf939b402e:  40% ▕███████           ▏ 1.3 GB/3.3 GB  2.5 MB/s  12m55s[K[A[1Gpulling manifest [K
pulling bdbf939b402e:  40% ▕███████           ▏ 1.3 GB/3.3 GB  2.5 MB/s  12m55s[K[A[1Gpulling manifest [K
pulling bdbf939b402e:  40% ▕███████           ▏ 1.3 GB/3.3 GB  2.5 MB/s  12m55s[K[A[1Gpulling manifest [K
pulling bdbf939b402e:  40% ▕███████           ▏ 1.3 GB/3.3 GB  2.5 MB/s  12m55s[K[A[1Gpulling manifest [K
pulling bdbf939b402e:  40% ▕███████           ▏ 1.3 GB/3.3 GB  2.5 MB/s  12m55s[K[A[1Gpulling manifest [K
pulling bdbf939b402e:  40% ▕███████           ▏ 1.3 GB/3.3 GB  2.5 MB/s  12m54s[K[A[1Gpulling manifest [K
pulling bdbf939b402e:  40% ▕███████           ▏ 1.3 GB/3.3 GB  2.5 MB/s  12m54s[K[A[1Gpulling manifest [K
pulling bdbf939b402e:  40% ▕███████           ▏ 1.3 GB/3.3 GB  2.5 MB/s  12m54s[K[A[1Gpulling manifest [K
pulling bdbf939b402e:  40% ▕███████           ▏ 1.3 GB/3.3 GB  2.5 MB/s  12m54s[K[A[1Gpulling manifest [K
pulling bdbf939b402e:  40% ▕███████           ▏ 1.3 GB/3.3 GB  2.5 MB/s  12m54s[K[A[1Gpulling manifest [K
pulling bdbf939b402e:  40% ▕███████           ▏ 1.3 GB/3.3 GB  2.5 MB/s  12m54s[K[A[1Gpulling manifest [K
pulling bdbf939b402e:  40% ▕███████           ▏ 1.3 GB/3.3 GB  2.5 MB/s  12m53s[K[A[1Gpulling manifest [K
pulling bdbf939b402e:  40% ▕███████           ▏ 1.3 GB/3.3 GB  2.5 MB/s  12m53s[K[A[1Gpulling manifest [K
pulling bdbf939b402e:  40% ▕███████           ▏ 1.3 GB/3.3 GB  2.5 MB/s  12m53s[K[A[1Gpulling manifest [K
pulling bdbf939b402e:  40% ▕███████           ▏ 1.3 GB/3.3 GB  2.5 MB/s  12m53s[K[A[1Gpulling manifest [K
pulling bdbf939b402e:  40% ▕███████           ▏ 1.3 GB/3.3 GB  2.6 MB/s  12m30s[K[A[1Gpulling manifest [K
pulling bdbf939b402e:  40% ▕███████           ▏ 1.3 GB/3.3 GB  2.6 MB/s  12m30s[K[A[1Gpulling manifest [K
pulling bdbf939b402e:  40% ▕███████           ▏ 1.3 GB/3.3 GB  2.6 MB/s  12m30s[K[A[1Gpulling manifest [K
pulling bdbf939b402e:  40% ▕███████           ▏ 1.3 GB/3.3 GB  2.6 MB/s  12m30s[K[A[1Gpulling manifest [K
pulling bdbf939b402e:  40% ▕███████           ▏ 1.3 GB/3.3 GB  2.6 MB/s  12m30s[K[A[1Gpulling manifest [K
pulling bdbf939b402e:  40% ▕███████           ▏ 1.3 GB/3.3 GB  2.6 MB/s  12m30s[K[A[1Gpulling manifest [K
pulling bdbf939b402e:  40% ▕███████           ▏ 1.3 GB/3.3 GB  2.6 MB/s  12m29s[K[A[1Gpulling manifest [K
pulling bdbf939b402e:  40% ▕███████           ▏ 1.3 GB/3.3 GB  2.6 MB/s  12m29s[K[A[1Gpulling manifest [K
pulling bdbf939b402e:  40% ▕███████           ▏ 1.3 GB/3.3 GB  2.6 MB/s  12m29s[K[A[1Gpulling manifest [K
pulling bdbf939b402e:  40% ▕███████           ▏ 1.3 GB/3.3 GB  2.6 MB/s  12m29s[K[A[1Gpulling manifest [K
pulling bdbf939b402e:  40% ▕███████           ▏ 1.3 GB/3.3 GB  2.7 MB/s  12m16s[K[A[1Gpulling manifest [K
pulling bdbf939b402e:  40% ▕███████           ▏ 1.3 GB/3.3 GB  2.7 MB/s  12m16s[K[A[1Gpulling manifest [K
pulling bdbf939b402e:  40% ▕███████           ▏ 1.3 GB/3.3 GB  2.7 MB/s  12m16s[K[A[1Gpulling manifest [K
pulling bdbf939b402e:  40% ▕███████           ▏ 1.3 GB/3.3 GB  2.7 MB/s  12m16s[K[A[1Gpulling manifest [K
pulling bdbf939b402e:  40% ▕███████           ▏ 1.3 GB/3.3 GB  2.7 MB/s  12m16s[K[A[1Gpulling manifest [K
pulling bdbf939b402e:  40% ▕███████           ▏ 1.3 GB/3.3 GB  2.7 MB/s  12m16s[K[A[1Gpulling manifest [K
pulling bdbf939b402e:  40% ▕███████           ▏ 1.3 GB/3.3 GB  2.7 MB/s  12m16s[K[A[1Gpulling manifest [K
pulling bdbf939b402e:  40% ▕███████           ▏ 1.3 GB/3.3 GB  2.7 MB/s  12m16s[K[A[1Gpulling manifest [K
pulling bdbf939b402e:  40% ▕███████           ▏ 1.3 GB/3.3 GB  2.7 MB/s  12m16s[K[A[1Gpulling manifest [K
pulling bdbf939b402e:  40% ▕███████           ▏ 1.3 GB/3.3 GB  2.7 MB/s  12m16s[K[A[1Gpulling manifest [K
pulling bdbf939b402e:  40% ▕███████           ▏ 1.3 GB/3.3 GB  2.7 MB/s   12m7s[K[A[1Gpulling manifest [K
pulling bdbf939b402e:  40% ▕███████           ▏ 1.3 GB/3.3 GB  2.7 MB/s   12m6s[K[A[1Gpulling manifest [K
pulling bdbf939b402e:  40% ▕███████           ▏ 1.3 GB/3.3 GB  2.7 MB/s   12m6s[K[A[1Gpulling manifest [K
pulling bdbf939b402e:  40% ▕███████           ▏ 1.3 GB/3.3 GB  2.7 MB/s   12m6s[K[A[1Gpulling manifest [K
pulling bdbf939b402e:  40% ▕███████           ▏ 1.3 GB/3.3 GB  2.7 MB/s   12m6s[K[A[1Gpulling manifest [K
pulling bdbf939b402e:  40% ▕███████           ▏ 1.3 GB/3.3 GB  2.7 MB/s   12m6s[K[A[1Gpulling manifest [K
pulling bdbf939b402e:  40% ▕███████           ▏ 1.3 GB/3.3 GB  2.7 MB/s   12m6s[K[A[1Gpulling manifest [K
pulling bdbf939b402e:  40% ▕███████           ▏ 1.3 GB/3.3 GB  2.7 MB/s   12m6s[K[A[1Gpulling manifest [K
pulling bdbf939b402e:  40% ▕███████           ▏ 1.3 GB/3.3 GB  2.7 MB/s   12m6s[K[A[1Gpulling manifest [K
pulling bdbf939b402e:  40% ▕███████           ▏ 1.3 GB/3.3 GB  2.7 MB/s   12m6s[K[A[1Gpulling manifest [K
pulling bdbf939b402e:  41% ▕███████           ▏ 1.3 GB/3.3 GB  2.8 MB/s  11m36s[K[A[1Gpulling manifest [K
pulling bdbf939b402e:  41% ▕███████           ▏ 1.3 GB/3.3 GB  2.8 MB/s  11m36s[K[A[1Gpulling manifest [K
pulling bdbf939b402e:  41% ▕███████           ▏ 1.3 GB/3.3 GB  2.8 MB/s  11m36s[K[A[1Gpulling manifest [K
pulling bdbf939b402e:  41% ▕███████           ▏ 1.3 GB/3.3 GB  2.8 MB/s  11m36s[K[A[1Gpulling manifest [K
pulling bdbf939b402e:  41% ▕███████           ▏ 1.3 GB/3.3 GB  2.8 MB/s  11m36s[K[A[1Gpulling manifest [K
pulling bdbf939b402e:  41% ▕███████           ▏ 1.3 GB/3.3 GB  2.8 MB/s  11m36s[K[A[1Gpulling manifest [K
pulling bdbf939b402e:  41% ▕███████           ▏ 1.3 GB/3.3 GB  2.8 MB/s  11m36s[K[A[1Gpulling manifest [K
pulling bdbf939b402e:  41% ▕███████           ▏ 1.3 GB/3.3 GB  2.8 MB/s  11m36s[K[A[1Gpulling manifest [K
pulling bdbf939b402e:  41% ▕███████           ▏ 1.3 GB/3.3 GB  2.8 MB/s  11m36s[K[A[1Gpulling manifest [K
pulling bdbf939b402e:  41% ▕███████           ▏ 1.3 GB/3.3 GB  2.8 MB/s  11m36s[K[A[1Gpulling manifest [K
pulling bdbf939b402e:  41% ▕███████           ▏ 1.3 GB/3.3 GB  2.8 MB/s  11m35s[K[A[1Gpulling manifest [K
pulling bdbf939b402e:  41% ▕███████           ▏ 1.3 GB/3.3 GB  2.9 MB/s  11m26s[K[A[1Gpulling manifest [K
pulling bdbf939b402e:  41% ▕███████           ▏ 1.3 GB/3.3 GB  2.9 MB/s  11m26s[K[A[1Gpulling manifest [K
pulling bdbf939b402e:  41% ▕███████           ▏ 1.3 GB/3.3 GB  2.9 MB/s  11m25s[K[A[1Gpulling manifest [K
pulling bdbf939b402e:  41% ▕███████           ▏ 1.3 GB/3.3 GB  2.9 MB/s  11m25s[K[A[1Gpulling manifest [K
pulling bdbf939b402e:  41% ▕███████           ▏ 1.3 GB/3.3 GB  2.9 MB/s  11m25s[K[A[1Gpulling manifest [K
pulling bdbf939b402e:  41% ▕███████           ▏ 1.3 GB/3.3 GB  2.9 MB/s  11m25s[K[A[1Gpulling manifest [K
pulling bdbf939b402e:  41% ▕███████           ▏ 1.3 GB/3.3 GB  2.9 MB/s  11m25s[K[A[1Gpulling manifest [K
pulling bdbf939b402e:  41% ▕███████           ▏ 1.3 GB/3.3 GB  2.9 MB/s  11m25s[K[A[1Gpulling manifest [K
pulling bdbf939b402e:  41% ▕███████           ▏ 1.3 GB/3.3 GB  2.9 MB/s  11m25s[K[A[1Gpulling manifest [K
pulling bdbf939b402e:  41% ▕███████           ▏ 1.3 GB/3.3 GB  2.9 MB/s  11m25s[K[A[1Gpulling manifest [K
pulling bdbf939b402e:  41% ▕███████           ▏ 1.3 GB/3.3 GB  2.8 MB/s  11m27s[K[A[1Gpulling manifest [K
pulling bdbf939b402e:  41% ▕███████           ▏ 1.3 GB/3.3 GB  2.8 MB/s  11m27s[K[A[1Gpulling manifest [K
pulling bdbf939b402e:  41% ▕███████           ▏ 1.3 GB/3.3 GB  2.8 MB/s  11m27s[K[A[1Gpulling manifest [K
pulling bdbf939b402e:  41% ▕███████           ▏ 1.3 GB/3.3 GB  2.8 MB/s  11m26s[K[A[1Gpulling manifest [K
pulling bdbf939b402e:  41% ▕███████           ▏ 1.3 GB/3.3 GB  2.8 MB/s  11m26s[K[A[1Gpulling manifest [K
pulling bdbf939b402e:  41% ▕███████           ▏ 1.3 GB/3.3 GB  2.8 MB/s  11m26s[K[A[1Gpulling manifest [K
pulling bdbf939b402e:  41% ▕███████           ▏ 1.3 GB/3.3 GB  2.8 MB/s  11m26s[K[A[1Gpulling manifest [K
pulling bdbf939b402e:  41% ▕███████           ▏ 1.3 GB/3.3 GB  2.8 MB/s  11m26s[K[A[1Gpulling manifest [K
pulling bdbf939b402e:  41% ▕███████           ▏ 1.3 GB/3.3 GB  2.8 MB/s  11m26s[K[A[1Gpulling manifest [K
pulling bdbf939b402e:  41% ▕███████           ▏ 1.3 GB/3.3 GB  2.8 MB/s  11m26s[K[A[1Gpulling manifest [K
pulling bdbf939b402e:  41% ▕███████           ▏ 1.3 GB/3.3 GB  2.9 MB/s  11m11s[K[A[1Gpulling manifest [K
pulling bdbf939b402e:  41% ▕███████           ▏ 1.3 GB/3.3 GB  2.9 MB/s  11m11s[K[A[1Gpulling manifest [K
pulling bdbf939b402e:  41% ▕███████           ▏ 1.3 GB/3.3 GB  2.9 MB/s  11m11s[K[A[1Gpulling manifest [K
pulling bdbf939b402e:  41% ▕███████           ▏ 1.3 GB/3.3 GB  2.9 MB/s  11m11s[K[A[1Gpulling manifest [K
pulling bdbf939b402e:  41% ▕███████           ▏ 1.3 GB/3.3 GB  2.9 MB/s  11m10s[K[A[1Gpulling manifest [K
pulling bdbf939b402e:  41% ▕███████           ▏ 1.3 GB/3.3 GB  2.9 MB/s  11m10s[K[A[1Gpulling manifest [K
pulling bdbf939b402e:  41% ▕███████           ▏ 1.3 GB/3.3 GB  2.9 MB/s  11m10s[K[A[1Gpulling manifest [K
pulling bdbf939b402e:  41% ▕███████           ▏ 1.3 GB/3.3 GB  2.9 MB/s  11m10s[K[A[1Gpulling manifest [K
pulling bdbf939b402e:  41% ▕███████           ▏ 1.3 GB/3.3 GB  2.9 MB/s  11m10s[K[A[1Gpulling manifest [K
pulling bdbf939b402e:  41% ▕███████           ▏ 1.3 GB/3.3 GB  2.9 MB/s  11m10s[K[A[1Gpulling manifest [K
pulling bdbf939b402e:  41% ▕███████           ▏ 1.3 GB/3.3 GB  2.9 MB/s  11m16s[K[A[1Gpulling manifest [K
pulling bdbf939b402e:  41% ▕███████           ▏ 1.3 GB/3.3 GB  2.9 MB/s  11m16s[K[A[1Gpulling manifest [K
pulling bdbf939b402e:  41% ▕███████           ▏ 1.3 GB/3.3 GB  2.9 MB/s  11m16s[K[A[1Gpulling manifest [K
pulling bdbf939b402e:  41% ▕███████           ▏ 1.3 GB/3.3 GB  2.9 MB/s  11m16s[K[A[1Gpulling manifest [K
pulling bdbf939b402e:  41% ▕███████           ▏ 1.3 GB/3.3 GB  2.9 MB/s  11m15s[K[A[1Gpulling manifest [K
pulling bdbf939b402e:  41% ▕███████           ▏ 1.3 GB/3.3 GB  2.9 MB/s  11m15s[K[A[1Gpulling manifest [K
pulling bdbf939b402e:  41% ▕███████           ▏ 1.3 GB/3.3 GB  2.9 MB/s  11m15s[K[A[1Gpulling manifest [K
pulling bdbf939b402e:  41% ▕███████           ▏ 1.3 GB/3.3 GB  2.9 MB/s  11m15s[K[A[1Gpulling manifest [K
pulling bdbf939b402e:  41% ▕███████           ▏ 1.3 GB/3.3 GB  2.9 MB/s  11m15s[K[A[1Gpulling manifest [K
pulling bdbf939b402e:  41% ▕███████           ▏ 1.4 GB/3.3 GB  2.9 MB/s  11m15s[K[A[1Gpulling manifest [K
pulling bdbf939b402e:  41% ▕███████           ▏ 1.4 GB/3.3 GB  3.0 MB/s  10m57s[K[A[1Gpulling manifest [K
pulling bdbf939b402e:  41% ▕███████           ▏ 1.4 GB/3.3 GB  3.0 MB/s  10m57s[K[A[1Gpulling manifest [K
pulling bdbf939b402e:  41% ▕███████           ▏ 1.4 GB/3.3 GB  3.0 MB/s  10m57s[K[A[1Gpulling manifest [K
pulling bdbf939b402e:  41% ▕███████           ▏ 1.4 GB/3.3 GB  3.0 MB/s  10m56s[K[A[1Gpulling manifest [K
pulling bdbf939b402e:  41% ▕███████           ▏ 1.4 GB/3.3 GB  3.0 MB/s  10m56s[K[A[1Gpulling manifest [K
pulling bdbf939b402e:  41% ▕███████           ▏ 1.4 GB/3.3 GB  3.0 MB/s  10m56s[K[A[1Gpulling manifest [K
pulling bdbf939b402e:  41% ▕███████           ▏ 1.4 GB/3.3 GB  3.0 MB/s  10m56s[K[A[1Gpulling manifest [K
pulling bdbf939b402e:  41% ▕███████           ▏ 1.4 GB/3.3 GB  3.0 MB/s  10m56s[K[A[1Gpulling manifest [K
pulling bdbf939b402e:  41% ▕███████           ▏ 1.4 GB/3.3 GB  3.0 MB/s  10m56s[K[A[1Gpulling manifest [K
pulling bdbf939b402e:  41% ▕███████           ▏ 1.4 GB/3.3 GB  3.0 MB/s  10m56s[K[A[1Gpulling manifest [K
pulling bdbf939b402e:  41% ▕███████           ▏ 1.4 GB/3.3 GB  3.0 MB/s  10m56s[K[A[1Gpulling manifest [K
pulling bdbf939b402e:  41% ▕███████           ▏ 1.4 GB/3.3 GB  3.0 MB/s  10m57s[K[A[1Gpulling manifest [K
pulling bdbf939b402e:  41% ▕███████           ▏ 1.4 GB/3.3 GB  3.0 MB/s  10m56s[K[A[1Gpulling manifest [K
pulling bdbf939b402e:  41% ▕███████           ▏ 1.4 GB/3.3 GB  3.0 MB/s  10m56s[K[A[1Gpulling manifest [K
pulling bdbf939b402e:  41% ▕███████           ▏ 1.4 GB/3.3 GB  3.0 MB/s  10m56s[K[A[1Gpulling manifest [K
pulling bdbf939b402e:  41% ▕███████           ▏ 1.4 GB/3.3 GB  3.0 MB/s  10m56s[K[A[1Gpulling manifest [K
pulling bdbf939b402e:  41% ▕███████           ▏ 1.4 GB/3.3 GB  3.0 MB/s  10m56s[K[A[1Gpulling manifest [K
pulling bdbf939b402e:  41% ▕███████           ▏ 1.4 GB/3.3 GB  3.0 MB/s  10m56s[K[A[1Gpulling manifest [K
pulling bdbf939b402e:  41% ▕███████           ▏ 1.4 GB/3.3 GB  3.0 MB/s  10m56s[K[A[1Gpulling manifest [K
pulling bdbf939b402e:  41% ▕███████           ▏ 1.4 GB/3.3 GB  3.0 MB/s  10m56s[K[A[1Gpulling manifest [K
pulling bdbf939b402e:  41% ▕███████           ▏ 1.4 GB/3.3 GB  3.0 MB/s  10m56s[K[A[1Gpulling manifest [K
pulling bdbf939b402e:  41% ▕███████           ▏ 1.4 GB/3.3 GB  3.0 MB/s  10m38s[K[A[1Gpulling manifest [K
pulling bdbf939b402e:  41% ▕███████           ▏ 1.4 GB/3.3 GB  3.0 MB/s  10m38s[K[A[1Gpulling manifest [K
pulling bdbf939b402e:  41% ▕███████           ▏ 1.4 GB/3.3 GB  3.0 MB/s  10m38s[K[A[1Gpulling manifest [K
pulling bdbf939b402e:  41% ▕███████           ▏ 1.4 GB/3.3 GB  3.0 MB/s  10m37s[K[A[1Gpulling manifest [K
pulling bdbf939b402e:  41% ▕███████           ▏ 1.4 GB/3.3 GB  3.0 MB/s  10m37s[K[A[1Gpulling manifest [K
pulling bdbf939b402e:  41% ▕███████           ▏ 1.4 GB/3.3 GB  3.0 MB/s  10m37s[K[A[1Gpulling manifest [K
pulling bdbf939b402e:  41% ▕███████           ▏ 1.4 GB/3.3 GB  3.0 MB/s  10m37s[K[A[1Gpulling manifest [K
pulling bdbf939b402e:  41% ▕███████           ▏ 1.4 GB/3.3 GB  3.0 MB/s  10m37s[K[A[1Gpulling manifest [K
pulling bdbf939b402e:  41% ▕███████           ▏ 1.4 GB/3.3 GB  3.0 MB/s  10m37s[K[A[1Gpulling manifest [K
pulling bdbf939b402e:  41% ▕███████           ▏ 1.4 GB/3.3 GB  3.0 MB/s  10m37s[K[A[1Gpulling manifest [K
pulling bdbf939b402e:  41% ▕███████           ▏ 1.4 GB/3.3 GB  3.2 MB/s   9m59s[K[A[1Gpulling manifest [K
pulling bdbf939b402e:  41% ▕███████           ▏ 1.4 GB/3.3 GB  3.2 MB/s   9m59s[K[A[1Gpulling manifest [K
pulling bdbf939b402e:  41% ▕███████           ▏ 1.4 GB/3.3 GB  3.2 MB/s   9m59s[K[A[1Gpulling manifest [K
pulling bdbf939b402e:  41% ▕███████           ▏ 1.4 GB/3.3 GB  3.2 MB/s   9m59s[K[A[1Gpulling manifest [K
pulling bdbf939b402e:  41% ▕███████           ▏ 1.4 GB/3.3 GB  3.2 MB/s   9m59s[K[A[1Gpulling manifest [K
pulling bdbf939b402e:  41% ▕███████           ▏ 1.4 GB/3.3 GB  3.2 MB/s   9m59s[K[A[1Gpulling manifest [K
pulling bdbf939b402e:  41% ▕███████           ▏ 1.4 GB/3.3 GB  3.2 MB/s   9m59s[K[A[1Gpulling manifest [K
pulling bdbf939b402e:  41% ▕███████           ▏ 1.4 GB/3.3 GB  3.2 MB/s   9m59s[K[A[1Gpulling manifest [K
pulling bdbf939b402e:  41% ▕███████           ▏ 1.4 GB/3.3 GB  3.2 MB/s   9m59s[K[A[1Gpulling manifest [K
pulling bdbf939b402e:  41% ▕███████           ▏ 1.4 GB/3.3 GB  3.2 MB/s   9m59s[K[A[1Gpulling manifest [K
pulling bdbf939b402e:  41% ▕███████           ▏ 1.4 GB/3.3 GB  3.1 MB/s  10m20s[K[A[1Gpulling manifest [K
pulling bdbf939b402e:  41% ▕███████           ▏ 1.4 GB/3.3 GB  3.1 MB/s  10m20s[K[A[1Gpulling manifest [K
pulling bdbf939b402e:  41% ▕███████           ▏ 1.4 GB/3.3 GB  3.1 MB/s  10m20s[K[A[1Gpulling manifest [K
pulling bdbf939b402e:  41% ▕███████           ▏ 1.4 GB/3.3 GB  3.1 MB/s  10m20s[K[A[1Gpulling manifest [K
pulling bdbf939b402e:  41% ▕███████           ▏ 1.4 GB/3.3 GB  3.1 MB/s  10m20s[K[A[1Gpulling manifest [K
pulling bdbf939b402e:  41% ▕███████           ▏ 1.4 GB/3.3 GB  3.1 MB/s  10m20s[K[A[1Gpulling manifest [K
pulling bdbf939b402e:  41% ▕███████           ▏ 1.4 GB/3.3 GB  3.1 MB/s  10m20s[K[A[1Gpulling manifest [K
pulling bdbf939b402e:  41% ▕███████           ▏ 1.4 GB/3.3 GB  3.1 MB/s  10m19s[K[A[1Gpulling manifest [K
pulling bdbf939b402e:  41% ▕███████           ▏ 1.4 GB/3.3 GB  3.1 MB/s  10m19s[K[A[1Gpulling manifest [K
pulling bdbf939b402e:  41% ▕███████           ▏ 1.4 GB/3.3 GB  3.1 MB/s  10m19s[K[A[1Gpulling manifest [K
pulling bdbf939b402e:  41% ▕███████           ▏ 1.4 GB/3.3 GB  3.1 MB/s  10m17s[K[A[1Gpulling manifest [K
pulling bdbf939b402e:  41% ▕███████           ▏ 1.4 GB/3.3 GB  3.1 MB/s  10m17s[K[A[1Gpulling manifest [K
pulling bdbf939b402e:  41% ▕███████           ▏ 1.4 GB/3.3 GB  3.1 MB/s  10m16s[K[A[1Gpulling manifest [K
pulling bdbf939b402e:  41% ▕███████           ▏ 1.4 GB/3.3 GB  3.1 MB/s  10m16s[K[A[1Gpulling manifest [K
pulling bdbf939b402e:  41% ▕███████           ▏ 1.4 GB/3.3 GB  3.1 MB/s  10m16s[K[A[1Gpulling manifest [K
pulling bdbf939b402e:  42% ▕███████           ▏ 1.4 GB/3.3 GB  3.1 MB/s  10m16s[K[A[1Gpulling manifest [K
pulling bdbf939b402e:  42% ▕███████           ▏ 1.4 GB/3.3 GB  3.1 MB/s  10m16s[K[A[1Gpulling manifest [K
pulling bdbf939b402e:  42% ▕███████           ▏ 1.4 GB/3.3 GB  3.1 MB/s  10m16s[K[A[1Gpulling manifest [K
pulling bdbf939b402e:  42% ▕███████           ▏ 1.4 GB/3.3 GB  3.1 MB/s  10m16s[K[A[1Gpulling manifest [K
pulling bdbf939b402e:  42% ▕███████           ▏ 1.4 GB/3.3 GB  3.1 MB/s  10m16s[K[A[1Gpulling manifest [K
pulling bdbf939b402e:  42% ▕███████           ▏ 1.4 GB/3.3 GB  3.1 MB/s  10m16s[K[A[1Gpulling manifest [K
pulling bdbf939b402e:  42% ▕███████           ▏ 1.4 GB/3.3 GB  3.2 MB/s   9m56s[K[A[1Gpulling manifest [K
pulling bdbf939b402e:  42% ▕███████           ▏ 1.4 GB/3.3 GB  3.2 MB/s   9m56s[K[A[1Gpulling manifest [K
pulling bdbf939b402e:  42% ▕███████           ▏ 1.4 GB/3.3 GB  3.2 MB/s   9m56s[K[A[1Gpulling manifest [K
pulling bdbf939b402e:  42% ▕███████           ▏ 1.4 GB/3.3 GB  3.2 MB/s   9m56s[K[A[1Gpulling manifest [K
pulling bdbf939b402e:  42% ▕███████           ▏ 1.4 GB/3.3 GB  3.2 MB/s   9m56s[K[A[1Gpulling manifest [K
pulling bdbf939b402e:  42% ▕███████           ▏ 1.4 GB/3.3 GB  3.2 MB/s   9m56s[K[A[1Gpulling manifest [K
pulling bdbf939b402e:  42% ▕███████           ▏ 1.4 GB/3.3 GB  3.2 MB/s   9m56s[K[A[1Gpulling manifest [K
pulling bdbf939b402e:  42% ▕███████           ▏ 1.4 GB/3.3 GB  3.2 MB/s   9m56s[K[A[1Gpulling manifest [K
pulling bdbf939b402e:  42% ▕███████           ▏ 1.4 GB/3.3 GB  3.2 MB/s   9m56s[K[A[1Gpulling manifest [K
pulling bdbf939b402e:  42% ▕███████           ▏ 1.4 GB/3.3 GB  3.2 MB/s   9m56s[K[A[1Gpulling manifest [K
pulling bdbf939b402e:  42% ▕███████           ▏ 1.4 GB/3.3 GB  3.2 MB/s   10m4s[K[A[1Gpulling manifest [K
pulling bdbf939b402e:  42% ▕███████           ▏ 1.4 GB/3.3 GB  3.2 MB/s   10m4s[K[A[1Gpulling manifest [K
pulling bdbf939b402e:  42% ▕███████           ▏ 1.4 GB/3.3 GB  3.2 MB/s   10m4s[K[A[1Gpulling manifest [K
pulling bdbf939b402e:  42% ▕███████           ▏ 1.4 GB/3.3 GB  3.2 MB/s   10m4s[K[A[1Gpulling manifest [K
pulling bdbf939b402e:  42% ▕███████           ▏ 1.4 GB/3.3 GB  3.2 MB/s   10m4s[K[A[1Gpulling manifest [K
pulling bdbf939b402e:  42% ▕███████           ▏ 1.4 GB/3.3 GB  3.2 MB/s   10m4s[K[A[1Gpulling manifest [K
pulling bdbf939b402e:  42% ▕███████           ▏ 1.4 GB/3.3 GB  3.2 MB/s   10m3s[K[A[1Gpulling manifest [K
pulling bdbf939b402e:  42% ▕███████           ▏ 1.4 GB/3.3 GB  3.2 MB/s   10m3s[K[A[1Gpulling manifest [K
pulling bdbf939b402e:  42% ▕███████           ▏ 1.4 GB/3.3 GB  3.2 MB/s   10m3s[K[A[1Gpulling manifest [K
pulling bdbf939b402e:  42% ▕███████           ▏ 1.4 GB/3.3 GB  3.2 MB/s   10m3s[K[A[1Gpulling manifest [K
pulling bdbf939b402e:  42% ▕███████           ▏ 1.4 GB/3.3 GB  3.2 MB/s   10m9s[K[A[1Gpulling manifest [K
pulling bdbf939b402e:  42% ▕███████           ▏ 1.4 GB/3.3 GB  3.2 MB/s   10m8s[K[A[1Gpulling manifest [K
pulling bdbf939b402e:  42% ▕███████           ▏ 1.4 GB/3.3 GB  3.2 MB/s   10m8s[K[A[1Gpulling manifest [K
pulling bdbf939b402e:  42% ▕███████           ▏ 1.4 GB/3.3 GB  3.2 MB/s   10m8s[K[A[1Gpulling manifest [K
pulling bdbf939b402e:  42% ▕███████           ▏ 1.4 GB/3.3 GB  3.2 MB/s   10m8s[K[A[1Gpulling manifest [K
pulling bdbf939b402e:  42% ▕███████           ▏ 1.4 GB/3.3 GB  3.2 MB/s   10m8s[K[A[1Gpulling manifest [K
pulling bdbf939b402e:  42% ▕███████           ▏ 1.4 GB/3.3 GB  3.2 MB/s   10m8s[K[A[1Gpulling manifest [K
pulling bdbf939b402e:  42% ▕███████           ▏ 1.4 GB/3.3 GB  3.2 MB/s   10m8s[K[A[1Gpulling manifest [K
pulling bdbf939b402e:  42% ▕███████           ▏ 1.4 GB/3.3 GB  3.2 MB/s   10m8s[K[A[1Gpulling manifest [K
pulling bdbf939b402e:  42% ▕███████           ▏ 1.4 GB/3.3 GB  3.2 MB/s   10m8s[K[A[1Gpulling manifest [K
pulling bdbf939b402e:  42% ▕███████           ▏ 1.4 GB/3.3 GB  3.1 MB/s  10m16s[K[A[1Gpulling manifest [K
pulling bdbf939b402e:  42% ▕███████           ▏ 1.4 GB/3.3 GB  3.1 MB/s  10m16s[K[A[1Gpulling manifest [K
pulling bdbf939b402e:  42% ▕███████           ▏ 1.4 GB/3.3 GB  3.1 MB/s  10m16s[K[A[1Gpulling manifest [K
pulling bdbf939b402e:  42% ▕███████           ▏ 1.4 GB/3.3 GB  3.1 MB/s  10m16s[K[A[1Gpulling manifest [K
pulling bdbf939b402e:  42% ▕███████           ▏ 1.4 GB/3.3 GB  3.1 MB/s  10m15s[K[A[1Gpulling manifest [K
pulling bdbf939b402e:  42% ▕███████           ▏ 1.4 GB/3.3 GB  3.1 MB/s  10m15s[K[A[1Gpulling manifest [K
pulling bdbf939b402e:  42% ▕███████           ▏ 1.4 GB/3.3 GB  3.1 MB/s  10m15s[K[A[1Gpulling manifest [K
pulling bdbf939b402e:  42% ▕███████           ▏ 1.4 GB/3.3 GB  3.1 MB/s  10m15s[K[A[1Gpulling manifest [K
pulling bdbf939b402e:  42% ▕███████           ▏ 1.4 GB/3.3 GB  3.1 MB/s  10m15s[K[A[1Gpulling manifest [K
pulling bdbf939b402e:  42% ▕███████           ▏ 1.4 GB/3.3 GB  3.1 MB/s  10m15s[K[A[1Gpulling manifest [K
pulling bdbf939b402e:  42% ▕███████           ▏ 1.4 GB/3.3 GB  3.1 MB/s  10m11s[K[A[1Gpulling manifest [K
pulling bdbf939b402e:  42% ▕███████           ▏ 1.4 GB/3.3 GB  3.1 MB/s  10m11s[K[A[1Gpulling manifest [K
pulling bdbf939b402e:  42% ▕███████           ▏ 1.4 GB/3.3 GB  3.1 MB/s  10m11s[K[A[1Gpulling manifest [K
pulling bdbf939b402e:  42% ▕███████           ▏ 1.4 GB/3.3 GB  3.1 MB/s  10m11s[K[A[1Gpulling manifest [K
pulling bdbf939b402e:  42% ▕███████           ▏ 1.4 GB/3.3 GB  3.1 MB/s  10m11s[K[A[1Gpulling manifest [K
pulling bdbf939b402e:  42% ▕███████           ▏ 1.4 GB/3.3 GB  3.1 MB/s  10m11s[K[A[1Gpulling manifest [K
pulling bdbf939b402e:  42% ▕███████           ▏ 1.4 GB/3.3 GB  3.1 MB/s  10m11s[K[A[1Gpulling manifest [K
pulling bdbf939b402e:  42% ▕███████           ▏ 1.4 GB/3.3 GB  3.1 MB/s  10m11s[K[A[1Gpulling manifest [K
pulling bdbf939b402e:  42% ▕███████           ▏ 1.4 GB/3.3 GB  3.1 MB/s  10m10s[K[A[1Gpulling manifest [K
pulling bdbf939b402e:  42% ▕███████           ▏ 1.4 GB/3.3 GB  3.1 MB/s  10m10s[K[A[1Gpulling manifest [K
pulling bdbf939b402e:  42% ▕███████           ▏ 1.4 GB/3.3 GB  3.1 MB/s  10m10s[K[A[1Gpulling manifest [K
pulling bdbf939b402e:  42% ▕███████           ▏ 1.4 GB/3.3 GB  3.0 MB/s  10m34s[K[A[1Gpulling manifest [K
pulling bdbf939b402e:  42% ▕███████           ▏ 1.4 GB/3.3 GB  3.0 MB/s  10m34s[K[A[1Gpulling manifest [K
pulling bdbf939b402e:  42% ▕███████           ▏ 1.4 GB/3.3 GB  3.0 MB/s  10m34s[K[A[1Gpulling manifest [K
pulling bdbf939b402e:  42% ▕███████           ▏ 1.4 GB/3.3 GB  3.0 MB/s  10m34s[K[A[1Gpulling manifest [K
pulling bdbf939b402e:  42% ▕███████           ▏ 1.4 GB/3.3 GB  3.0 MB/s  10m34s[K[A[1Gpulling manifest [K
pulling bdbf939b402e:  42% ▕███████           ▏ 1.4 GB/3.3 GB  3.0 MB/s  10m34s[K[A[1Gpulling manifest [K
pulling bdbf939b402e:  42% ▕███████           ▏ 1.4 GB/3.3 GB  3.0 MB/s  10m34s[K[A[1Gpulling manifest [K
pulling bdbf939b402e:  42% ▕███████           ▏ 1.4 GB/3.3 GB  3.0 MB/s  10m34s[K[A[1Gpulling manifest [K
pulling bdbf939b402e:  42% ▕███████           ▏ 1.4 GB/3.3 GB  3.0 MB/s  10m34s[K[A[1Gpulling manifest [K
pulling bdbf939b402e:  42% ▕███████           ▏ 1.4 GB/3.3 GB  3.0 MB/s  10m34s[K[A[1Gpulling manifest [K
pulling bdbf939b402e:  42% ▕███████           ▏ 1.4 GB/3.3 GB  2.9 MB/s  10m58s[K[A[1Gpulling manifest [K
pulling bdbf939b402e:  42% ▕███████           ▏ 1.4 GB/3.3 GB  2.9 MB/s  10m58s[K[A[1Gpulling manifest [K
pulling bdbf939b402e:  42% ▕███████           ▏ 1.4 GB/3.3 GB  2.9 MB/s  10m58s[K[A[1Gpulling manifest [K
pulling bdbf939b402e:  42% ▕███████           ▏ 1.4 GB/3.3 GB  2.9 MB/s  10m58s[K[A[1Gpulling manifest [K
pulling bdbf939b402e:  42% ▕███████           ▏ 1.4 GB/3.3 GB  2.9 MB/s  10m57s[K[A[1Gpulling manifest [K
pulling bdbf939b402e:  42% ▕███████           ▏ 1.4 GB/3.3 GB  2.9 MB/s  10m57s[K[A[1Gpulling manifest [K
pulling bdbf939b402e:  42% ▕███████           ▏ 1.4 GB/3.3 GB  2.9 MB/s  10m57s[K[A[1Gpulling manifest [K
pulling bdbf939b402e:  42% ▕███████           ▏ 1.4 GB/3.3 GB  2.9 MB/s  10m57s[K[A[1Gpulling manifest [K
pulling bdbf939b402e:  42% ▕███████           ▏ 1.4 GB/3.3 GB  2.9 MB/s  10m57s[K[A[1Gpulling manifest [K
pulling bdbf939b402e:  42% ▕███████           ▏ 1.4 GB/3.3 GB  2.9 MB/s  10m57s[K[A[1Gpulling manifest [K
pulling bdbf939b402e:  42% ▕███████           ▏ 1.4 GB/3.3 GB  3.0 MB/s  10m39s[K[A[1Gpulling manifest [K
pulling bdbf939b402e:  42% ▕███████           ▏ 1.4 GB/3.3 GB  3.0 MB/s  10m39s[K[A[1Gpulling manifest [K
pulling bdbf939b402e:  42% ▕███████           ▏ 1.4 GB/3.3 GB  3.0 MB/s  10m39s[K[A[1Gpulling manifest [K
pulling bdbf939b402e:  42% ▕███████           ▏ 1.4 GB/3.3 GB  3.0 MB/s  10m39s[K[A[1Gpulling manifest [K
pulling bdbf939b402e:  42% ▕███████           ▏ 1.4 GB/3.3 GB  3.0 MB/s  10m39s[K[A[1Gpulling manifest [K
pulling bdbf939b402e:  42% ▕███████           ▏ 1.4 GB/3.3 GB  3.0 MB/s  10m38s[K[A[1Gpulling manifest [K
pulling bdbf939b402e:  42% ▕███████           ▏ 1.4 GB/3.3 GB  3.0 MB/s  10m38s[K[A[1Gpulling manifest [K
pulling bdbf939b402e:  42% ▕███████           ▏ 1.4 GB/3.3 GB  3.0 MB/s  10m38s[K[A[1Gpulling manifest [K
pulling bdbf939b402e:  42% ▕███████           ▏ 1.4 GB/3.3 GB  3.0 MB/s  10m38s[K[A[1Gpulling manifest [K
pulling bdbf939b402e:  42% ▕███████           ▏ 1.4 GB/3.3 GB  3.0 MB/s  10m38s[K[A[1Gpulling manifest [K
pulling bdbf939b402e:  42% ▕███████           ▏ 1.4 GB/3.3 GB  2.9 MB/s  10m52s[K[A[1Gpulling manifest [K
pulling bdbf939b402e:  42% ▕███████           ▏ 1.4 GB/3.3 GB  2.9 MB/s  10m52s[K[A[1Gpulling manifest [K
pulling bdbf939b402e:  42% ▕███████           ▏ 1.4 GB/3.3 GB  2.9 MB/s  10m52s[K[A[1Gpulling manifest [K
pulling bdbf939b402e:  42% ▕███████           ▏ 1.4 GB/3.3 GB  2.9 MB/s  10m52s[K[A[1Gpulling manifest [K
pulling bdbf939b402e:  42% ▕███████           ▏ 1.4 GB/3.3 GB  2.9 MB/s  10m52s[K[A[1Gpulling manifest [K
pulling bdbf939b402e:  42% ▕███████           ▏ 1.4 GB/3.3 GB  2.9 MB/s  10m52s[K[A[1Gpulling manifest [K
pulling bdbf939b402e:  42% ▕███████           ▏ 1.4 GB/3.3 GB  2.9 MB/s  10m52s[K[A[1Gpulling manifest [K
pulling bdbf939b402e:  42% ▕███████           ▏ 1.4 GB/3.3 GB  2.9 MB/s  10m51s[K[A[1Gpulling manifest [K
pulling bdbf939b402e:  42% ▕███████           ▏ 1.4 GB/3.3 GB  2.9 MB/s  10m51s[K[A[1Gpulling manifest [K
pulling bdbf939b402e:  42% ▕███████           ▏ 1.4 GB/3.3 GB  2.9 MB/s  10m51s[K[A[1Gpulling manifest [K
pulling bdbf939b402e:  42% ▕███████           ▏ 1.4 GB/3.3 GB  2.8 MB/s   11m7s[K[A[1Gpulling manifest [K
pulling bdbf939b402e:  42% ▕███████           ▏ 1.4 GB/3.3 GB  2.8 MB/s   11m7s[K[A[1Gpulling manifest [K
pulling bdbf939b402e:  42% ▕███████           ▏ 1.4 GB/3.3 GB  2.8 MB/s   11m7s[K[A[1Gpulling manifest [K
pulling bdbf939b402e:  42% ▕███████           ▏ 1.4 GB/3.3 GB  2.8 MB/s   11m7s[K[A[1Gpulling manifest [K
pulling bdbf939b402e:  42% ▕███████           ▏ 1.4 GB/3.3 GB  2.8 MB/s   11m7s[K[A[1Gpulling manifest [K
pulling bdbf939b402e:  42% ▕███████           ▏ 1.4 GB/3.3 GB  2.8 MB/s   11m7s[K[A[1Gpulling manifest [K
pulling bdbf939b402e:  42% ▕███████           ▏ 1.4 GB/3.3 GB  2.8 MB/s   11m7s[K[A[1Gpulling manifest [K
pulling bdbf939b402e:  42% ▕███████           ▏ 1.4 GB/3.3 GB  2.8 MB/s   11m7s[K[A[1Gpulling manifest [K
pulling bdbf939b402e:  42% ▕███████           ▏ 1.4 GB/3.3 GB  2.8 MB/s   11m7s[K[A[1Gpulling manifest [K
pulling bdbf939b402e:  42% ▕███████           ▏ 1.4 GB/3.3 GB  2.8 MB/s   11m7s[K[A[1Gpulling manifest [K
pulling bdbf939b402e:  42% ▕███████           ▏ 1.4 GB/3.3 GB  2.8 MB/s   11m7s[K[A[1Gpulling manifest [K
pulling bdbf939b402e:  42% ▕███████           ▏ 1.4 GB/3.3 GB  2.9 MB/s   11m1s[K[A[1Gpulling manifest [K
pulling bdbf939b402e:  42% ▕███████           ▏ 1.4 GB/3.3 GB  2.9 MB/s   11m1s[K[A[1Gpulling manifest [K
pulling bdbf939b402e:  42% ▕███████           ▏ 1.4 GB/3.3 GB  2.9 MB/s   11m1s[K[A[1Gpulling manifest [K
pulling bdbf939b402e:  42% ▕███████           ▏ 1.4 GB/3.3 GB  2.9 MB/s   11m1s[K[A[1Gpulling manifest [K
pulling bdbf939b402e:  42% ▕███████           ▏ 1.4 GB/3.3 GB  2.9 MB/s   11m1s[K[A[1Gpulling manifest [K
pulling bdbf939b402e:  42% ▕███████           ▏ 1.4 GB/3.3 GB  2.9 MB/s   11m1s[K[A[1Gpulling manifest [K
pulling bdbf939b402e:  42% ▕███████           ▏ 1.4 GB/3.3 GB  2.9 MB/s   11m0s[K[A[1Gpulling manifest [K
pulling bdbf939b402e:  42% ▕███████           ▏ 1.4 GB/3.3 GB  2.9 MB/s   11m0s[K[A[1Gpulling manifest [K
pulling bdbf939b402e:  42% ▕███████           ▏ 1.4 GB/3.3 GB  2.9 MB/s   11m0s[K[A[1Gpulling manifest [K
pulling bdbf939b402e:  43% ▕███████           ▏ 1.4 GB/3.3 GB  2.9 MB/s   11m0s[K[A[1Gpulling manifest [K
pulling bdbf939b402e:  43% ▕███████           ▏ 1.4 GB/3.3 GB  3.0 MB/s  10m41s[K[A[1Gpulling manifest [K
pulling bdbf939b402e:  43% ▕███████           ▏ 1.4 GB/3.3 GB  3.0 MB/s  10m41s[K[A[1Gpulling manifest [K
pulling bdbf939b402e:  43% ▕███████           ▏ 1.4 GB/3.3 GB  3.0 MB/s  10m41s[K[A[1Gpulling manifest [K
pulling bdbf939b402e:  43% ▕███████           ▏ 1.4 GB/3.3 GB  3.0 MB/s  10m41s[K[A[1Gpulling manifest [K
pulling bdbf939b402e:  43% ▕███████           ▏ 1.4 GB/3.3 GB  3.0 MB/s  10m41s[K[A[1Gpulling manifest [K
pulling bdbf939b402e:  43% ▕███████           ▏ 1.4 GB/3.3 GB  3.0 MB/s  10m41s[K[A[1Gpulling manifest [K
pulling bdbf939b402e:  43% ▕███████           ▏ 1.4 GB/3.3 GB  3.0 MB/s  10m41s[K[A[1Gpulling manifest [K
pulling bdbf939b402e:  43% ▕███████           ▏ 1.4 GB/3.3 GB  3.0 MB/s  10m41s[K[A[1Gpulling manifest [K
pulling bdbf939b402e:  43% ▕███████           ▏ 1.4 GB/3.3 GB  3.0 MB/s  10m41s[K[A[1Gpulling manifest [K
pulling bdbf939b402e:  43% ▕███████           ▏ 1.4 GB/3.3 GB  3.0 MB/s  10m40s[K[A[1Gpulling manifest [K
pulling bdbf939b402e:  43% ▕███████           ▏ 1.4 GB/3.3 GB  3.0 MB/s  10m27s[K[A[1Gpulling manifest [K
pulling bdbf939b402e:  43% ▕███████           ▏ 1.4 GB/3.3 GB  3.0 MB/s  10m27s[K[A[1Gpulling manifest [K
pulling bdbf939b402e:  43% ▕███████           ▏ 1.4 GB/3.3 GB  3.0 MB/s  10m26s[K[A[1Gpulling manifest [K
pulling bdbf939b402e:  43% ▕███████           ▏ 1.4 GB/3.3 GB  3.0 MB/s  10m26s[K[A[1Gpulling manifest [K
pulling bdbf939b402e:  43% ▕███████           ▏ 1.4 GB/3.3 GB  3.0 MB/s  10m26s[K[A[1Gpulling manifest [K
pulling bdbf939b402e:  43% ▕███████           ▏ 1.4 GB/3.3 GB  3.0 MB/s  10m26s[K[A[1Gpulling manifest [K
pulling bdbf939b402e:  43% ▕███████           ▏ 1.4 GB/3.3 GB  3.0 MB/s  10m26s[K[A[1Gpulling manifest [K
pulling bdbf939b402e:  43% ▕███████           ▏ 1.4 GB/3.3 GB  3.0 MB/s  10m26s[K[A[1Gpulling manifest [K
pulling bdbf939b402e:  43% ▕███████           ▏ 1.4 GB/3.3 GB  3.0 MB/s  10m26s[K[A[1Gpulling manifest [K
pulling bdbf939b402e:  43% ▕███████           ▏ 1.4 GB/3.3 GB  3.0 MB/s  10m26s[K[A[1Gpulling manifest [K
pulling bdbf939b402e:  43% ▕███████           ▏ 1.4 GB/3.3 GB  2.9 MB/s  10m55s[K[A[1Gpulling manifest [K
pulling bdbf939b402e:  43% ▕███████           ▏ 1.4 GB/3.3 GB  2.9 MB/s  10m54s[K[A[1Gpulling manifest [K
pulling bdbf939b402e:  43% ▕███████           ▏ 1.4 GB/3.3 GB  2.9 MB/s  10m54s[K[A[1Gpulling manifest [K
pulling bdbf939b402e:  43% ▕███████           ▏ 1.4 GB/3.3 GB  2.9 MB/s  10m54s[K[A[1Gpulling manifest [K
pulling bdbf939b402e:  43% ▕███████           ▏ 1.4 GB/3.3 GB  2.9 MB/s  10m54s[K[A[1Gpulling manifest [K
pulling bdbf939b402e:  43% ▕███████           ▏ 1.4 GB/3.3 GB  2.9 MB/s  10m54s[K[A[1Gpulling manifest [K
pulling bdbf939b402e:  43% ▕███████           ▏ 1.4 GB/3.3 GB  2.9 MB/s  10m54s[K[A[1Gpulling manifest [K
pulling bdbf939b402e:  43% ▕███████           ▏ 1.4 GB/3.3 GB  2.9 MB/s  10m54s[K[A[1Gpulling manifest [K
pulling bdbf939b402e:  43% ▕███████           ▏ 1.4 GB/3.3 GB  2.9 MB/s  10m54s[K[A[1Gpulling manifest [K
pulling bdbf939b402e:  43% ▕███████           ▏ 1.4 GB/3.3 GB  2.9 MB/s  10m54s[K[A[1Gpulling manifest [K
pulling bdbf939b402e:  43% ▕███████           ▏ 1.4 GB/3.3 GB  3.0 MB/s  10m36s[K[A[1Gpulling manifest [K
pulling bdbf939b402e:  43% ▕███████           ▏ 1.4 GB/3.3 GB  3.0 MB/s  10m36s[K[A[1Gpulling manifest [K
pulling bdbf939b402e:  43% ▕███████           ▏ 1.4 GB/3.3 GB  3.0 MB/s  10m35s[K[A[1Gpulling manifest [K
pulling bdbf939b402e:  43% ▕███████           ▏ 1.4 GB/3.3 GB  3.0 MB/s  10m35s[K[A[1Gpulling manifest [K
pulling bdbf939b402e:  43% ▕███████           ▏ 1.4 GB/3.3 GB  3.0 MB/s  10m35s[K[A[1Gpulling manifest [K
pulling bdbf939b402e:  43% ▕███████           ▏ 1.4 GB/3.3 GB  3.0 MB/s  10m35s[K[A[1Gpulling manifest [K
pulling bdbf939b402e:  43% ▕███████           ▏ 1.4 GB/3.3 GB  3.0 MB/s  10m35s[K[A[1Gpulling manifest [K
pulling bdbf939b402e:  43% ▕███████           ▏ 1.4 GB/3.3 GB  3.0 MB/s  10m35s[K[A[1Gpulling manifest [K
pulling bdbf939b402e:  43% ▕███████           ▏ 1.4 GB/3.3 GB  3.0 MB/s  10m35s[K[A[1Gpulling manifest [K
pulling bdbf939b402e:  43% ▕███████           ▏ 1.4 GB/3.3 GB  3.0 MB/s  10m35s[K[A[1Gpulling manifest [K
pulling bdbf939b402e:  43% ▕███████           ▏ 1.4 GB/3.3 GB  3.0 MB/s  10m35s[K[A[1Gpulling manifest [K
pulling bdbf939b402e:  43% ▕███████           ▏ 1.4 GB/3.3 GB  3.0 MB/s  10m26s[K[A[1Gpulling manifest [K
pulling bdbf939b402e:  43% ▕███████           ▏ 1.4 GB/3.3 GB  3.0 MB/s  10m26s[K[A[1Gpulling manifest [K
pulling bdbf939b402e:  43% ▕███████           ▏ 1.4 GB/3.3 GB  3.0 MB/s  10m26s[K[A[1Gpulling manifest [K
pulling bdbf939b402e:  43% ▕███████           ▏ 1.4 GB/3.3 GB  3.0 MB/s  10m26s[K[A[1Gpulling manifest [K
pulling bdbf939b402e:  43% ▕███████           ▏ 1.4 GB/3.3 GB  3.0 MB/s  10m26s[K[A[1Gpulling manifest [K
pulling bdbf939b402e:  43% ▕███████           ▏ 1.4 GB/3.3 GB  3.0 MB/s  10m26s[K[A[1Gpulling manifest [K
pulling bdbf939b402e:  43% ▕███████           ▏ 1.4 GB/3.3 GB  3.0 MB/s  10m26s[K[A[1Gpulling manifest [K
pulling bdbf939b402e:  43% ▕███████           ▏ 1.4 GB/3.3 GB  3.0 MB/s  10m26s[K[A[1Gpulling manifest [K
pulling bdbf939b402e:  43% ▕███████           ▏ 1.4 GB/3.3 GB  3.0 MB/s  10m26s[K[A[1Gpulling manifest [K
pulling bdbf939b402e:  43% ▕███████           ▏ 1.4 GB/3.3 GB  3.0 MB/s  10m26s[K[A[1Gpulling manifest [K
pulling bdbf939b402e:  43% ▕███████           ▏ 1.4 GB/3.3 GB  3.0 MB/s  10m35s[K[A[1Gpulling manifest [K
pulling bdbf939b402e:  43% ▕███████           ▏ 1.4 GB/3.3 GB  3.0 MB/s  10m35s[K[A[1Gpulling manifest [K
pulling bdbf939b402e:  43% ▕███████           ▏ 1.4 GB/3.3 GB  3.0 MB/s  10m35s[K[A[1Gpulling manifest [K
pulling bdbf939b402e:  43% ▕███████           ▏ 1.4 GB/3.3 GB  3.0 MB/s  10m35s[K[A[1Gpulling manifest [K
pulling bdbf939b402e:  43% ▕███████           ▏ 1.4 GB/3.3 GB  3.0 MB/s  10m35s[K[A[1Gpulling manifest [K
pulling bdbf939b402e:  43% ▕███████           ▏ 1.4 GB/3.3 GB  3.0 MB/s  10m35s[K[A[1Gpulling manifest [K
pulling bdbf939b402e:  43% ▕███████           ▏ 1.4 GB/3.3 GB  3.0 MB/s  10m35s[K[A[1Gpulling manifest [K
pulling bdbf939b402e:  43% ▕███████           ▏ 1.4 GB/3.3 GB  3.0 MB/s  10m35s[K[A[1Gpulling manifest [K
pulling bdbf939b402e:  43% ▕███████           ▏ 1.4 GB/3.3 GB  3.0 MB/s  10m35s[K[A[1Gpulling manifest [K
pulling bdbf939b402e:  43% ▕███████           ▏ 1.4 GB/3.3 GB  3.0 MB/s  10m35s[K[A[1Gpulling manifest [K
pulling bdbf939b402e:  43% ▕███████           ▏ 1.4 GB/3.3 GB  3.0 MB/s  10m36s[K[A[1Gpulling manifest [K
pulling bdbf939b402e:  43% ▕███████           ▏ 1.4 GB/3.3 GB  3.0 MB/s  10m36s[K[A[1Gpulling manifest [K
pulling bdbf939b402e:  43% ▕███████           ▏ 1.4 GB/3.3 GB  3.0 MB/s  10m36s[K[A[1Gpulling manifest [K
pulling bdbf939b402e:  43% ▕███████           ▏ 1.4 GB/3.3 GB  3.0 MB/s  10m36s[K[A[1Gpulling manifest [K
pulling bdbf939b402e:  43% ▕███████           ▏ 1.4 GB/3.3 GB  3.0 MB/s  10m35s[K[A[1Gpulling manifest [K
pulling bdbf939b402e:  43% ▕███████           ▏ 1.4 GB/3.3 GB  3.0 MB/s  10m35s[K[A[1Gpulling manifest [K
pulling bdbf939b402e:  43% ▕███████           ▏ 1.4 GB/3.3 GB  3.0 MB/s  10m35s[K[A[1Gpulling manifest [K
pulling bdbf939b402e:  43% ▕███████           ▏ 1.4 GB/3.3 GB  3.0 MB/s  10m35s[K[A[1Gpulling manifest [K
pulling bdbf939b402e:  43% ▕███████           ▏ 1.4 GB/3.3 GB  3.0 MB/s  10m35s[K[A[1Gpulling manifest [K
pulling bdbf939b402e:  43% ▕███████           ▏ 1.4 GB/3.3 GB  3.0 MB/s  10m35s[K[A[1Gpulling manifest [K
pulling bdbf939b402e:  43% ▕███████           ▏ 1.4 GB/3.3 GB  3.0 MB/s  10m33s[K[A[1Gpulling manifest [K
pulling bdbf939b402e:  43% ▕███████           ▏ 1.4 GB/3.3 GB  3.0 MB/s  10m32s[K[A[1Gpulling manifest [K
pulling bdbf939b402e:  43% ▕███████           ▏ 1.4 GB/3.3 GB  3.0 MB/s  10m32s[K[A[1Gpulling manifest [K
pulling bdbf939b402e:  43% ▕███████           ▏ 1.4 GB/3.3 GB  3.0 MB/s  10m32s[K[A[1Gpulling manifest [K
pulling bdbf939b402e:  43% ▕███████           ▏ 1.4 GB/3.3 GB  3.0 MB/s  10m32s[K[A[1Gpulling manifest [K
pulling bdbf939b402e:  43% ▕███████           ▏ 1.4 GB/3.3 GB  3.0 MB/s  10m32s[K[A[1Gpulling manifest [K
pulling bdbf939b402e:  43% ▕███████           ▏ 1.4 GB/3.3 GB  3.0 MB/s  10m32s[K[A[1Gpulling manifest [K
pulling bdbf939b402e:  43% ▕███████           ▏ 1.4 GB/3.3 GB  3.0 MB/s  10m32s[K[A[1Gpulling manifest [K
pulling bdbf939b402e:  43% ▕███████           ▏ 1.4 GB/3.3 GB  3.0 MB/s  10m32s[K[A[1Gpulling manifest [K
pulling bdbf939b402e:  43% ▕███████           ▏ 1.4 GB/3.3 GB  3.0 MB/s  10m32s[K[A[1Gpulling manifest [K
pulling bdbf939b402e:  43% ▕███████           ▏ 1.4 GB/3.3 GB  3.0 MB/s  10m21s[K[A[1Gpulling manifest [K
pulling bdbf939b402e:  43% ▕███████           ▏ 1.4 GB/3.3 GB  3.0 MB/s  10m21s[K[A[1Gpulling manifest [K
pulling bdbf939b402e:  43% ▕███████           ▏ 1.4 GB/3.3 GB  3.0 MB/s  10m21s[K[A[1Gpulling manifest [K
pulling bdbf939b402e:  43% ▕███████           ▏ 1.4 GB/3.3 GB  3.0 MB/s  10m21s[K[A[1Gpulling manifest [K
pulling bdbf939b402e:  43% ▕███████           ▏ 1.4 GB/3.3 GB  3.0 MB/s  10m21s[K[A[1Gpulling manifest [K
pulling bdbf939b402e:  43% ▕███████           ▏ 1.4 GB/3.3 GB  3.0 MB/s  10m20s[K[A[1Gpulling manifest [K
pulling bdbf939b402e:  43% ▕███████           ▏ 1.4 GB/3.3 GB  3.0 MB/s  10m20s[K[A[1Gpulling manifest [K
pulling bdbf939b402e:  43% ▕███████           ▏ 1.4 GB/3.3 GB  3.0 MB/s  10m20s[K[A[1Gpulling manifest [K
pulling bdbf939b402e:  43% ▕███████           ▏ 1.4 GB/3.3 GB  3.0 MB/s  10m20s[K[A[1Gpulling manifest [K
pulling bdbf939b402e:  43% ▕███████           ▏ 1.4 GB/3.3 GB  3.0 MB/s  10m20s[K[A[1Gpulling manifest [K
pulling bdbf939b402e:  43% ▕███████           ▏ 1.4 GB/3.3 GB  3.0 MB/s  10m20s[K[A[1Gpulling manifest [K
pulling bdbf939b402e:  43% ▕███████           ▏ 1.4 GB/3.3 GB  3.1 MB/s   10m2s[K[A[1Gpulling manifest [K
pulling bdbf939b402e:  43% ▕███████           ▏ 1.4 GB/3.3 GB  3.1 MB/s   10m2s[K[A[1Gpulling manifest [K
pulling bdbf939b402e:  43% ▕███████           ▏ 1.4 GB/3.3 GB  3.1 MB/s   10m2s[K[A[1Gpulling manifest [K
pulling bdbf939b402e:  43% ▕███████           ▏ 1.4 GB/3.3 GB  3.1 MB/s   10m2s[K[A[1Gpulling manifest [K
pulling bdbf939b402e:  43% ▕███████           ▏ 1.4 GB/3.3 GB  3.1 MB/s   10m2s[K[A[1Gpulling manifest [K
pulling bdbf939b402e:  43% ▕███████           ▏ 1.4 GB/3.3 GB  3.1 MB/s   10m2s[K[A[1Gpulling manifest [K
pulling bdbf939b402e:  43% ▕███████           ▏ 1.4 GB/3.3 GB  3.1 MB/s   10m2s[K[A[1Gpulling manifest [K
pulling bdbf939b402e:  43% ▕███████           ▏ 1.4 GB/3.3 GB  3.1 MB/s   10m2s[K[A[1Gpulling manifest [K
pulling bdbf939b402e:  43% ▕███████           ▏ 1.4 GB/3.3 GB  3.1 MB/s   10m2s[K[A[1Gpulling manifest [K
pulling bdbf939b402e:  43% ▕███████           ▏ 1.4 GB/3.3 GB  3.1 MB/s   10m1s[K[A[1Gpulling manifest [K
pulling bdbf939b402e:  43% ▕███████           ▏ 1.4 GB/3.3 GB  3.1 MB/s   10m6s[K[A[1Gpulling manifest [K
pulling bdbf939b402e:  43% ▕███████           ▏ 1.4 GB/3.3 GB  3.1 MB/s   10m6s[K[A[1Gpulling manifest [K
pulling bdbf939b402e:  43% ▕███████           ▏ 1.4 GB/3.3 GB  3.1 MB/s   10m6s[K[A[1Gpulling manifest [K
pulling bdbf939b402e:  43% ▕███████           ▏ 1.4 GB/3.3 GB  3.1 MB/s   10m6s[K[A[1Gpulling manifest [K
pulling bdbf939b402e:  44% ▕███████           ▏ 1.4 GB/3.3 GB  3.1 MB/s   10m5s[K[A[1Gpulling manifest [K
pulling bdbf939b402e:  44% ▕███████           ▏ 1.4 GB/3.3 GB  3.1 MB/s   10m5s[K[A[1Gpulling manifest [K
pulling bdbf939b402e:  44% ▕███████           ▏ 1.4 GB/3.3 GB  3.1 MB/s   10m5s[K[A[1Gpulling manifest [K
pulling bdbf939b402e:  44% ▕███████           ▏ 1.4 GB/3.3 GB  3.1 MB/s   10m5s[K[A[1Gpulling manifest [K
pulling bdbf939b402e:  44% ▕███████           ▏ 1.4 GB/3.3 GB  3.1 MB/s   10m5s[K[A[1Gpulling manifest [K
pulling bdbf939b402e:  44% ▕███████           ▏ 1.4 GB/3.3 GB  3.1 MB/s   10m5s[K[A[1Gpulling manifest [K
pulling bdbf939b402e:  44% ▕███████           ▏ 1.4 GB/3.3 GB  3.2 MB/s   9m48s[K[A[1Gpulling manifest [K
pulling bdbf939b402e:  44% ▕███████           ▏ 1.4 GB/3.3 GB  3.2 MB/s   9m48s[K[A[1Gpulling manifest [K
pulling bdbf939b402e:  44% ▕███████           ▏ 1.4 GB/3.3 GB  3.2 MB/s   9m48s[K[A[1Gpulling manifest [K
pulling bdbf939b402e:  44% ▕███████           ▏ 1.4 GB/3.3 GB  3.2 MB/s   9m48s[K[A[1Gpulling manifest [K
pulling bdbf939b402e:  44% ▕███████           ▏ 1.4 GB/3.3 GB  3.2 MB/s   9m48s[K[A[1Gpulling manifest [K
pulling bdbf939b402e:  44% ▕███████           ▏ 1.4 GB/3.3 GB  3.2 MB/s   9m48s[K[A[1Gpulling manifest [K
pulling bdbf939b402e:  44% ▕███████           ▏ 1.4 GB/3.3 GB  3.2 MB/s   9m47s[K[A[1Gpulling manifest [K
pulling bdbf939b402e:  44% ▕███████           ▏ 1.4 GB/3.3 GB  3.2 MB/s   9m47s[K[A[1Gpulling manifest [K
pulling bdbf939b402e:  44% ▕███████           ▏ 1.4 GB/3.3 GB  3.2 MB/s   9m47s[K[A[1Gpulling manifest [K
pulling bdbf939b402e:  44% ▕███████           ▏ 1.4 GB/3.3 GB  3.2 MB/s   9m47s[K[A[1Gpulling manifest [K
pulling bdbf939b402e:  44% ▕███████           ▏ 1.4 GB/3.3 GB  3.2 MB/s   9m42s[K[A[1Gpulling manifest [K
pulling bdbf939b402e:  44% ▕███████           ▏ 1.4 GB/3.3 GB  3.2 MB/s   9m42s[K[A[1Gpulling manifest [K
pulling bdbf939b402e:  44% ▕███████           ▏ 1.4 GB/3.3 GB  3.2 MB/s   9m42s[K[A[1Gpulling manifest [K
pulling bdbf939b402e:  44% ▕███████           ▏ 1.4 GB/3.3 GB  3.2 MB/s   9m42s[K[A[1Gpulling manifest [K
pulling bdbf939b402e:  44% ▕███████           ▏ 1.4 GB/3.3 GB  3.2 MB/s   9m42s[K[A[1Gpulling manifest [K
pulling bdbf939b402e:  44% ▕███████           ▏ 1.4 GB/3.3 GB  3.2 MB/s   9m42s[K[A[1Gpulling manifest [K
pulling bdbf939b402e:  44% ▕███████           ▏ 1.4 GB/3.3 GB  3.2 MB/s   9m41s[K[A[1Gpulling manifest [K
pulling bdbf939b402e:  44% ▕███████           ▏ 1.4 GB/3.3 GB  3.2 MB/s   9m41s[K[A[1Gpulling manifest [K
pulling bdbf939b402e:  44% ▕███████           ▏ 1.4 GB/3.3 GB  3.2 MB/s   9m41s[K[A[1Gpulling manifest [K
pulling bdbf939b402e:  44% ▕███████           ▏ 1.4 GB/3.3 GB  3.2 MB/s   9m41s[K[A[1Gpulling manifest [K
pulling bdbf939b402e:  44% ▕███████           ▏ 1.4 GB/3.3 GB  3.2 MB/s   9m41s[K[A[1Gpulling manifest [K
pulling bdbf939b402e:  44% ▕███████           ▏ 1.4 GB/3.3 GB  3.2 MB/s   9m41s[K[A[1Gpulling manifest [K
pulling bdbf939b402e:  44% ▕███████           ▏ 1.4 GB/3.3 GB  3.2 MB/s   9m40s[K[A[1Gpulling manifest [K
pulling bdbf939b402e:  44% ▕███████           ▏ 1.4 GB/3.3 GB  3.2 MB/s   9m40s[K[A[1Gpulling manifest [K
pulling bdbf939b402e:  44% ▕███████           ▏ 1.4 GB/3.3 GB  3.2 MB/s   9m40s[K[A[1Gpulling manifest [K
pulling bdbf939b402e:  44% ▕███████           ▏ 1.4 GB/3.3 GB  3.2 MB/s   9m40s[K[A[1Gpulling manifest [K
pulling bdbf939b402e:  44% ▕███████           ▏ 1.4 GB/3.3 GB  3.2 MB/s   9m40s[K[A[1Gpulling manifest [K
pulling bdbf939b402e:  44% ▕███████           ▏ 1.4 GB/3.3 GB  3.2 MB/s   9m40s[K[A[1Gpulling manifest [K
pulling bdbf939b402e:  44% ▕███████           ▏ 1.4 GB/3.3 GB  3.2 MB/s   9m40s[K[A[1Gpulling manifest [K
pulling bdbf939b402e:  44% ▕███████           ▏ 1.4 GB/3.3 GB  3.2 MB/s   9m40s[K[A[1Gpulling manifest [K
pulling bdbf939b402e:  44% ▕███████           ▏ 1.4 GB/3.3 GB  3.2 MB/s   9m40s[K[A[1Gpulling manifest [K
pulling bdbf939b402e:  44% ▕███████           ▏ 1.4 GB/3.3 GB  3.2 MB/s   9m35s[K[A[1Gpulling manifest [K
pulling bdbf939b402e:  44% ▕███████           ▏ 1.4 GB/3.3 GB  3.2 MB/s   9m35s[K[A[1Gpulling manifest [K
pulling bdbf939b402e:  44% ▕███████           ▏ 1.4 GB/3.3 GB  3.2 MB/s   9m35s[K[A[1Gpulling manifest [K
pulling bdbf939b402e:  44% ▕███████           ▏ 1.4 GB/3.3 GB  3.2 MB/s   9m34s[K[A[1Gpulling manifest [K
pulling bdbf939b402e:  44% ▕███████           ▏ 1.4 GB/3.3 GB  3.2 MB/s   9m34s[K[A[1Gpulling manifest [K
pulling bdbf939b402e:  44% ▕███████           ▏ 1.4 GB/3.3 GB  3.2 MB/s   9m34s[K[A[1Gpulling manifest [K
pulling bdbf939b402e:  44% ▕███████           ▏ 1.4 GB/3.3 GB  3.2 MB/s   9m34s[K[A[1Gpulling manifest [K
pulling bdbf939b402e:  44% ▕███████           ▏ 1.4 GB/3.3 GB  3.2 MB/s   9m34s[K[A[1Gpulling manifest [K
pulling bdbf939b402e:  44% ▕███████           ▏ 1.4 GB/3.3 GB  3.2 MB/s   9m34s[K[A[1Gpulling manifest [K
pulling bdbf939b402e:  44% ▕███████           ▏ 1.4 GB/3.3 GB  3.2 MB/s   9m34s[K[A[1Gpulling manifest [K
pulling bdbf939b402e:  44% ▕███████           ▏ 1.4 GB/3.3 GB  3.3 MB/s   9m25s[K[A[1Gpulling manifest [K
pulling bdbf939b402e:  44% ▕███████           ▏ 1.5 GB/3.3 GB  3.3 MB/s   9m25s[K[A[1Gpulling manifest [K
pulling bdbf939b402e:  44% ▕███████           ▏ 1.5 GB/3.3 GB  3.3 MB/s   9m25s[K[A[1Gpulling manifest [K
pulling bdbf939b402e:  44% ▕███████           ▏ 1.5 GB/3.3 GB  3.3 MB/s   9m24s[K[A[1Gpulling manifest [K
pulling bdbf939b402e:  44% ▕███████           ▏ 1.5 GB/3.3 GB  3.3 MB/s   9m24s[K[A[1Gpulling manifest [K
pulling bdbf939b402e:  44% ▕███████           ▏ 1.5 GB/3.3 GB  3.3 MB/s   9m24s[K[A[1Gpulling manifest [K
pulling bdbf939b402e:  44% ▕███████           ▏ 1.5 GB/3.3 GB  3.3 MB/s   9m24s[K[A[1Gpulling manifest [K
pulling bdbf939b402e:  44% ▕███████           ▏ 1.5 GB/3.3 GB  3.3 MB/s   9m24s[K[A[1Gpulling manifest [K
pulling bdbf939b402e:  44% ▕███████           ▏ 1.5 GB/3.3 GB  3.3 MB/s   9m24s[K[A[1Gpulling manifest [K
pulling bdbf939b402e:  44% ▕███████           ▏ 1.5 GB/3.3 GB  3.3 MB/s   9m24s[K[A[1Gpulling manifest [K
pulling bdbf939b402e:  44% ▕███████           ▏ 1.5 GB/3.3 GB  3.3 MB/s   9m18s[K[A[1Gpulling manifest [K
pulling bdbf939b402e:  44% ▕███████           ▏ 1.5 GB/3.3 GB  3.3 MB/s   9m18s[K[A[1Gpulling manifest [K
pulling bdbf939b402e:  44% ▕███████           ▏ 1.5 GB/3.3 GB  3.3 MB/s   9m18s[K[A[1Gpulling manifest [K
pulling bdbf939b402e:  44% ▕███████           ▏ 1.5 GB/3.3 GB  3.3 MB/s   9m18s[K[A[1Gpulling manifest [K
pulling bdbf939b402e:  44% ▕███████           ▏ 1.5 GB/3.3 GB  3.3 MB/s   9m18s[K[A[1Gpulling manifest [K
pulling bdbf939b402e:  44% ▕███████           ▏ 1.5 GB/3.3 GB  3.3 MB/s   9m18s[K[A[1Gpulling manifest [K
pulling bdbf939b402e:  44% ▕███████           ▏ 1.5 GB/3.3 GB  3.3 MB/s   9m17s[K[A[1Gpulling manifest [K
pulling bdbf939b402e:  44% ▕███████           ▏ 1.5 GB/3.3 GB  3.3 MB/s   9m17s[K[A[1Gpulling manifest [K
pulling bdbf939b402e:  44% ▕███████           ▏ 1.5 GB/3.3 GB  3.3 MB/s   9m17s[K[A[1Gpulling manifest [K
pulling bdbf939b402e:  44% ▕███████           ▏ 1.5 GB/3.3 GB  3.3 MB/s   9m17s[K[A[1Gpulling manifest [K
pulling bdbf939b402e:  44% ▕███████           ▏ 1.5 GB/3.3 GB  3.3 MB/s   9m15s[K[A[1Gpulling manifest [K
pulling bdbf939b402e:  44% ▕███████           ▏ 1.5 GB/3.3 GB  3.3 MB/s   9m15s[K[A[1Gpulling manifest [K
pulling bdbf939b402e:  44% ▕███████           ▏ 1.5 GB/3.3 GB  3.3 MB/s   9m15s[K[A[1Gpulling manifest [K
pulling bdbf939b402e:  44% ▕███████           ▏ 1.5 GB/3.3 GB  3.3 MB/s   9m14s[K[A[1Gpulling manifest [K
pulling bdbf939b402e:  44% ▕███████           ▏ 1.5 GB/3.3 GB  3.3 MB/s   9m14s[K[A[1Gpulling manifest [K
pulling bdbf939b402e:  44% ▕███████           ▏ 1.5 GB/3.3 GB  3.3 MB/s   9m14s[K[A[1Gpulling manifest [K
pulling bdbf939b402e:  44% ▕███████           ▏ 1.5 GB/3.3 GB  3.3 MB/s   9m14s[K[A[1Gpulling manifest [K
pulling bdbf939b402e:  44% ▕███████           ▏ 1.5 GB/3.3 GB  3.3 MB/s   9m14s[K[A[1Gpulling manifest [K
pulling bdbf939b402e:  44% ▕███████           ▏ 1.5 GB/3.3 GB  3.3 MB/s   9m14s[K[A[1Gpulling manifest [K
pulling bdbf939b402e:  44% ▕███████           ▏ 1.5 GB/3.3 GB  3.3 MB/s   9m14s[K[A[1Gpulling manifest [K
pulling bdbf939b402e:  44% ▕███████           ▏ 1.5 GB/3.3 GB  3.3 MB/s   9m15s[K[A[1Gpulling manifest [K
pulling bdbf939b402e:  44% ▕███████           ▏ 1.5 GB/3.3 GB  3.3 MB/s   9m15s[K[A[1Gpulling manifest [K
pulling bdbf939b402e:  44% ▕███████           ▏ 1.5 GB/3.3 GB  3.3 MB/s   9m15s[K[A[1Gpulling manifest [K
pulling bdbf939b402e:  44% ▕███████           ▏ 1.5 GB/3.3 GB  3.3 MB/s   9m15s[K[A[1Gpulling manifest [K
pulling bdbf939b402e:  44% ▕███████           ▏ 1.5 GB/3.3 GB  3.3 MB/s   9m15s[K[A[1Gpulling manifest [K
pulling bdbf939b402e:  44% ▕███████           ▏ 1.5 GB/3.3 GB  3.3 MB/s   9m15s[K[A[1Gpulling manifest [K
pulling bdbf939b402e:  44% ▕███████           ▏ 1.5 GB/3.3 GB  3.3 MB/s   9m15s[K[A[1Gpulling manifest [K
pulling bdbf939b402e:  44% ▕███████           ▏ 1.5 GB/3.3 GB  3.3 MB/s   9m15s[K[A[1Gpulling manifest [K
pulling bdbf939b402e:  44% ▕███████           ▏ 1.5 GB/3.3 GB  3.3 MB/s   9m14s[K[A[1Gpulling manifest [K
pulling bdbf939b402e:  44% ▕███████           ▏ 1.5 GB/3.3 GB  3.3 MB/s   9m14s[K[A[1Gpulling manifest [K
pulling bdbf939b402e:  44% ▕███████           ▏ 1.5 GB/3.3 GB  3.3 MB/s   9m14s[K[A[1Gpulling manifest [K
pulling bdbf939b402e:  44% ▕███████           ▏ 1.5 GB/3.3 GB  3.3 MB/s   9m14s[K[A[1Gpulling manifest [K
pulling bdbf939b402e:  44% ▕███████           ▏ 1.5 GB/3.3 GB  3.3 MB/s   9m13s[K[A[1Gpulling manifest [K
pulling bdbf939b402e:  44% ▕███████           ▏ 1.5 GB/3.3 GB  3.3 MB/s   9m13s[K[A[1Gpulling manifest [K
pulling bdbf939b402e:  44% ▕███████           ▏ 1.5 GB/3.3 GB  3.3 MB/s   9m13s[K[A[1Gpulling manifest [K
pulling bdbf939b402e:  44% ▕███████           ▏ 1.5 GB/3.3 GB  3.3 MB/s   9m13s[K[A[1Gpulling manifest [K
pulling bdbf939b402e:  44% ▕███████           ▏ 1.5 GB/3.3 GB  3.3 MB/s   9m13s[K[A[1Gpulling manifest [K
pulling bdbf939b402e:  44% ▕███████           ▏ 1.5 GB/3.3 GB  3.3 MB/s   9m13s[K[A[1Gpulling manifest [K
pulling bdbf939b402e:  44% ▕███████           ▏ 1.5 GB/3.3 GB  3.3 MB/s   9m13s[K[A[1Gpulling manifest [K
pulling bdbf939b402e:  44% ▕███████           ▏ 1.5 GB/3.3 GB  3.3 MB/s   9m13s[K[A[1Gpulling manifest [K
pulling bdbf939b402e:  44% ▕████████          ▏ 1.5 GB/3.3 GB  3.3 MB/s   9m13s[K[A[1Gpulling manifest [K
pulling bdbf939b402e:  44% ▕████████          ▏ 1.5 GB/3.3 GB  3.3 MB/s    9m9s[K[A[1Gpulling manifest [K
pulling bdbf939b402e:  44% ▕████████          ▏ 1.5 GB/3.3 GB  3.3 MB/s    9m9s[K[A[1Gpulling manifest [K
pulling bdbf939b402e:  44% ▕████████          ▏ 1.5 GB/3.3 GB  3.3 MB/s    9m8s[K[A[1Gpulling manifest [K
pulling bdbf939b402e:  45% ▕████████          ▏ 1.5 GB/3.3 GB  3.3 MB/s    9m8s[K[A[1Gpulling manifest [K
pulling bdbf939b402e:  45% ▕████████          ▏ 1.5 GB/3.3 GB  3.3 MB/s    9m8s[K[A[1Gpulling manifest [K
pulling bdbf939b402e:  45% ▕████████          ▏ 1.5 GB/3.3 GB  3.3 MB/s    9m8s[K[A[1Gpulling manifest [K
pulling bdbf939b402e:  45% ▕████████          ▏ 1.5 GB/3.3 GB  3.3 MB/s    9m8s[K[A[1Gpulling manifest [K
pulling bdbf939b402e:  45% ▕████████          ▏ 1.5 GB/3.3 GB  3.3 MB/s    9m8s[K[A[1Gpulling manifest [K
pulling bdbf939b402e:  45% ▕████████          ▏ 1.5 GB/3.3 GB  3.3 MB/s    9m8s[K[A[1Gpulling manifest [K
pulling bdbf939b402e:  45% ▕████████          ▏ 1.5 GB/3.3 GB  3.3 MB/s    9m8s[K[A[1Gpulling manifest [K
pulling bdbf939b402e:  45% ▕████████          ▏ 1.5 GB/3.3 GB  3.4 MB/s   8m59s[K[A[1Gpulling manifest [K
pulling bdbf939b402e:  45% ▕████████          ▏ 1.5 GB/3.3 GB  3.4 MB/s   8m59s[K[A[1Gpulling manifest [K
pulling bdbf939b402e:  45% ▕████████          ▏ 1.5 GB/3.3 GB  3.4 MB/s   8m59s[K[A[1Gpulling manifest [K
pulling bdbf939b402e:  45% ▕████████          ▏ 1.5 GB/3.3 GB  3.4 MB/s   8m59s[K[A[1Gpulling manifest [K
pulling bdbf939b402e:  45% ▕████████          ▏ 1.5 GB/3.3 GB  3.4 MB/s   8m59s[K[A[1Gpulling manifest [K
pulling bdbf939b402e:  45% ▕████████          ▏ 1.5 GB/3.3 GB  3.4 MB/s   8m59s[K[A[1Gpulling manifest [K
pulling bdbf939b402e:  45% ▕████████          ▏ 1.5 GB/3.3 GB  3.4 MB/s   8m59s[K[A[1Gpulling manifest [K
pulling bdbf939b402e:  45% ▕████████          ▏ 1.5 GB/3.3 GB  3.4 MB/s   8m59s[K[A[1Gpulling manifest [K
pulling bdbf939b402e:  45% ▕████████          ▏ 1.5 GB/3.3 GB  3.4 MB/s   8m58s[K[A[1Gpulling manifest [K
pulling bdbf939b402e:  45% ▕████████          ▏ 1.5 GB/3.3 GB  3.4 MB/s   8m58s[K[A[1Gpulling manifest [K
pulling bdbf939b402e:  45% ▕████████          ▏ 1.5 GB/3.3 GB  3.3 MB/s    9m5s[K[A[1Gpulling manifest [K
pulling bdbf939b402e:  45% ▕████████          ▏ 1.5 GB/3.3 GB  3.3 MB/s    9m5s[K[A[1Gpulling manifest [K
pulling bdbf939b402e:  45% ▕████████          ▏ 1.5 GB/3.3 GB  3.3 MB/s    9m5s[K[A[1Gpulling manifest [K
pulling bdbf939b402e:  45% ▕████████          ▏ 1.5 GB/3.3 GB  3.3 MB/s    9m5s[K[A[1Gpulling manifest [K
pulling bdbf939b402e:  45% ▕████████          ▏ 1.5 GB/3.3 GB  3.3 MB/s    9m5s[K[A[1Gpulling manifest [K
pulling bdbf939b402e:  45% ▕████████          ▏ 1.5 GB/3.3 GB  3.3 MB/s    9m4s[K[A[1Gpulling manifest [K
pulling bdbf939b402e:  45% ▕████████          ▏ 1.5 GB/3.3 GB  3.3 MB/s    9m4s[K[A[1Gpulling manifest [K
pulling bdbf939b402e:  45% ▕████████          ▏ 1.5 GB/3.3 GB  3.3 MB/s    9m4s[K[A[1Gpulling manifest [K
pulling bdbf939b402e:  45% ▕████████          ▏ 1.5 GB/3.3 GB  3.3 MB/s    9m4s[K[A[1Gpulling manifest [K
pulling bdbf939b402e:  45% ▕████████          ▏ 1.5 GB/3.3 GB  3.3 MB/s    9m4s[K[A[1Gpulling manifest [K
pulling bdbf939b402e:  45% ▕████████          ▏ 1.5 GB/3.3 GB  3.4 MB/s    9m0s[K[A[1Gpulling manifest [K
pulling bdbf939b402e:  45% ▕████████          ▏ 1.5 GB/3.3 GB  3.4 MB/s    9m0s[K[A[1Gpulling manifest [K
pulling bdbf939b402e:  45% ▕████████          ▏ 1.5 GB/3.3 GB  3.4 MB/s    9m0s[K[A[1Gpulling manifest [K
pulling bdbf939b402e:  45% ▕████████          ▏ 1.5 GB/3.3 GB  3.4 MB/s   8m59s[K[A[1Gpulling manifest [K
pulling bdbf939b402e:  45% ▕████████          ▏ 1.5 GB/3.3 GB  3.4 MB/s   8m59s[K[A[1Gpulling manifest [K
pulling bdbf939b402e:  45% ▕████████          ▏ 1.5 GB/3.3 GB  3.4 MB/s   8m59s[K[A[1Gpulling manifest [K
pulling bdbf939b402e:  45% ▕████████          ▏ 1.5 GB/3.3 GB  3.4 MB/s   8m59s[K[A[1Gpulling manifest [K
pulling bdbf939b402e:  45% ▕████████          ▏ 1.5 GB/3.3 GB  3.4 MB/s   8m59s[K[A[1Gpulling manifest [K
pulling bdbf939b402e:  45% ▕████████          ▏ 1.5 GB/3.3 GB  3.4 MB/s   8m59s[K[A[1Gpulling manifest [K
pulling bdbf939b402e:  45% ▕████████          ▏ 1.5 GB/3.3 GB  3.4 MB/s   8m59s[K[A[1Gpulling manifest [K
pulling bdbf939b402e:  45% ▕████████          ▏ 1.5 GB/3.3 GB  3.4 MB/s   8m59s[K[A[1Gpulling manifest [K
pulling bdbf939b402e:  45% ▕████████          ▏ 1.5 GB/3.3 GB  3.5 MB/s   8m32s[K[A[1Gpulling manifest [K
pulling bdbf939b402e:  45% ▕████████          ▏ 1.5 GB/3.3 GB  3.5 MB/s   8m32s[K[A[1Gpulling manifest [K
pulling bdbf939b402e:  45% ▕████████          ▏ 1.5 GB/3.3 GB  3.5 MB/s   8m31s[K[A[1Gpulling manifest [K
pulling bdbf939b402e:  45% ▕████████          ▏ 1.5 GB/3.3 GB  3.5 MB/s   8m31s[K[A[1Gpulling manifest [K
pulling bdbf939b402e:  45% ▕████████          ▏ 1.5 GB/3.3 GB  3.5 MB/s   8m31s[K[A[1Gpulling manifest [K
pulling bdbf939b402e:  45% ▕████████          ▏ 1.5 GB/3.3 GB  3.5 MB/s   8m31s[K[A[1Gpulling manifest [K
pulling bdbf939b402e:  45% ▕████████          ▏ 1.5 GB/3.3 GB  3.5 MB/s   8m31s[K[A[1Gpulling manifest [K
pulling bdbf939b402e:  45% ▕████████          ▏ 1.5 GB/3.3 GB  3.5 MB/s   8m31s[K[A[1Gpulling manifest [K
pulling bdbf939b402e:  45% ▕████████          ▏ 1.5 GB/3.3 GB  3.5 MB/s   8m31s[K[A[1Gpulling manifest [K
pulling bdbf939b402e:  45% ▕████████          ▏ 1.5 GB/3.3 GB  3.5 MB/s   8m31s[K[A[1Gpulling manifest [K
pulling bdbf939b402e:  45% ▕████████          ▏ 1.5 GB/3.3 GB  3.5 MB/s   8m43s[K[A[1Gpulling manifest [K
pulling bdbf939b402e:  45% ▕████████          ▏ 1.5 GB/3.3 GB  3.5 MB/s   8m43s[K[A[1Gpulling manifest [K
pulling bdbf939b402e:  45% ▕████████          ▏ 1.5 GB/3.3 GB  3.5 MB/s   8m43s[K[A[1Gpulling manifest [K
pulling bdbf939b402e:  45% ▕████████          ▏ 1.5 GB/3.3 GB  3.5 MB/s   8m43s[K[A[1Gpulling manifest [K
pulling bdbf939b402e:  45% ▕████████          ▏ 1.5 GB/3.3 GB  3.5 MB/s   8m43s[K[A[1Gpulling manifest [K
pulling bdbf939b402e:  45% ▕████████          ▏ 1.5 GB/3.3 GB  3.5 MB/s   8m43s[K[A[1Gpulling manifest [K
pulling bdbf939b402e:  45% ▕████████          ▏ 1.5 GB/3.3 GB  3.5 MB/s   8m43s[K[A[1Gpulling manifest [K
pulling bdbf939b402e:  45% ▕████████          ▏ 1.5 GB/3.3 GB  3.5 MB/s   8m43s[K[A[1Gpulling manifest [K
pulling bdbf939b402e:  45% ▕████████          ▏ 1.5 GB/3.3 GB  3.5 MB/s   8m43s[K[A[1Gpulling manifest [K
pulling bdbf939b402e:  45% ▕████████          ▏ 1.5 GB/3.3 GB  3.5 MB/s   8m42s[K[A[1Gpulling manifest [K
pulling bdbf939b402e:  45% ▕████████          ▏ 1.5 GB/3.3 GB  3.4 MB/s   8m47s[K[A[1Gpulling manifest [K
pulling bdbf939b402e:  45% ▕████████          ▏ 1.5 GB/3.3 GB  3.4 MB/s   8m47s[K[A[1Gpulling manifest [K
pulling bdbf939b402e:  45% ▕████████          ▏ 1.5 GB/3.3 GB  3.4 MB/s   8m47s[K[A[1Gpulling manifest [K
pulling bdbf939b402e:  45% ▕████████          ▏ 1.5 GB/3.3 GB  3.4 MB/s   8m47s[K[A[1Gpulling manifest [K
pulling bdbf939b402e:  45% ▕████████          ▏ 1.5 GB/3.3 GB  3.4 MB/s   8m47s[K[A[1Gpulling manifest [K
pulling bdbf939b402e:  45% ▕████████          ▏ 1.5 GB/3.3 GB  3.4 MB/s   8m47s[K[A[1Gpulling manifest [K
pulling bdbf939b402e:  45% ▕████████          ▏ 1.5 GB/3.3 GB  3.4 MB/s   8m47s[K[A[1Gpulling manifest [K
pulling bdbf939b402e:  45% ▕████████          ▏ 1.5 GB/3.3 GB  3.4 MB/s   8m47s[K[A[1Gpulling manifest [K
pulling bdbf939b402e:  45% ▕████████          ▏ 1.5 GB/3.3 GB  3.4 MB/s   8m46s[K[A[1Gpulling manifest [K
pulling bdbf939b402e:  45% ▕████████          ▏ 1.5 GB/3.3 GB  3.4 MB/s   8m46s[K[A[1Gpulling manifest [K
pulling bdbf939b402e:  45% ▕████████          ▏ 1.5 GB/3.3 GB  3.3 MB/s    9m1s[K[A[1Gpulling manifest [K
pulling bdbf939b402e:  45% ▕████████          ▏ 1.5 GB/3.3 GB  3.3 MB/s    9m1s[K[A[1Gpulling manifest [K
pulling bdbf939b402e:  45% ▕████████          ▏ 1.5 GB/3.3 GB  3.3 MB/s    9m1s[K[A[1Gpulling manifest [K
pulling bdbf939b402e:  45% ▕████████          ▏ 1.5 GB/3.3 GB  3.3 MB/s    9m1s[K[A[1Gpulling manifest [K
pulling bdbf939b402e:  45% ▕████████          ▏ 1.5 GB/3.3 GB  3.3 MB/s    9m0s[K[A[1Gpulling manifest [K
pulling bdbf939b402e:  45% ▕████████          ▏ 1.5 GB/3.3 GB  3.3 MB/s    9m0s[K[A[1Gpulling manifest [K
pulling bdbf939b402e:  45% ▕████████          ▏ 1.5 GB/3.3 GB  3.3 MB/s    9m0s[K[A[1Gpulling manifest [K
pulling bdbf939b402e:  45% ▕████████          ▏ 1.5 GB/3.3 GB  3.3 MB/s    9m0s[K[A[1Gpulling manifest [K
pulling bdbf939b402e:  45% ▕████████          ▏ 1.5 GB/3.3 GB  3.3 MB/s    9m0s[K[A[1Gpulling manifest [K
pulling bdbf939b402e:  45% ▕████████          ▏ 1.5 GB/3.3 GB  3.3 MB/s    9m0s[K[A[1Gpulling manifest [K
pulling bdbf939b402e:  45% ▕████████          ▏ 1.5 GB/3.3 GB  3.3 MB/s    9m3s[K[A[1Gpulling manifest [K
pulling bdbf939b402e:  45% ▕████████          ▏ 1.5 GB/3.3 GB  3.3 MB/s    9m3s[K[A[1Gpulling manifest [K
pulling bdbf939b402e:  45% ▕████████          ▏ 1.5 GB/3.3 GB  3.3 MB/s    9m3s[K[A[1Gpulling manifest [K
pulling bdbf939b402e:  45% ▕████████          ▏ 1.5 GB/3.3 GB  3.3 MB/s    9m3s[K[A[1Gpulling manifest [K
pulling bdbf939b402e:  45% ▕████████          ▏ 1.5 GB/3.3 GB  3.3 MB/s    9m3s[K[A[1Gpulling manifest [K
pulling bdbf939b402e:  45% ▕████████          ▏ 1.5 GB/3.3 GB  3.3 MB/s    9m3s[K[A[1Gpulling manifest [K
pulling bdbf939b402e:  45% ▕████████          ▏ 1.5 GB/3.3 GB  3.3 MB/s    9m3s[K[A[1Gpulling manifest [K
pulling bdbf939b402e:  45% ▕████████          ▏ 1.5 GB/3.3 GB  3.3 MB/s    9m3s[K[A[1Gpulling manifest [K
pulling bdbf939b402e:  45% ▕████████          ▏ 1.5 GB/3.3 GB  3.3 MB/s    9m3s[K[A[1Gpulling manifest [K
pulling bdbf939b402e:  45% ▕████████          ▏ 1.5 GB/3.3 GB  3.3 MB/s    9m2s[K[A[1Gpulling manifest [K
pulling bdbf939b402e:  45% ▕████████          ▏ 1.5 GB/3.3 GB  3.3 MB/s    9m2s[K[A[1Gpulling manifest [K
pulling bdbf939b402e:  45% ▕████████          ▏ 1.5 GB/3.3 GB  3.3 MB/s    9m6s[K[A[1Gpulling manifest [K
pulling bdbf939b402e:  45% ▕████████          ▏ 1.5 GB/3.3 GB  3.3 MB/s    9m6s[K[A[1Gpulling manifest [K
pulling bdbf939b402e:  45% ▕████████          ▏ 1.5 GB/3.3 GB  3.3 MB/s    9m5s[K[A[1Gpulling manifest [K
pulling bdbf939b402e:  45% ▕████████          ▏ 1.5 GB/3.3 GB  3.3 MB/s    9m5s[K[A[1Gpulling manifest [K
pulling bdbf939b402e:  45% ▕████████          ▏ 1.5 GB/3.3 GB  3.3 MB/s    9m5s[K[A[1Gpulling manifest [K
pulling bdbf939b402e:  45% ▕████████          ▏ 1.5 GB/3.3 GB  3.3 MB/s    9m5s[K[A[1Gpulling manifest [K
pulling bdbf939b402e:  45% ▕████████          ▏ 1.5 GB/3.3 GB  3.3 MB/s    9m5s[K[A[1Gpulling manifest [K
pulling bdbf939b402e:  45% ▕████████          ▏ 1.5 GB/3.3 GB  3.3 MB/s    9m5s[K[A[1Gpulling manifest [K
pulling bdbf939b402e:  45% ▕████████          ▏ 1.5 GB/3.3 GB  3.3 MB/s    9m5s[K[A[1Gpulling manifest [K
pulling bdbf939b402e:  45% ▕████████          ▏ 1.5 GB/3.3 GB  3.3 MB/s    9m5s[K[A[1Gpulling manifest [K
pulling bdbf939b402e:  45% ▕████████          ▏ 1.5 GB/3.3 GB  3.2 MB/s   9m20s[K[A[1Gpulling manifest [K
pulling bdbf939b402e:  45% ▕████████          ▏ 1.5 GB/3.3 GB  3.2 MB/s   9m20s[K[A[1Gpulling manifest [K
pulling bdbf939b402e:  45% ▕████████          ▏ 1.5 GB/3.3 GB  3.2 MB/s   9m20s[K[A[1Gpulling manifest [K
pulling bdbf939b402e:  46% ▕████████          ▏ 1.5 GB/3.3 GB  3.2 MB/s   9m20s[K[A[1Gpulling manifest [K
pulling bdbf939b402e:  46% ▕████████          ▏ 1.5 GB/3.3 GB  3.2 MB/s   9m20s[K[A[1Gpulling manifest [K
pulling bdbf939b402e:  46% ▕████████          ▏ 1.5 GB/3.3 GB  3.2 MB/s   9m20s[K[A[1Gpulling manifest [K
pulling bdbf939b402e:  46% ▕████████          ▏ 1.5 GB/3.3 GB  3.2 MB/s   9m20s[K[A[1Gpulling manifest [K
pulling bdbf939b402e:  46% ▕████████          ▏ 1.5 GB/3.3 GB  3.2 MB/s   9m20s[K[A[1Gpulling manifest [K
pulling bdbf939b402e:  46% ▕████████          ▏ 1.5 GB/3.3 GB  3.2 MB/s   9m19s[K[A[1Gpulling manifest [K
pulling bdbf939b402e:  46% ▕████████          ▏ 1.5 GB/3.3 GB  3.2 MB/s   9m19s[K[A[1Gpulling manifest [K
pulling bdbf939b402e:  46% ▕████████          ▏ 1.5 GB/3.3 GB  3.3 MB/s    9m8s[K[A[1Gpulling manifest [K
pulling bdbf939b402e:  46% ▕████████          ▏ 1.5 GB/3.3 GB  3.3 MB/s    9m8s[K[A[1Gpulling manifest [K
pulling bdbf939b402e:  46% ▕████████          ▏ 1.5 GB/3.3 GB  3.3 MB/s    9m8s[K[A[1Gpulling manifest [K
pulling bdbf939b402e:  46% ▕████████          ▏ 1.5 GB/3.3 GB  3.3 MB/s    9m8s[K[A[1Gpulling manifest [K
pulling bdbf939b402e:  46% ▕████████          ▏ 1.5 GB/3.3 GB  3.3 MB/s    9m8s[K[A[1Gpulling manifest [K
pulling bdbf939b402e:  46% ▕████████          ▏ 1.5 GB/3.3 GB  3.3 MB/s    9m8s[K[A[1Gpulling manifest [K
pulling bdbf939b402e:  46% ▕████████          ▏ 1.5 GB/3.3 GB  3.3 MB/s    9m8s[K[A[1Gpulling manifest [K
pulling bdbf939b402e:  46% ▕████████          ▏ 1.5 GB/3.3 GB  3.3 MB/s    9m7s[K[A[1Gpulling manifest [K
pulling bdbf939b402e:  46% ▕████████          ▏ 1.5 GB/3.3 GB  3.3 MB/s    9m7s[K[A[1Gpulling manifest [K
pulling bdbf939b402e:  46% ▕████████          ▏ 1.5 GB/3.3 GB  3.3 MB/s    9m7s[K[A[1Gpulling manifest [K
pulling bdbf939b402e:  46% ▕████████          ▏ 1.5 GB/3.3 GB  3.3 MB/s    9m3s[K[A[1Gpulling manifest [K
pulling bdbf939b402e:  46% ▕████████          ▏ 1.5 GB/3.3 GB  3.3 MB/s    9m3s[K[A[1Gpulling manifest [K
pulling bdbf939b402e:  46% ▕████████          ▏ 1.5 GB/3.3 GB  3.3 MB/s    9m3s[K[A[1Gpulling manifest [K
pulling bdbf939b402e:  46% ▕████████          ▏ 1.5 GB/3.3 GB  3.3 MB/s    9m2s[K[A[1Gpulling manifest [K
pulling bdbf939b402e:  46% ▕████████          ▏ 1.5 GB/3.3 GB  3.3 MB/s    9m2s[K[A[1Gpulling manifest [K
pulling bdbf939b402e:  46% ▕████████          ▏ 1.5 GB/3.3 GB  3.3 MB/s    9m2s[K[A[1Gpulling manifest [K
pulling bdbf939b402e:  46% ▕████████          ▏ 1.5 GB/3.3 GB  3.3 MB/s    9m2s[K[A[1Gpulling manifest [K
pulling bdbf939b402e:  46% ▕████████          ▏ 1.5 GB/3.3 GB  3.3 MB/s    9m2s[K[A[1Gpulling manifest [K
pulling bdbf939b402e:  46% ▕████████          ▏ 1.5 GB/3.3 GB  3.3 MB/s    9m2s[K[A[1Gpulling manifest [K
pulling bdbf939b402e:  46% ▕████████          ▏ 1.5 GB/3.3 GB  3.3 MB/s    9m2s[K[A[1Gpulling manifest [K
pulling bdbf939b402e:  46% ▕████████          ▏ 1.5 GB/3.3 GB  3.2 MB/s   9m27s[K[A[1Gpulling manifest [K
pulling bdbf939b402e:  46% ▕████████          ▏ 1.5 GB/3.3 GB  3.2 MB/s   9m27s[K[A[1Gpulling manifest [K
pulling bdbf939b402e:  46% ▕████████          ▏ 1.5 GB/3.3 GB  3.2 MB/s   9m27s[K[A[1Gpulling manifest [K
pulling bdbf939b402e:  46% ▕████████          ▏ 1.5 GB/3.3 GB  3.2 MB/s   9m27s[K[A[1Gpulling manifest [K
pulling bdbf939b402e:  46% ▕████████          ▏ 1.5 GB/3.3 GB  3.2 MB/s   9m27s[K[A[1Gpulling manifest [K
pulling bdbf939b402e:  46% ▕████████          ▏ 1.5 GB/3.3 GB  3.2 MB/s   9m27s[K[A[1Gpulling manifest [K
pulling bdbf939b402e:  46% ▕████████          ▏ 1.5 GB/3.3 GB  3.2 MB/s   9m27s[K[A[1Gpulling manifest [K
pulling bdbf939b402e:  46% ▕████████          ▏ 1.5 GB/3.3 GB  3.2 MB/s   9m27s[K[A[1Gpulling manifest [K
pulling bdbf939b402e:  46% ▕████████          ▏ 1.5 GB/3.3 GB  3.2 MB/s   9m27s[K[A[1Gpulling manifest [K
pulling bdbf939b402e:  46% ▕████████          ▏ 1.5 GB/3.3 GB  3.2 MB/s   9m26s[K[A[1Gpulling manifest [K
pulling bdbf939b402e:  46% ▕████████          ▏ 1.5 GB/3.3 GB  3.2 MB/s   9m26s[K[A[1Gpulling manifest [K
pulling bdbf939b402e:  46% ▕████████          ▏ 1.5 GB/3.3 GB  3.2 MB/s   9m11s[K[A[1Gpulling manifest [K
pulling bdbf939b402e:  46% ▕████████          ▏ 1.5 GB/3.3 GB  3.2 MB/s   9m11s[K[A[1Gpulling manifest [K
pulling bdbf939b402e:  46% ▕████████          ▏ 1.5 GB/3.3 GB  3.2 MB/s   9m11s[K[A[1Gpulling manifest [K
pulling bdbf939b402e:  46% ▕████████          ▏ 1.5 GB/3.3 GB  3.2 MB/s   9m11s[K[A[1Gpulling manifest [K
pulling bdbf939b402e:  46% ▕████████          ▏ 1.5 GB/3.3 GB  3.2 MB/s   9m11s[K[A[1Gpulling manifest [K
pulling bdbf939b402e:  46% ▕████████          ▏ 1.5 GB/3.3 GB  3.2 MB/s   9m10s[K[A[1Gpulling manifest [K
pulling bdbf939b402e:  46% ▕████████          ▏ 1.5 GB/3.3 GB  3.2 MB/s   9m10s[K[A[1Gpulling manifest [K
pulling bdbf939b402e:  46% ▕████████          ▏ 1.5 GB/3.3 GB  3.2 MB/s   9m10s[K[A[1Gpulling manifest [K
pulling bdbf939b402e:  46% ▕████████          ▏ 1.5 GB/3.3 GB  3.2 MB/s   9m10s[K[A[1Gpulling manifest [K
pulling bdbf939b402e:  46% ▕████████          ▏ 1.5 GB/3.3 GB  3.2 MB/s   9m10s[K[A[1Gpulling manifest [K
pulling bdbf939b402e:  46% ▕████████          ▏ 1.5 GB/3.3 GB  3.3 MB/s    9m7s[K[A[1Gpulling manifest [K
pulling bdbf939b402e:  46% ▕████████          ▏ 1.5 GB/3.3 GB  3.3 MB/s    9m6s[K[A[1Gpulling manifest [K
pulling bdbf939b402e:  46% ▕████████          ▏ 1.5 GB/3.3 GB  3.3 MB/s    9m6s[K[A[1Gpulling manifest [K
pulling bdbf939b402e:  46% ▕████████          ▏ 1.5 GB/3.3 GB  3.3 MB/s    9m6s[K[A[1Gpulling manifest [K
pulling bdbf939b402e:  46% ▕████████          ▏ 1.5 GB/3.3 GB  3.3 MB/s    9m6s[K[A[1Gpulling manifest [K
pulling bdbf939b402e:  46% ▕████████          ▏ 1.5 GB/3.3 GB  3.3 MB/s    9m6s[K[A[1Gpulling manifest [K
pulling bdbf939b402e:  46% ▕████████          ▏ 1.5 GB/3.3 GB  3.3 MB/s    9m6s[K[A[1Gpulling manifest [K
pulling bdbf939b402e:  46% ▕████████          ▏ 1.5 GB/3.3 GB  3.3 MB/s    9m6s[K[A[1Gpulling manifest [K
pulling bdbf939b402e:  46% ▕████████          ▏ 1.5 GB/3.3 GB  3.3 MB/s    9m6s[K[A[1Gpulling manifest [K
pulling bdbf939b402e:  46% ▕████████          ▏ 1.5 GB/3.3 GB  3.3 MB/s    9m6s[K[A[1Gpulling manifest [K
pulling bdbf939b402e:  46% ▕████████          ▏ 1.5 GB/3.3 GB  3.3 MB/s   8m54s[K[A[1Gpulling manifest [K
pulling bdbf939b402e:  46% ▕████████          ▏ 1.5 GB/3.3 GB  3.3 MB/s   8m54s[K[A[1Gpulling manifest [K
pulling bdbf939b402e:  46% ▕████████          ▏ 1.5 GB/3.3 GB  3.3 MB/s   8m54s[K[A[1Gpulling manifest [K
pulling bdbf939b402e:  46% ▕████████          ▏ 1.5 GB/3.3 GB  3.3 MB/s   8m54s[K[A[1Gpulling manifest [K
pulling bdbf939b402e:  46% ▕████████          ▏ 1.5 GB/3.3 GB  3.3 MB/s   8m54s[K[A[1Gpulling manifest [K
pulling bdbf939b402e:  46% ▕████████          ▏ 1.5 GB/3.3 GB  3.3 MB/s   8m53s[K[A[1Gpulling manifest [K
pulling bdbf939b402e:  46% ▕████████          ▏ 1.5 GB/3.3 GB  3.3 MB/s   8m53s[K[A[1Gpulling manifest [K
pulling bdbf939b402e:  46% ▕████████          ▏ 1.5 GB/3.3 GB  3.3 MB/s   8m53s[K[A[1Gpulling manifest [K
pulling bdbf939b402e:  46% ▕████████          ▏ 1.5 GB/3.3 GB  3.3 MB/s   8m53s[K[A[1Gpulling manifest [K
pulling bdbf939b402e:  46% ▕████████          ▏ 1.5 GB/3.3 GB  3.3 MB/s   8m53s[K[A[1Gpulling manifest [K
pulling bdbf939b402e:  46% ▕████████          ▏ 1.5 GB/3.3 GB  3.4 MB/s   8m45s[K[A[1Gpulling manifest [K
pulling bdbf939b402e:  46% ▕████████          ▏ 1.5 GB/3.3 GB  3.4 MB/s   8m44s[K[A[1Gpulling manifest [K
pulling bdbf939b402e:  46% ▕████████          ▏ 1.5 GB/3.3 GB  3.4 MB/s   8m44s[K[A[1Gpulling manifest [K
pulling bdbf939b402e:  46% ▕████████          ▏ 1.5 GB/3.3 GB  3.4 MB/s   8m44s[K[A[1Gpulling manifest [K
pulling bdbf939b402e:  46% ▕████████          ▏ 1.5 GB/3.3 GB  3.4 MB/s   8m44s[K[A[1Gpulling manifest [K
pulling bdbf939b402e:  46% ▕████████          ▏ 1.5 GB/3.3 GB  3.4 MB/s   8m44s[K[A[1Gpulling manifest [K
pulling bdbf939b402e:  46% ▕████████          ▏ 1.5 GB/3.3 GB  3.4 MB/s   8m44s[K[A[1Gpulling manifest [K
pulling bdbf939b402e:  46% ▕████████          ▏ 1.5 GB/3.3 GB  3.4 MB/s   8m44s[K[A[1Gpulling manifest [K
pulling bdbf939b402e:  46% ▕████████          ▏ 1.5 GB/3.3 GB  3.4 MB/s   8m44s[K[A[1Gpulling manifest [K
pulling bdbf939b402e:  46% ▕████████          ▏ 1.5 GB/3.3 GB  3.4 MB/s   8m44s[K[A[1Gpulling manifest [K
pulling bdbf939b402e:  46% ▕████████          ▏ 1.5 GB/3.3 GB  3.4 MB/s   8m43s[K[A[1Gpulling manifest [K
pulling bdbf939b402e:  46% ▕████████          ▏ 1.5 GB/3.3 GB  3.4 MB/s   8m43s[K[A[1Gpulling manifest [K
pulling bdbf939b402e:  46% ▕████████          ▏ 1.5 GB/3.3 GB  3.4 MB/s   8m43s[K[A[1Gpulling manifest [K
pulling bdbf939b402e:  46% ▕████████          ▏ 1.5 GB/3.3 GB  3.4 MB/s   8m43s[K[A[1Gpulling manifest [K
pulling bdbf939b402e:  46% ▕████████          ▏ 1.5 GB/3.3 GB  3.4 MB/s   8m43s[K[A[1Gpulling manifest [K
pulling bdbf939b402e:  46% ▕████████          ▏ 1.5 GB/3.3 GB  3.4 MB/s   8m42s[K[A[1Gpulling manifest [K
pulling bdbf939b402e:  46% ▕████████          ▏ 1.5 GB/3.3 GB  3.4 MB/s   8m42s[K[A[1Gpulling manifest [K
pulling bdbf939b402e:  46% ▕████████          ▏ 1.5 GB/3.3 GB  3.4 MB/s   8m42s[K[A[1Gpulling manifest [K
pulling bdbf939b402e:  46% ▕████████          ▏ 1.5 GB/3.3 GB  3.4 MB/s   8m42s[K[A[1Gpulling manifest [K
pulling bdbf939b402e:  46% ▕████████          ▏ 1.5 GB/3.3 GB  3.4 MB/s   8m42s[K[A[1Gpulling manifest [K
pulling bdbf939b402e:  46% ▕████████          ▏ 1.5 GB/3.3 GB  3.4 MB/s   8m42s[K[A[1Gpulling manifest [K
pulling bdbf939b402e:  46% ▕████████          ▏ 1.5 GB/3.3 GB  3.4 MB/s   8m45s[K[A[1Gpulling manifest [K
pulling bdbf939b402e:  46% ▕████████          ▏ 1.5 GB/3.3 GB  3.4 MB/s   8m45s[K[A[1Gpulling manifest [K
pulling bdbf939b402e:  46% ▕████████          ▏ 1.5 GB/3.3 GB  3.4 MB/s   8m45s[K[A[1Gpulling manifest [K
pulling bdbf939b402e:  46% ▕████████          ▏ 1.5 GB/3.3 GB  3.4 MB/s   8m45s[K[A[1Gpulling manifest [K
pulling bdbf939b402e:  46% ▕████████          ▏ 1.5 GB/3.3 GB  3.4 MB/s   8m44s[K[A[1Gpulling manifest [K
pulling bdbf939b402e:  46% ▕████████          ▏ 1.5 GB/3.3 GB  3.4 MB/s   8m44s[K[A[1Gpulling manifest [K
pulling bdbf939b402e:  46% ▕████████          ▏ 1.5 GB/3.3 GB  3.4 MB/s   8m44s[K[A[1Gpulling manifest [K
pulling bdbf939b402e:  46% ▕████████          ▏ 1.5 GB/3.3 GB  3.4 MB/s   8m44s[K[A[1Gpulling manifest [K
pulling bdbf939b402e:  46% ▕████████          ▏ 1.5 GB/3.3 GB  3.4 MB/s   8m44s[K[A[1Gpulling manifest [K
pulling bdbf939b402e:  46% ▕████████          ▏ 1.5 GB/3.3 GB  3.4 MB/s   8m44s[K[A[1Gpulling manifest [K
pulling bdbf939b402e:  46% ▕████████          ▏ 1.5 GB/3.3 GB  3.3 MB/s   8m50s[K[A[1Gpulling manifest [K
pulling bdbf939b402e:  46% ▕████████          ▏ 1.5 GB/3.3 GB  3.3 MB/s   8m50s[K[A[1Gpulling manifest [K
pulling bdbf939b402e:  47% ▕████████          ▏ 1.5 GB/3.3 GB  3.3 MB/s   8m50s[K[A[1Gpulling manifest [K
pulling bdbf939b402e:  47% ▕████████          ▏ 1.5 GB/3.3 GB  3.3 MB/s   8m50s[K[A[1Gpulling manifest [K
pulling bdbf939b402e:  47% ▕████████          ▏ 1.5 GB/3.3 GB  3.3 MB/s   8m50s[K[A[1Gpulling manifest [K
pulling bdbf939b402e:  47% ▕████████          ▏ 1.5 GB/3.3 GB  3.3 MB/s   8m50s[K[A[1Gpulling manifest [K
pulling bdbf939b402e:  47% ▕████████          ▏ 1.5 GB/3.3 GB  3.3 MB/s   8m50s[K[A[1Gpulling manifest [K
pulling bdbf939b402e:  47% ▕████████          ▏ 1.5 GB/3.3 GB  3.3 MB/s   8m50s[K[A[1Gpulling manifest [K
pulling bdbf939b402e:  47% ▕████████          ▏ 1.5 GB/3.3 GB  3.3 MB/s   8m50s[K[A[1Gpulling manifest [K
pulling bdbf939b402e:  47% ▕████████          ▏ 1.5 GB/3.3 GB  3.3 MB/s   8m49s[K[A[1Gpulling manifest [K
pulling bdbf939b402e:  47% ▕████████          ▏ 1.5 GB/3.3 GB  3.3 MB/s   8m53s[K[A[1Gpulling manifest [K
pulling bdbf939b402e:  47% ▕████████          ▏ 1.5 GB/3.3 GB  3.3 MB/s   8m53s[K[A[1Gpulling manifest [K
pulling bdbf939b402e:  47% ▕████████          ▏ 1.5 GB/3.3 GB  3.3 MB/s   8m53s[K[A[1Gpulling manifest [K
pulling bdbf939b402e:  47% ▕████████          ▏ 1.5 GB/3.3 GB  3.3 MB/s   8m53s[K[A[1Gpulling manifest [K
pulling bdbf939b402e:  47% ▕████████          ▏ 1.5 GB/3.3 GB  3.3 MB/s   8m53s[K[A[1Gpulling manifest [K
pulling bdbf939b402e:  47% ▕████████          ▏ 1.5 GB/3.3 GB  3.3 MB/s   8m53s[K[A[1Gpulling manifest [K
pulling bdbf939b402e:  47% ▕████████          ▏ 1.5 GB/3.3 GB  3.3 MB/s   8m53s[K[A[1Gpulling manifest [K
pulling bdbf939b402e:  47% ▕████████          ▏ 1.5 GB/3.3 GB  3.3 MB/s   8m52s[K[A[1Gpulling manifest [K
pulling bdbf939b402e:  47% ▕████████          ▏ 1.5 GB/3.3 GB  3.3 MB/s   8m52s[K[A[1Gpulling manifest [K
pulling bdbf939b402e:  47% ▕████████          ▏ 1.5 GB/3.3 GB  3.3 MB/s   8m52s[K[A[1Gpulling manifest [K
pulling bdbf939b402e:  47% ▕████████          ▏ 1.5 GB/3.3 GB  3.3 MB/s   8m50s[K[A[1Gpulling manifest [K
pulling bdbf939b402e:  47% ▕████████          ▏ 1.5 GB/3.3 GB  3.3 MB/s   8m50s[K[A[1Gpulling manifest [K
pulling bdbf939b402e:  47% ▕████████          ▏ 1.5 GB/3.3 GB  3.3 MB/s   8m50s[K[A[1Gpulling manifest [K
pulling bdbf939b402e:  47% ▕████████          ▏ 1.5 GB/3.3 GB  3.3 MB/s   8m50s[K[A[1Gpulling manifest [K
pulling bdbf939b402e:  47% ▕████████          ▏ 1.5 GB/3.3 GB  3.3 MB/s   8m50s[K[A[1Gpulling manifest [K
pulling bdbf939b402e:  47% ▕████████          ▏ 1.5 GB/3.3 GB  3.3 MB/s   8m50s[K[A[1Gpulling manifest [K
pulling bdbf939b402e:  47% ▕████████          ▏ 1.5 GB/3.3 GB  3.3 MB/s   8m50s[K[A[1Gpulling manifest [K
pulling bdbf939b402e:  47% ▕████████          ▏ 1.5 GB/3.3 GB  3.3 MB/s   8m50s[K[A[1Gpulling manifest [K
pulling bdbf939b402e:  47% ▕████████          ▏ 1.5 GB/3.3 GB  3.3 MB/s   8m50s[K[A[1Gpulling manifest [K
pulling bdbf939b402e:  47% ▕████████          ▏ 1.5 GB/3.3 GB  3.3 MB/s   8m50s[K[A[1Gpulling manifest [K
pulling bdbf939b402e:  47% ▕████████          ▏ 1.5 GB/3.3 GB  3.3 MB/s   8m52s[K[A[1Gpulling manifest [K
pulling bdbf939b402e:  47% ▕████████          ▏ 1.5 GB/3.3 GB  3.3 MB/s   8m52s[K[A[1Gpulling manifest [K
pulling bdbf939b402e:  47% ▕████████          ▏ 1.5 GB/3.3 GB  3.3 MB/s   8m52s[K[A[1Gpulling manifest [K
pulling bdbf939b402e:  47% ▕████████          ▏ 1.5 GB/3.3 GB  3.3 MB/s   8m52s[K[A[1Gpulling manifest [K
pulling bdbf939b402e:  47% ▕████████          ▏ 1.5 GB/3.3 GB  3.3 MB/s   8m52s[K[A[1Gpulling manifest [K
pulling bdbf939b402e:  47% ▕████████          ▏ 1.5 GB/3.3 GB  3.3 MB/s   8m52s[K[A[1Gpulling manifest [K
pulling bdbf939b402e:  47% ▕████████          ▏ 1.5 GB/3.3 GB  3.3 MB/s   8m52s[K[A[1Gpulling manifest [K
pulling bdbf939b402e:  47% ▕████████          ▏ 1.5 GB/3.3 GB  3.3 MB/s   8m51s[K[A[1Gpulling manifest [K
pulling bdbf939b402e:  47% ▕████████          ▏ 1.5 GB/3.3 GB  3.3 MB/s   8m51s[K[A[1Gpulling manifest [K
pulling bdbf939b402e:  47% ▕████████          ▏ 1.5 GB/3.3 GB  3.3 MB/s   8m51s[K[A[1Gpulling manifest [K
pulling bdbf939b402e:  47% ▕████████          ▏ 1.5 GB/3.3 GB  3.3 MB/s   8m51s[K[A[1Gpulling manifest [K
pulling bdbf939b402e:  47% ▕████████          ▏ 1.5 GB/3.3 GB  3.3 MB/s   8m46s[K[A[1Gpulling manifest [K
pulling bdbf939b402e:  47% ▕████████          ▏ 1.5 GB/3.3 GB  3.3 MB/s   8m46s[K[A[1Gpulling manifest [K
pulling bdbf939b402e:  47% ▕████████          ▏ 1.5 GB/3.3 GB  3.3 MB/s   8m46s[K[A[1Gpulling manifest [K
pulling bdbf939b402e:  47% ▕████████          ▏ 1.5 GB/3.3 GB  3.3 MB/s   8m46s[K[A[1Gpulling manifest [K
pulling bdbf939b402e:  47% ▕████████          ▏ 1.5 GB/3.3 GB  3.3 MB/s   8m46s[K[A[1Gpulling manifest [K
pulling bdbf939b402e:  47% ▕████████          ▏ 1.5 GB/3.3 GB  3.3 MB/s   8m46s[K[A[1Gpulling manifest [K
pulling bdbf939b402e:  47% ▕████████          ▏ 1.5 GB/3.3 GB  3.3 MB/s   8m46s[K[A[1Gpulling manifest [K
pulling bdbf939b402e:  47% ▕████████          ▏ 1.5 GB/3.3 GB  3.3 MB/s   8m46s[K[A[1Gpulling manifest [K
pulling bdbf939b402e:  47% ▕████████          ▏ 1.5 GB/3.3 GB  3.3 MB/s   8m46s[K[A[1Gpulling manifest [K
pulling bdbf939b402e:  47% ▕████████          ▏ 1.5 GB/3.3 GB  3.3 MB/s   8m46s[K[A[1Gpulling manifest [K
pulling bdbf939b402e:  47% ▕████████          ▏ 1.5 GB/3.3 GB  3.3 MB/s   8m50s[K[A[1Gpulling manifest [K
pulling bdbf939b402e:  47% ▕████████          ▏ 1.6 GB/3.3 GB  3.3 MB/s   8m50s[K[A[1Gpulling manifest [K
pulling bdbf939b402e:  47% ▕████████          ▏ 1.6 GB/3.3 GB  3.3 MB/s   8m50s[K[A[1Gpulling manifest [K
pulling bdbf939b402e:  47% ▕████████          ▏ 1.6 GB/3.3 GB  3.3 MB/s   8m50s[K[A[1Gpulling manifest [K
pulling bdbf939b402e:  47% ▕████████          ▏ 1.6 GB/3.3 GB  3.3 MB/s   8m50s[K[A[1Gpulling manifest [K
pulling bdbf939b402e:  47% ▕████████          ▏ 1.6 GB/3.3 GB  3.3 MB/s   8m49s[K[A[1Gpulling manifest [K
pulling bdbf939b402e:  47% ▕████████          ▏ 1.6 GB/3.3 GB  3.3 MB/s   8m49s[K[A[1Gpulling manifest [K
pulling bdbf939b402e:  47% ▕████████          ▏ 1.6 GB/3.3 GB  3.3 MB/s   8m49s[K[A[1Gpulling manifest [K
pulling bdbf939b402e:  47% ▕████████          ▏ 1.6 GB/3.3 GB  3.3 MB/s   8m49s[K[A[1Gpulling manifest [K
pulling bdbf939b402e:  47% ▕████████          ▏ 1.6 GB/3.3 GB  3.3 MB/s   8m49s[K[A[1Gpulling manifest [K
pulling bdbf939b402e:  47% ▕████████          ▏ 1.6 GB/3.3 GB  3.3 MB/s   8m53s[K[A[1Gpulling manifest [K
pulling bdbf939b402e:  47% ▕████████          ▏ 1.6 GB/3.3 GB  3.3 MB/s   8m53s[K[A[1Gpulling manifest [K
pulling bdbf939b402e:  47% ▕████████          ▏ 1.6 GB/3.3 GB  3.3 MB/s   8m53s[K[A[1Gpulling manifest [K
pulling bdbf939b402e:  47% ▕████████          ▏ 1.6 GB/3.3 GB  3.3 MB/s   8m53s[K[A[1Gpulling manifest [K
pulling bdbf939b402e:  47% ▕████████          ▏ 1.6 GB/3.3 GB  3.3 MB/s   8m53s[K[A[1Gpulling manifest [K
pulling bdbf939b402e:  47% ▕████████          ▏ 1.6 GB/3.3 GB  3.3 MB/s   8m53s[K[A[1Gpulling manifest [K
pulling bdbf939b402e:  47% ▕████████          ▏ 1.6 GB/3.3 GB  3.3 MB/s   8m53s[K[A[1Gpulling manifest [K
pulling bdbf939b402e:  47% ▕████████          ▏ 1.6 GB/3.3 GB  3.3 MB/s   8m53s[K[A[1Gpulling manifest [K
pulling bdbf939b402e:  47% ▕████████          ▏ 1.6 GB/3.3 GB  3.3 MB/s   8m52s[K[A[1Gpulling manifest [K
pulling bdbf939b402e:  47% ▕████████          ▏ 1.6 GB/3.3 GB  3.3 MB/s   8m52s[K[A[1Gpulling manifest [K
pulling bdbf939b402e:  47% ▕████████          ▏ 1.6 GB/3.3 GB  3.2 MB/s   8m56s[K[A[1Gpulling manifest [K
pulling bdbf939b402e:  47% ▕████████          ▏ 1.6 GB/3.3 GB  3.2 MB/s   8m56s[K[A[1Gpulling manifest [K
pulling bdbf939b402e:  47% ▕████████          ▏ 1.6 GB/3.3 GB  3.2 MB/s   8m56s[K[A[1Gpulling manifest [K
pulling bdbf939b402e:  47% ▕████████          ▏ 1.6 GB/3.3 GB  3.2 MB/s   8m56s[K[A[1Gpulling manifest [K
pulling bdbf939b402e:  47% ▕████████          ▏ 1.6 GB/3.3 GB  3.2 MB/s   8m55s[K[A[1Gpulling manifest [K
pulling bdbf939b402e:  47% ▕████████          ▏ 1.6 GB/3.3 GB  3.2 MB/s   8m55s[K[A[1Gpulling manifest [K
pulling bdbf939b402e:  47% ▕████████          ▏ 1.6 GB/3.3 GB  3.2 MB/s   8m55s[K[A[1Gpulling manifest [K
pulling bdbf939b402e:  47% ▕████████          ▏ 1.6 GB/3.3 GB  3.2 MB/s   8m55s[K[A[1Gpulling manifest [K
pulling bdbf939b402e:  47% ▕████████          ▏ 1.6 GB/3.3 GB  3.2 MB/s   8m55s[K[A[1Gpulling manifest [K
pulling bdbf939b402e:  47% ▕████████          ▏ 1.6 GB/3.3 GB  3.2 MB/s   8m55s[K[A[1Gpulling manifest [K
pulling bdbf939b402e:  47% ▕████████          ▏ 1.6 GB/3.3 GB  3.2 MB/s   8m56s[K[A[1Gpulling manifest [K
pulling bdbf939b402e:  47% ▕████████          ▏ 1.6 GB/3.3 GB  3.2 MB/s   8m56s[K[A[1Gpulling manifest [K
pulling bdbf939b402e:  47% ▕████████          ▏ 1.6 GB/3.3 GB  3.2 MB/s   8m56s[K[A[1Gpulling manifest [K
pulling bdbf939b402e:  47% ▕████████          ▏ 1.6 GB/3.3 GB  3.2 MB/s   8m56s[K[A[1Gpulling manifest [K
pulling bdbf939b402e:  47% ▕████████          ▏ 1.6 GB/3.3 GB  3.2 MB/s   8m56s[K[A[1Gpulling manifest [K
pulling bdbf939b402e:  47% ▕████████          ▏ 1.6 GB/3.3 GB  3.2 MB/s   8m56s[K[A[1Gpulling manifest [K
pulling bdbf939b402e:  47% ▕████████          ▏ 1.6 GB/3.3 GB  3.2 MB/s   8m56s[K[A[1Gpulling manifest [K
pulling bdbf939b402e:  47% ▕████████          ▏ 1.6 GB/3.3 GB  3.2 MB/s   8m56s[K[A[1Gpulling manifest [K
pulling bdbf939b402e:  47% ▕████████          ▏ 1.6 GB/3.3 GB  3.2 MB/s   8m56s[K[A[1Gpulling manifest [K
pulling bdbf939b402e:  47% ▕████████          ▏ 1.6 GB/3.3 GB  3.2 MB/s   8m56s[K[A[1Gpulling manifest [K
pulling bdbf939b402e:  47% ▕████████          ▏ 1.6 GB/3.3 GB  3.2 MB/s   8m55s[K[A[1Gpulling manifest [K
pulling bdbf939b402e:  47% ▕████████          ▏ 1.6 GB/3.3 GB  3.2 MB/s   8m56s[K[A[1Gpulling manifest [K
pulling bdbf939b402e:  47% ▕████████          ▏ 1.6 GB/3.3 GB  3.2 MB/s   8m56s[K[A[1Gpulling manifest [K
pulling bdbf939b402e:  47% ▕████████          ▏ 1.6 GB/3.3 GB  3.2 MB/s   8m56s[K[A[1Gpulling manifest [K
pulling bdbf939b402e:  47% ▕████████          ▏ 1.6 GB/3.3 GB  3.2 MB/s   8m56s[K[A[1Gpulling manifest [K
pulling bdbf939b402e:  47% ▕████████          ▏ 1.6 GB/3.3 GB  3.2 MB/s   8m56s[K[A[1Gpulling manifest [K
pulling bdbf939b402e:  47% ▕████████          ▏ 1.6 GB/3.3 GB  3.2 MB/s   8m56s[K[A[1Gpulling manifest [K
pulling bdbf939b402e:  47% ▕████████          ▏ 1.6 GB/3.3 GB  3.2 MB/s   8m55s[K[A[1Gpulling manifest [K
pulling bdbf939b402e:  47% ▕████████          ▏ 1.6 GB/3.3 GB  3.2 MB/s   8m55s[K[A[1Gpulling manifest [K
pulling bdbf939b402e:  47% ▕████████          ▏ 1.6 GB/3.3 GB  3.2 MB/s   8m55s[K[A[1Gpulling manifest [K
pulling bdbf939b402e:  47% ▕████████          ▏ 1.6 GB/3.3 GB  3.2 MB/s   8m55s[K[A[1Gpulling manifest [K
pulling bdbf939b402e:  47% ▕████████          ▏ 1.6 GB/3.3 GB  3.2 MB/s   8m56s[K[A[1Gpulling manifest [K
pulling bdbf939b402e:  47% ▕████████          ▏ 1.6 GB/3.3 GB  3.2 MB/s   8m56s[K[A[1Gpulling manifest [K
pulling bdbf939b402e:  47% ▕████████          ▏ 1.6 GB/3.3 GB  3.2 MB/s   8m56s[K[A[1Gpulling manifest [K
pulling bdbf939b402e:  47% ▕████████          ▏ 1.6 GB/3.3 GB  3.2 MB/s   8m56s[K[A[1Gpulling manifest [K
pulling bdbf939b402e:  47% ▕████████          ▏ 1.6 GB/3.3 GB  3.2 MB/s   8m56s[K[A[1Gpulling manifest [K
pulling bdbf939b402e:  48% ▕████████          ▏ 1.6 GB/3.3 GB  3.2 MB/s   8m55s[K[A[1Gpulling manifest [K
pulling bdbf939b402e:  48% ▕████████          ▏ 1.6 GB/3.3 GB  3.2 MB/s   8m55s[K[A[1Gpulling manifest [K
pulling bdbf939b402e:  48% ▕████████          ▏ 1.6 GB/3.3 GB  3.2 MB/s   8m55s[K[A[1Gpulling manifest [K
pulling bdbf939b402e:  48% ▕████████          ▏ 1.6 GB/3.3 GB  3.2 MB/s   8m55s[K[A[1Gpulling manifest [K
pulling bdbf939b402e:  48% ▕████████          ▏ 1.6 GB/3.3 GB  3.2 MB/s   8m55s[K[A[1Gpulling manifest [K
pulling bdbf939b402e:  48% ▕████████          ▏ 1.6 GB/3.3 GB  3.2 MB/s   8m59s[K[A[1Gpulling manifest [K
pulling bdbf939b402e:  48% ▕████████          ▏ 1.6 GB/3.3 GB  3.2 MB/s   8m59s[K[A[1Gpulling manifest [K
pulling bdbf939b402e:  48% ▕████████          ▏ 1.6 GB/3.3 GB  3.2 MB/s   8m59s[K[A[1Gpulling manifest [K
pulling bdbf939b402e:  48% ▕████████          ▏ 1.6 GB/3.3 GB  3.2 MB/s   8m58s[K[A[1Gpulling manifest [K
pulling bdbf939b402e:  48% ▕████████          ▏ 1.6 GB/3.3 GB  3.2 MB/s   8m58s[K[A[1Gpulling manifest [K
pulling bdbf939b402e:  48% ▕████████          ▏ 1.6 GB/3.3 GB  3.2 MB/s   8m58s[K[A[1Gpulling manifest [K
pulling bdbf939b402e:  48% ▕████████          ▏ 1.6 GB/3.3 GB  3.2 MB/s   8m58s[K[A[1Gpulling manifest [K
pulling bdbf939b402e:  48% ▕████████          ▏ 1.6 GB/3.3 GB  3.2 MB/s   8m58s[K[A[1Gpulling manifest [K
pulling bdbf939b402e:  48% ▕████████          ▏ 1.6 GB/3.3 GB  3.2 MB/s   8m58s[K[A[1Gpulling manifest [K
pulling bdbf939b402e:  48% ▕████████          ▏ 1.6 GB/3.3 GB  3.2 MB/s   8m58s[K[A[1Gpulling manifest [K
pulling bdbf939b402e:  48% ▕████████          ▏ 1.6 GB/3.3 GB  3.2 MB/s   8m53s[K[A[1Gpulling manifest [K
pulling bdbf939b402e:  48% ▕████████          ▏ 1.6 GB/3.3 GB  3.2 MB/s   8m53s[K[A[1Gpulling manifest [K
pulling bdbf939b402e:  48% ▕████████          ▏ 1.6 GB/3.3 GB  3.2 MB/s   8m53s[K[A[1Gpulling manifest [K
pulling bdbf939b402e:  48% ▕████████          ▏ 1.6 GB/3.3 GB  3.2 MB/s   8m53s[K[A[1Gpulling manifest [K
pulling bdbf939b402e:  48% ▕████████          ▏ 1.6 GB/3.3 GB  3.2 MB/s   8m52s[K[A[1Gpulling manifest [K
pulling bdbf939b402e:  48% ▕████████          ▏ 1.6 GB/3.3 GB  3.2 MB/s   8m52s[K[A[1Gpulling manifest [K
pulling bdbf939b402e:  48% ▕████████          ▏ 1.6 GB/3.3 GB  3.2 MB/s   8m52s[K[A[1Gpulling manifest [K
pulling bdbf939b402e:  48% ▕████████          ▏ 1.6 GB/3.3 GB  3.2 MB/s   8m52s[K[A[1Gpulling manifest [K
pulling bdbf939b402e:  48% ▕████████          ▏ 1.6 GB/3.3 GB  3.2 MB/s   8m52s[K[A[1Gpulling manifest [K
pulling bdbf939b402e:  48% ▕████████          ▏ 1.6 GB/3.3 GB  3.2 MB/s   8m52s[K[A[1Gpulling manifest [K
pulling bdbf939b402e:  48% ▕████████          ▏ 1.6 GB/3.3 GB  3.2 MB/s   8m53s[K[A[1Gpulling manifest [K
pulling bdbf939b402e:  48% ▕████████          ▏ 1.6 GB/3.3 GB  3.2 MB/s   8m53s[K[A[1Gpulling manifest [K
pulling bdbf939b402e:  48% ▕████████          ▏ 1.6 GB/3.3 GB  3.2 MB/s   8m53s[K[A[1Gpulling manifest [K
pulling bdbf939b402e:  48% ▕████████          ▏ 1.6 GB/3.3 GB  3.2 MB/s   8m53s[K[A[1Gpulling manifest [K
pulling bdbf939b402e:  48% ▕████████          ▏ 1.6 GB/3.3 GB  3.2 MB/s   8m53s[K[A[1Gpulling manifest [K
pulling bdbf939b402e:  48% ▕████████          ▏ 1.6 GB/3.3 GB  3.2 MB/s   8m53s[K[A[1Gpulling manifest [K
pulling bdbf939b402e:  48% ▕████████          ▏ 1.6 GB/3.3 GB  3.2 MB/s   8m52s[K[A[1Gpulling manifest [K
pulling bdbf939b402e:  48% ▕████████          ▏ 1.6 GB/3.3 GB  3.2 MB/s   8m52s[K[A[1Gpulling manifest [K
pulling bdbf939b402e:  48% ▕████████          ▏ 1.6 GB/3.3 GB  3.2 MB/s   8m52s[K[A[1Gpulling manifest [K
pulling bdbf939b402e:  48% ▕████████          ▏ 1.6 GB/3.3 GB  3.2 MB/s   8m52s[K[A[1Gpulling manifest [K
pulling bdbf939b402e:  48% ▕████████          ▏ 1.6 GB/3.3 GB  3.2 MB/s   8m52s[K[A[1Gpulling manifest [K
pulling bdbf939b402e:  48% ▕████████          ▏ 1.6 GB/3.3 GB  3.2 MB/s   8m59s[K[A[1Gpulling manifest [K
pulling bdbf939b402e:  48% ▕████████          ▏ 1.6 GB/3.3 GB  3.2 MB/s   8m59s[K[A[1Gpulling manifest [K
pulling bdbf939b402e:  48% ▕████████          ▏ 1.6 GB/3.3 GB  3.2 MB/s   8m59s[K[A[1Gpulling manifest [K
pulling bdbf939b402e:  48% ▕████████          ▏ 1.6 GB/3.3 GB  3.2 MB/s   8m59s[K[A[1Gpulling manifest [K
pulling bdbf939b402e:  48% ▕████████          ▏ 1.6 GB/3.3 GB  3.2 MB/s   8m58s[K[A[1Gpulling manifest [K
pulling bdbf939b402e:  48% ▕████████          ▏ 1.6 GB/3.3 GB  3.2 MB/s   8m58s[K[A[1Gpulling manifest [K
pulling bdbf939b402e:  48% ▕████████          ▏ 1.6 GB/3.3 GB  3.2 MB/s   8m58s[K[A[1Gpulling manifest [K
pulling bdbf939b402e:  48% ▕████████          ▏ 1.6 GB/3.3 GB  3.2 MB/s   8m58s[K[A[1Gpulling manifest [K
pulling bdbf939b402e:  48% ▕████████          ▏ 1.6 GB/3.3 GB  3.2 MB/s   8m58s[K[A[1Gpulling manifest [K
pulling bdbf939b402e:  48% ▕████████          ▏ 1.6 GB/3.3 GB  3.2 MB/s   8m58s[K[A[1Gpulling manifest [K
pulling bdbf939b402e:  48% ▕████████          ▏ 1.6 GB/3.3 GB  3.2 MB/s   8m55s[K[A[1Gpulling manifest [K
pulling bdbf939b402e:  48% ▕████████          ▏ 1.6 GB/3.3 GB  3.2 MB/s   8m55s[K[A[1Gpulling manifest [K
pulling bdbf939b402e:  48% ▕████████          ▏ 1.6 GB/3.3 GB  3.2 MB/s   8m55s[K[A[1Gpulling manifest [K
pulling bdbf939b402e:  48% ▕████████          ▏ 1.6 GB/3.3 GB  3.2 MB/s   8m55s[K[A[1Gpulling manifest [K
pulling bdbf939b402e:  48% ▕████████          ▏ 1.6 GB/3.3 GB  3.2 MB/s   8m54s[K[A[1Gpulling manifest [K
pulling bdbf939b402e:  48% ▕████████          ▏ 1.6 GB/3.3 GB  3.2 MB/s   8m54s[K[A[1Gpulling manifest [K
pulling bdbf939b402e:  48% ▕████████          ▏ 1.6 GB/3.3 GB  3.2 MB/s   8m54s[K[A[1Gpulling manifest [K
pulling bdbf939b402e:  48% ▕████████          ▏ 1.6 GB/3.3 GB  3.2 MB/s   8m54s[K[A[1Gpulling manifest [K
pulling bdbf939b402e:  48% ▕████████          ▏ 1.6 GB/3.3 GB  3.2 MB/s   8m54s[K[A[1Gpulling manifest [K
pulling bdbf939b402e:  48% ▕████████          ▏ 1.6 GB/3.3 GB  3.2 MB/s   8m54s[K[A[1Gpulling manifest [K
pulling bdbf939b402e:  48% ▕████████          ▏ 1.6 GB/3.3 GB  3.3 MB/s   8m43s[K[A[1Gpulling manifest [K
pulling bdbf939b402e:  48% ▕████████          ▏ 1.6 GB/3.3 GB  3.3 MB/s   8m43s[K[A[1Gpulling manifest [K
pulling bdbf939b402e:  48% ▕████████          ▏ 1.6 GB/3.3 GB  3.3 MB/s   8m43s[K[A[1Gpulling manifest [K
pulling bdbf939b402e:  48% ▕████████          ▏ 1.6 GB/3.3 GB  3.3 MB/s   8m43s[K[A[1Gpulling manifest [K
pulling bdbf939b402e:  48% ▕████████          ▏ 1.6 GB/3.3 GB  3.3 MB/s   8m43s[K[A[1Gpulling manifest [K
pulling bdbf939b402e:  48% ▕████████          ▏ 1.6 GB/3.3 GB  3.3 MB/s   8m43s[K[A[1Gpulling manifest [K
pulling bdbf939b402e:  48% ▕████████          ▏ 1.6 GB/3.3 GB  3.3 MB/s   8m43s[K[A[1Gpulling manifest [K
pulling bdbf939b402e:  48% ▕████████          ▏ 1.6 GB/3.3 GB  3.3 MB/s   8m43s[K[A[1Gpulling manifest [K
pulling bdbf939b402e:  48% ▕████████          ▏ 1.6 GB/3.3 GB  3.3 MB/s   8m43s[K[A[1Gpulling manifest [K
pulling bdbf939b402e:  48% ▕████████          ▏ 1.6 GB/3.3 GB  3.3 MB/s   8m43s[K[A[1Gpulling manifest [K
pulling bdbf939b402e:  48% ▕████████          ▏ 1.6 GB/3.3 GB  3.3 MB/s   8m44s[K[A[1Gpulling manifest [K
pulling bdbf939b402e:  48% ▕████████          ▏ 1.6 GB/3.3 GB  3.3 MB/s   8m44s[K[A[1Gpulling manifest [K
pulling bdbf939b402e:  48% ▕████████          ▏ 1.6 GB/3.3 GB  3.3 MB/s   8m44s[K[A[1Gpulling manifest [K
pulling bdbf939b402e:  48% ▕████████          ▏ 1.6 GB/3.3 GB  3.3 MB/s   8m44s[K[A[1Gpulling manifest [K
pulling bdbf939b402e:  48% ▕████████          ▏ 1.6 GB/3.3 GB  3.3 MB/s   8m44s[K[A[1Gpulling manifest [K
pulling bdbf939b402e:  48% ▕████████          ▏ 1.6 GB/3.3 GB  3.3 MB/s   8m44s[K[A[1Gpulling manifest [K
pulling bdbf939b402e:  48% ▕████████          ▏ 1.6 GB/3.3 GB  3.3 MB/s   8m44s[K[A[1Gpulling manifest [K
pulling bdbf939b402e:  48% ▕████████          ▏ 1.6 GB/3.3 GB  3.3 MB/s   8m44s[K[A[1Gpulling manifest [K
pulling bdbf939b402e:  48% ▕████████          ▏ 1.6 GB/3.3 GB  3.3 MB/s   8m44s[K[A[1Gpulling manifest [K
pulling bdbf939b402e:  48% ▕████████          ▏ 1.6 GB/3.3 GB  3.3 MB/s   8m44s[K[A[1Gpulling manifest [K
pulling bdbf939b402e:  48% ▕████████          ▏ 1.6 GB/3.3 GB  3.2 MB/s   8m45s[K[A[1Gpulling manifest [K
pulling bdbf939b402e:  48% ▕████████          ▏ 1.6 GB/3.3 GB  3.2 MB/s   8m45s[K[A[1Gpulling manifest [K
pulling bdbf939b402e:  48% ▕████████          ▏ 1.6 GB/3.3 GB  3.2 MB/s   8m45s[K[A[1Gpulling manifest [K
pulling bdbf939b402e:  48% ▕████████          ▏ 1.6 GB/3.3 GB  3.2 MB/s   8m45s[K[A[1Gpulling manifest [K
pulling bdbf939b402e:  48% ▕████████          ▏ 1.6 GB/3.3 GB  3.2 MB/s   8m45s[K[A[1Gpulling manifest [K
pulling bdbf939b402e:  48% ▕████████          ▏ 1.6 GB/3.3 GB  3.2 MB/s   8m45s[K[A[1Gpulling manifest [K
pulling bdbf939b402e:  48% ▕████████          ▏ 1.6 GB/3.3 GB  3.2 MB/s   8m45s[K[A[1Gpulling manifest [K
pulling bdbf939b402e:  48% ▕████████          ▏ 1.6 GB/3.3 GB  3.2 MB/s   8m45s[K[A[1Gpulling manifest [K
pulling bdbf939b402e:  48% ▕████████          ▏ 1.6 GB/3.3 GB  3.2 MB/s   8m45s[K[A[1Gpulling manifest [K
pulling bdbf939b402e:  48% ▕████████          ▏ 1.6 GB/3.3 GB  3.2 MB/s   8m45s[K[A[1Gpulling manifest [K
pulling bdbf939b402e:  48% ▕████████          ▏ 1.6 GB/3.3 GB  3.2 MB/s   8m45s[K[A[1Gpulling manifest [K
pulling bdbf939b402e:  48% ▕████████          ▏ 1.6 GB/3.3 GB  3.3 MB/s   8m43s[K[A[1Gpulling manifest [K
pulling bdbf939b402e:  48% ▕████████          ▏ 1.6 GB/3.3 GB  3.3 MB/s   8m43s[K[A[1Gpulling manifest [K
pulling bdbf939b402e:  48% ▕████████          ▏ 1.6 GB/3.3 GB  3.3 MB/s   8m43s[K[A[1Gpulling manifest [K
pulling bdbf939b402e:  48% ▕████████          ▏ 1.6 GB/3.3 GB  3.3 MB/s   8m43s[K[A[1Gpulling manifest [K
pulling bdbf939b402e:  48% ▕████████          ▏ 1.6 GB/3.3 GB  3.3 MB/s   8m43s[K[A[1Gpulling manifest [K
pulling bdbf939b402e:  48% ▕████████          ▏ 1.6 GB/3.3 GB  3.3 MB/s   8m43s[K[A[1Gpulling manifest [K
pulling bdbf939b402e:  48% ▕████████          ▏ 1.6 GB/3.3 GB  3.3 MB/s   8m43s[K[A[1Gpulling manifest [K
pulling bdbf939b402e:  48% ▕████████          ▏ 1.6 GB/3.3 GB  3.3 MB/s   8m43s[K[A[1Gpulling manifest [K
pulling bdbf939b402e:  48% ▕████████          ▏ 1.6 GB/3.3 GB  3.3 MB/s   8m43s[K[A[1Gpulling manifest [K
pulling bdbf939b402e:  48% ▕████████          ▏ 1.6 GB/3.3 GB  3.3 MB/s   8m43s[K[A[1Gpulling manifest [K
pulling bdbf939b402e:  48% ▕████████          ▏ 1.6 GB/3.3 GB  3.2 MB/s   8m45s[K[A[1Gpulling manifest [K
pulling bdbf939b402e:  48% ▕████████          ▏ 1.6 GB/3.3 GB  3.2 MB/s   8m45s[K[A[1Gpulling manifest [K
pulling bdbf939b402e:  48% ▕████████          ▏ 1.6 GB/3.3 GB  3.2 MB/s   8m45s[K[A[1Gpulling manifest [K
pulling bdbf939b402e:  48% ▕████████          ▏ 1.6 GB/3.3 GB  3.2 MB/s   8m45s[K[A[1Gpulling manifest [K
pulling bdbf939b402e:  48% ▕████████          ▏ 1.6 GB/3.3 GB  3.2 MB/s   8m45s[K[A[1Gpulling manifest [K
pulling bdbf939b402e:  48% ▕████████          ▏ 1.6 GB/3.3 GB  3.2 MB/s   8m45s[K[A[1Gpulling manifest [K
pulling bdbf939b402e:  48% ▕████████          ▏ 1.6 GB/3.3 GB  3.2 MB/s   8m45s[K[A[1Gpulling manifest [K
pulling bdbf939b402e:  49% ▕████████          ▏ 1.6 GB/3.3 GB  3.2 MB/s   8m45s[K[A[1Gpulling manifest [K
pulling bdbf939b402e:  49% ▕████████          ▏ 1.6 GB/3.3 GB  3.2 MB/s   8m45s[K[A[1Gpulling manifest [K
pulling bdbf939b402e:  49% ▕████████          ▏ 1.6 GB/3.3 GB  3.2 MB/s   8m45s[K[A[1Gpulling manifest [K
pulling bdbf939b402e:  49% ▕████████          ▏ 1.6 GB/3.3 GB  3.2 MB/s   8m54s[K[A[1Gpulling manifest [K
pulling bdbf939b402e:  49% ▕████████          ▏ 1.6 GB/3.3 GB  3.2 MB/s   8m54s[K[A[1Gpulling manifest [K
pulling bdbf939b402e:  49% ▕████████          ▏ 1.6 GB/3.3 GB  3.2 MB/s   8m54s[K[A[1Gpulling manifest [K
pulling bdbf939b402e:  49% ▕████████          ▏ 1.6 GB/3.3 GB  3.2 MB/s   8m54s[K[A[1Gpulling manifest [K
pulling bdbf939b402e:  49% ▕████████          ▏ 1.6 GB/3.3 GB  3.2 MB/s   8m54s[K[A[1Gpulling manifest [K
pulling bdbf939b402e:  49% ▕████████          ▏ 1.6 GB/3.3 GB  3.2 MB/s   8m54s[K[A[1Gpulling manifest [K
pulling bdbf939b402e:  49% ▕████████          ▏ 1.6 GB/3.3 GB  3.2 MB/s   8m53s[K[A[1Gpulling manifest [K
pulling bdbf939b402e:  49% ▕████████          ▏ 1.6 GB/3.3 GB  3.2 MB/s   8m53s[K[A[1Gpulling manifest [K
pulling bdbf939b402e:  49% ▕████████          ▏ 1.6 GB/3.3 GB  3.2 MB/s   8m53s[K[A[1Gpulling manifest [K
pulling bdbf939b402e:  49% ▕████████          ▏ 1.6 GB/3.3 GB  3.2 MB/s   8m53s[K[A[1Gpulling manifest [K
pulling bdbf939b402e:  49% ▕████████          ▏ 1.6 GB/3.3 GB  3.1 MB/s    9m2s[K[A[1Gpulling manifest [K
pulling bdbf939b402e:  49% ▕████████          ▏ 1.6 GB/3.3 GB  3.1 MB/s    9m1s[K[A[1Gpulling manifest [K
pulling bdbf939b402e:  49% ▕████████          ▏ 1.6 GB/3.3 GB  3.1 MB/s    9m1s[K[A[1Gpulling manifest [K
pulling bdbf939b402e:  49% ▕████████          ▏ 1.6 GB/3.3 GB  3.1 MB/s    9m1s[K[A[1Gpulling manifest [K
pulling bdbf939b402e:  49% ▕████████          ▏ 1.6 GB/3.3 GB  3.1 MB/s    9m1s[K[A[1Gpulling manifest [K
pulling bdbf939b402e:  49% ▕████████          ▏ 1.6 GB/3.3 GB  3.1 MB/s    9m1s[K[A[1Gpulling manifest [K
pulling bdbf939b402e:  49% ▕████████          ▏ 1.6 GB/3.3 GB  3.1 MB/s    9m1s[K[A[1Gpulling manifest [K
pulling bdbf939b402e:  49% ▕████████          ▏ 1.6 GB/3.3 GB  3.1 MB/s    9m1s[K[A[1Gpulling manifest [K
pulling bdbf939b402e:  49% ▕████████          ▏ 1.6 GB/3.3 GB  3.1 MB/s    9m1s[K[A[1Gpulling manifest [K
pulling bdbf939b402e:  49% ▕████████          ▏ 1.6 GB/3.3 GB  3.1 MB/s    9m1s[K[A[1Gpulling manifest [K
pulling bdbf939b402e:  49% ▕████████          ▏ 1.6 GB/3.3 GB  3.1 MB/s   8m57s[K[A[1Gpulling manifest [K
pulling bdbf939b402e:  49% ▕████████          ▏ 1.6 GB/3.3 GB  3.1 MB/s   8m57s[K[A[1Gpulling manifest [K
pulling bdbf939b402e:  49% ▕████████          ▏ 1.6 GB/3.3 GB  3.1 MB/s   8m57s[K[A[1Gpulling manifest [K
pulling bdbf939b402e:  49% ▕████████          ▏ 1.6 GB/3.3 GB  3.1 MB/s   8m57s[K[A[1Gpulling manifest [K
pulling bdbf939b402e:  49% ▕████████          ▏ 1.6 GB/3.3 GB  3.1 MB/s   8m57s[K[A[1Gpulling manifest [K
pulling bdbf939b402e:  49% ▕████████          ▏ 1.6 GB/3.3 GB  3.1 MB/s   8m57s[K[A[1Gpulling manifest [K
pulling bdbf939b402e:  49% ▕████████          ▏ 1.6 GB/3.3 GB  3.1 MB/s   8m57s[K[A[1Gpulling manifest [K
pulling bdbf939b402e:  49% ▕████████          ▏ 1.6 GB/3.3 GB  3.1 MB/s   8m57s[K[A[1Gpulling manifest [K
pulling bdbf939b402e:  49% ▕████████          ▏ 1.6 GB/3.3 GB  3.1 MB/s   8m57s[K[A[1Gpulling manifest [K
pulling bdbf939b402e:  49% ▕████████          ▏ 1.6 GB/3.3 GB  3.1 MB/s   8m56s[K[A[1Gpulling manifest [K
pulling bdbf939b402e:  49% ▕████████          ▏ 1.6 GB/3.3 GB  3.1 MB/s   8m56s[K[A[1Gpulling manifest [K
pulling bdbf939b402e:  49% ▕████████          ▏ 1.6 GB/3.3 GB  3.1 MB/s    9m3s[K[A[1Gpulling manifest [K
pulling bdbf939b402e:  49% ▕████████          ▏ 1.6 GB/3.3 GB  3.1 MB/s    9m3s[K[A[1Gpulling manifest [K
pulling bdbf939b402e:  49% ▕████████          ▏ 1.6 GB/3.3 GB  3.1 MB/s    9m3s[K[A[1Gpulling manifest [K
pulling bdbf939b402e:  49% ▕████████          ▏ 1.6 GB/3.3 GB  3.1 MB/s    9m3s[K[A[1Gpulling manifest [K
pulling bdbf939b402e:  49% ▕████████          ▏ 1.6 GB/3.3 GB  3.1 MB/s    9m3s[K[A[1Gpulling manifest [K
pulling bdbf939b402e:  49% ▕████████          ▏ 1.6 GB/3.3 GB  3.1 MB/s    9m3s[K[A[1Gpulling manifest [K
pulling bdbf939b402e:  49% ▕████████          ▏ 1.6 GB/3.3 GB  3.1 MB/s    9m3s[K[A[1Gpulling manifest [K
pulling bdbf939b402e:  49% ▕████████          ▏ 1.6 GB/3.3 GB  3.1 MB/s    9m2s[K[A[1Gpulling manifest [K
pulling bdbf939b402e:  49% ▕████████          ▏ 1.6 GB/3.3 GB  3.1 MB/s    9m2s[K[A[1Gpulling manifest [K
pulling bdbf939b402e:  49% ▕████████          ▏ 1.6 GB/3.3 GB  3.1 MB/s    9m2s[K[A[1Gpulling manifest [K
pulling bdbf939b402e:  49% ▕████████          ▏ 1.6 GB/3.3 GB  3.1 MB/s   9m10s[K[A[1Gpulling manifest [K
pulling bdbf939b402e:  49% ▕████████          ▏ 1.6 GB/3.3 GB  3.1 MB/s   9m10s[K[A[1Gpulling manifest [K
pulling bdbf939b402e:  49% ▕████████          ▏ 1.6 GB/3.3 GB  3.1 MB/s   9m10s[K[A[1Gpulling manifest [K
pulling bdbf939b402e:  49% ▕████████          ▏ 1.6 GB/3.3 GB  3.1 MB/s    9m9s[K[A[1Gpulling manifest [K
pulling bdbf939b402e:  49% ▕████████          ▏ 1.6 GB/3.3 GB  3.1 MB/s    9m9s[K[A[1Gpulling manifest [K
pulling bdbf939b402e:  49% ▕████████          ▏ 1.6 GB/3.3 GB  3.1 MB/s    9m9s[K[A[1Gpulling manifest [K
pulling bdbf939b402e:  49% ▕████████          ▏ 1.6 GB/3.3 GB  3.1 MB/s    9m9s[K[A[1Gpulling manifest [K
pulling bdbf939b402e:  49% ▕████████          ▏ 1.6 GB/3.3 GB  3.1 MB/s    9m9s[K[A[1Gpulling manifest [K
pulling bdbf939b402e:  49% ▕████████          ▏ 1.6 GB/3.3 GB  3.1 MB/s    9m9s[K[A[1Gpulling manifest [K
pulling bdbf939b402e:  49% ▕████████          ▏ 1.6 GB/3.3 GB  3.1 MB/s    9m9s[K[A[1Gpulling manifest [K
pulling bdbf939b402e:  49% ▕████████          ▏ 1.6 GB/3.3 GB  3.1 MB/s    9m3s[K[A[1Gpulling manifest [K
pulling bdbf939b402e:  49% ▕████████          ▏ 1.6 GB/3.3 GB  3.1 MB/s    9m3s[K[A[1Gpulling manifest [K
pulling bdbf939b402e:  49% ▕████████          ▏ 1.6 GB/3.3 GB  3.1 MB/s    9m3s[K[A[1Gpulling manifest [K
pulling bdbf939b402e:  49% ▕████████          ▏ 1.6 GB/3.3 GB  3.1 MB/s    9m3s[K[A[1Gpulling manifest [K
pulling bdbf939b402e:  49% ▕████████          ▏ 1.6 GB/3.3 GB  3.1 MB/s    9m3s[K[A[1Gpulling manifest [K
pulling bdbf939b402e:  49% ▕████████          ▏ 1.6 GB/3.3 GB  3.1 MB/s    9m2s[K[A[1Gpulling manifest [K
pulling bdbf939b402e:  49% ▕████████          ▏ 1.6 GB/3.3 GB  3.1 MB/s    9m2s[K[A[1Gpulling manifest [K
pulling bdbf939b402e:  49% ▕████████          ▏ 1.6 GB/3.3 GB  3.1 MB/s    9m2s[K[A[1Gpulling manifest [K
pulling bdbf939b402e:  49% ▕████████          ▏ 1.6 GB/3.3 GB  3.1 MB/s    9m2s[K[A[1Gpulling manifest [K
pulling bdbf939b402e:  49% ▕████████          ▏ 1.6 GB/3.3 GB  3.1 MB/s    9m2s[K[A[1Gpulling manifest [K
pulling bdbf939b402e:  49% ▕████████          ▏ 1.6 GB/3.3 GB  3.1 MB/s    9m0s[K[A[1Gpulling manifest [K
pulling bdbf939b402e:  49% ▕████████          ▏ 1.6 GB/3.3 GB  3.1 MB/s    9m0s[K[A[1Gpulling manifest [K
pulling bdbf939b402e:  49% ▕████████          ▏ 1.6 GB/3.3 GB  3.1 MB/s    9m0s[K[A[1Gpulling manifest [K
pulling bdbf939b402e:  49% ▕████████          ▏ 1.6 GB/3.3 GB  3.1 MB/s    9m0s[K[A[1Gpulling manifest [K
pulling bdbf939b402e:  49% ▕████████          ▏ 1.6 GB/3.3 GB  3.1 MB/s   8m59s[K[A[1Gpulling manifest [K
pulling bdbf939b402e:  49% ▕████████          ▏ 1.6 GB/3.3 GB  3.1 MB/s   8m59s[K[A[1Gpulling manifest [K
pulling bdbf939b402e:  49% ▕████████          ▏ 1.6 GB/3.3 GB  3.1 MB/s   8m59s[K[A[1Gpulling manifest [K
pulling bdbf939b402e:  49% ▕████████          ▏ 1.6 GB/3.3 GB  3.1 MB/s   8m59s[K[A[1Gpulling manifest [K
pulling bdbf939b402e:  49% ▕████████          ▏ 1.6 GB/3.3 GB  3.1 MB/s   8m59s[K[A[1Gpulling manifest [K
pulling bdbf939b402e:  49% ▕████████          ▏ 1.6 GB/3.3 GB  3.1 MB/s   8m59s[K[A[1Gpulling manifest [K
pulling bdbf939b402e:  49% ▕████████          ▏ 1.6 GB/3.3 GB  3.2 MB/s   8m49s[K[A[1Gpulling manifest [K
pulling bdbf939b402e:  49% ▕████████          ▏ 1.6 GB/3.3 GB  3.2 MB/s   8m49s[K[A[1Gpulling manifest [K
pulling bdbf939b402e:  49% ▕████████          ▏ 1.6 GB/3.3 GB  3.2 MB/s   8m49s[K[A[1Gpulling manifest [K
pulling bdbf939b402e:  49% ▕████████          ▏ 1.6 GB/3.3 GB  3.2 MB/s   8m49s[K[A[1Gpulling manifest [K
pulling bdbf939b402e:  49% ▕████████          ▏ 1.6 GB/3.3 GB  3.2 MB/s   8m49s[K[A[1Gpulling manifest [K
pulling bdbf939b402e:  49% ▕████████          ▏ 1.6 GB/3.3 GB  3.2 MB/s   8m48s[K[A[1Gpulling manifest [K
pulling bdbf939b402e:  49% ▕████████          ▏ 1.6 GB/3.3 GB  3.2 MB/s   8m48s[K[A[1Gpulling manifest [K
pulling bdbf939b402e:  49% ▕████████          ▏ 1.6 GB/3.3 GB  3.2 MB/s   8m48s[K[A[1Gpulling manifest [K
pulling bdbf939b402e:  49% ▕████████          ▏ 1.6 GB/3.3 GB  3.2 MB/s   8m48s[K[A[1Gpulling manifest [K
pulling bdbf939b402e:  49% ▕████████          ▏ 1.6 GB/3.3 GB  3.2 MB/s   8m48s[K[A[1Gpulling manifest [K
pulling bdbf939b402e:  49% ▕████████          ▏ 1.6 GB/3.3 GB  3.2 MB/s   8m48s[K[A[1Gpulling manifest [K
pulling bdbf939b402e:  49% ▕████████          ▏ 1.6 GB/3.3 GB  3.2 MB/s   8m37s[K[A[1Gpulling manifest [K
pulling bdbf939b402e:  49% ▕████████          ▏ 1.6 GB/3.3 GB  3.2 MB/s   8m37s[K[A[1Gpulling manifest [K
pulling bdbf939b402e:  49% ▕████████          ▏ 1.6 GB/3.3 GB  3.2 MB/s   8m37s[K[A[1Gpulling manifest [K
pulling bdbf939b402e:  49% ▕████████          ▏ 1.6 GB/3.3 GB  3.2 MB/s   8m37s[K[A[1Gpulling manifest [K
pulling bdbf939b402e:  49% ▕████████          ▏ 1.6 GB/3.3 GB  3.2 MB/s   8m37s[K[A[1Gpulling manifest [K
pulling bdbf939b402e:  49% ▕████████          ▏ 1.6 GB/3.3 GB  3.2 MB/s   8m37s[K[A[1Gpulling manifest [K
pulling bdbf939b402e:  49% ▕████████          ▏ 1.6 GB/3.3 GB  3.2 MB/s   8m37s[K[A[1Gpulling manifest [K
pulling bdbf939b402e:  49% ▕████████          ▏ 1.6 GB/3.3 GB  3.2 MB/s   8m36s[K[A[1Gpulling manifest [K
pulling bdbf939b402e:  49% ▕████████          ▏ 1.6 GB/3.3 GB  3.2 MB/s   8m36s[K[A[1Gpulling manifest [K
pulling bdbf939b402e:  49% ▕████████          ▏ 1.6 GB/3.3 GB  3.2 MB/s   8m36s[K[A[1Gpulling manifest [K
pulling bdbf939b402e:  49% ▕████████          ▏ 1.6 GB/3.3 GB  3.3 MB/s   8m19s[K[A[1Gpulling manifest [K
pulling bdbf939b402e:  49% ▕████████          ▏ 1.6 GB/3.3 GB  3.3 MB/s   8m19s[K[A[1Gpulling manifest [K
pulling bdbf939b402e:  49% ▕████████          ▏ 1.6 GB/3.3 GB  3.3 MB/s   8m19s[K[A[1Gpulling manifest [K
pulling bdbf939b402e:  49% ▕████████          ▏ 1.6 GB/3.3 GB  3.3 MB/s   8m19s[K[A[1Gpulling manifest [K
pulling bdbf939b402e:  49% ▕████████          ▏ 1.6 GB/3.3 GB  3.3 MB/s   8m19s[K[A[1Gpulling manifest [K
pulling bdbf939b402e:  49% ▕████████          ▏ 1.6 GB/3.3 GB  3.3 MB/s   8m19s[K[A[1Gpulling manifest [K
pulling bdbf939b402e:  50% ▕████████          ▏ 1.6 GB/3.3 GB  3.3 MB/s   8m18s[K[A[1Gpulling manifest [K
pulling bdbf939b402e:  50% ▕████████          ▏ 1.6 GB/3.3 GB  3.3 MB/s   8m18s[K[A[1Gpulling manifest [K
pulling bdbf939b402e:  50% ▕████████          ▏ 1.6 GB/3.3 GB  3.3 MB/s   8m18s[K[A[1Gpulling manifest [K
pulling bdbf939b402e:  50% ▕████████          ▏ 1.6 GB/3.3 GB  3.3 MB/s   8m18s[K[A[1Gpulling manifest [K
pulling bdbf939b402e:  50% ▕████████          ▏ 1.6 GB/3.3 GB  3.4 MB/s    8m4s[K[A[1Gpulling manifest [K
pulling bdbf939b402e:  50% ▕████████          ▏ 1.6 GB/3.3 GB  3.4 MB/s    8m4s[K[A[1Gpulling manifest [K
pulling bdbf939b402e:  50% ▕████████          ▏ 1.6 GB/3.3 GB  3.4 MB/s    8m4s[K[A[1Gpulling manifest [K
pulling bdbf939b402e:  50% ▕████████          ▏ 1.6 GB/3.3 GB  3.4 MB/s    8m4s[K[A[1Gpulling manifest [K
pulling bdbf939b402e:  50% ▕████████          ▏ 1.6 GB/3.3 GB  3.4 MB/s    8m4s[K[A[1Gpulling manifest [K
pulling bdbf939b402e:  50% ▕████████          ▏ 1.6 GB/3.3 GB  3.4 MB/s    8m4s[K[A[1Gpulling manifest [K
pulling bdbf939b402e:  50% ▕████████          ▏ 1.6 GB/3.3 GB  3.4 MB/s    8m4s[K[A[1Gpulling manifest [K
pulling bdbf939b402e:  50% ▕████████          ▏ 1.6 GB/3.3 GB  3.4 MB/s    8m4s[K[A[1Gpulling manifest [K
pulling bdbf939b402e:  50% ▕████████          ▏ 1.6 GB/3.3 GB  3.4 MB/s    8m4s[K[A[1Gpulling manifest [K
pulling bdbf939b402e:  50% ▕████████          ▏ 1.6 GB/3.3 GB  3.4 MB/s    8m4s[K[A[1Gpulling manifest [K
pulling bdbf939b402e:  50% ▕████████          ▏ 1.6 GB/3.3 GB  3.4 MB/s    8m2s[K[A[1Gpulling manifest [K
pulling bdbf939b402e:  50% ▕████████          ▏ 1.6 GB/3.3 GB  3.4 MB/s    8m2s[K[A[1Gpulling manifest [K
pulling bdbf939b402e:  50% ▕████████          ▏ 1.6 GB/3.3 GB  3.4 MB/s    8m2s[K[A[1Gpulling manifest [K
pulling bdbf939b402e:  50% ▕████████          ▏ 1.6 GB/3.3 GB  3.4 MB/s    8m2s[K[A[1Gpulling manifest [K
pulling bdbf939b402e:  50% ▕████████          ▏ 1.6 GB/3.3 GB  3.4 MB/s    8m1s[K[A[1Gpulling manifest [K
pulling bdbf939b402e:  50% ▕████████          ▏ 1.6 GB/3.3 GB  3.4 MB/s    8m1s[K[A[1Gpulling manifest [K
pulling bdbf939b402e:  50% ▕████████          ▏ 1.6 GB/3.3 GB  3.4 MB/s    8m1s[K[A[1Gpulling manifest [K
pulling bdbf939b402e:  50% ▕████████          ▏ 1.6 GB/3.3 GB  3.4 MB/s    8m1s[K[A[1Gpulling manifest [K
pulling bdbf939b402e:  50% ▕████████          ▏ 1.6 GB/3.3 GB  3.4 MB/s    8m1s[K[A[1Gpulling manifest [K
pulling bdbf939b402e:  50% ▕████████          ▏ 1.6 GB/3.3 GB  3.4 MB/s    8m1s[K[A[1Gpulling manifest [K
pulling bdbf939b402e:  50% ▕████████          ▏ 1.6 GB/3.3 GB  3.5 MB/s   7m56s[K[A[1Gpulling manifest [K
pulling bdbf939b402e:  50% ▕████████          ▏ 1.6 GB/3.3 GB  3.5 MB/s   7m56s[K[A[1Gpulling manifest [K
pulling bdbf939b402e:  50% ▕████████          ▏ 1.6 GB/3.3 GB  3.5 MB/s   7m55s[K[A[1Gpulling manifest [K
pulling bdbf939b402e:  50% ▕████████          ▏ 1.6 GB/3.3 GB  3.5 MB/s   7m55s[K[A[1Gpulling manifest [K
pulling bdbf939b402e:  50% ▕████████          ▏ 1.6 GB/3.3 GB  3.5 MB/s   7m55s[K[A[1Gpulling manifest [K
pulling bdbf939b402e:  50% ▕████████          ▏ 1.6 GB/3.3 GB  3.5 MB/s   7m55s[K[A[1Gpulling manifest [K
pulling bdbf939b402e:  50% ▕████████          ▏ 1.6 GB/3.3 GB  3.5 MB/s   7m55s[K[A[1Gpulling manifest [K
pulling bdbf939b402e:  50% ▕████████          ▏ 1.6 GB/3.3 GB  3.5 MB/s   7m55s[K[A[1Gpulling manifest [K
pulling bdbf939b402e:  50% ▕████████          ▏ 1.6 GB/3.3 GB  3.5 MB/s   7m55s[K[A[1Gpulling manifest [K
pulling bdbf939b402e:  50% ▕████████          ▏ 1.6 GB/3.3 GB  3.5 MB/s   7m55s[K[A[1Gpulling manifest [K
pulling bdbf939b402e:  50% ▕████████          ▏ 1.6 GB/3.3 GB  3.5 MB/s   7m55s[K[A[1Gpulling manifest [K
pulling bdbf939b402e:  50% ▕████████          ▏ 1.6 GB/3.3 GB  3.5 MB/s   7m53s[K[A[1Gpulling manifest [K
pulling bdbf939b402e:  50% ▕████████          ▏ 1.6 GB/3.3 GB  3.5 MB/s   7m53s[K[A[1Gpulling manifest [K
pulling bdbf939b402e:  50% ▕████████          ▏ 1.6 GB/3.3 GB  3.5 MB/s   7m53s[K[A[1Gpulling manifest [K
pulling bdbf939b402e:  50% ▕████████          ▏ 1.6 GB/3.3 GB  3.5 MB/s   7m53s[K[A[1Gpulling manifest [K
pulling bdbf939b402e:  50% ▕████████          ▏ 1.6 GB/3.3 GB  3.5 MB/s   7m52s[K[A[1Gpulling manifest [K
pulling bdbf939b402e:  50% ▕████████          ▏ 1.6 GB/3.3 GB  3.5 MB/s   7m52s[K[A[1Gpulling manifest [K
pulling bdbf939b402e:  50% ▕████████          ▏ 1.6 GB/3.3 GB  3.5 MB/s   7m52s[K[A[1Gpulling manifest [K
pulling bdbf939b402e:  50% ▕████████          ▏ 1.6 GB/3.3 GB  3.5 MB/s   7m52s[K[A[1Gpulling manifest [K
pulling bdbf939b402e:  50% ▕████████          ▏ 1.6 GB/3.3 GB  3.5 MB/s   7m52s[K[A[1Gpulling manifest [K
pulling bdbf939b402e:  50% ▕████████          ▏ 1.6 GB/3.3 GB  3.5 MB/s   7m52s[K[A[1Gpulling manifest [K
pulling bdbf939b402e:  50% ▕████████          ▏ 1.6 GB/3.3 GB  3.6 MB/s   7m43s[K[A[1Gpulling manifest [K
pulling bdbf939b402e:  50% ▕████████          ▏ 1.6 GB/3.3 GB  3.6 MB/s   7m43s[K[A[1Gpulling manifest [K
pulling bdbf939b402e:  50% ▕████████          ▏ 1.6 GB/3.3 GB  3.6 MB/s   7m42s[K[A[1Gpulling manifest [K
pulling bdbf939b402e:  50% ▕█████████         ▏ 1.6 GB/3.3 GB  3.6 MB/s   7m42s[K[A[1Gpulling manifest [K
pulling bdbf939b402e:  50% ▕█████████         ▏ 1.6 GB/3.3 GB  3.6 MB/s   7m42s[K[A[1Gpulling manifest [K
pulling bdbf939b402e:  50% ▕█████████         ▏ 1.7 GB/3.3 GB  3.6 MB/s   7m42s[K[A[1Gpulling manifest [K
pulling bdbf939b402e:  50% ▕█████████         ▏ 1.7 GB/3.3 GB  3.6 MB/s   7m42s[K[A[1Gpulling manifest [K
pulling bdbf939b402e:  50% ▕█████████         ▏ 1.7 GB/3.3 GB  3.6 MB/s   7m42s[K[A[1Gpulling manifest [K
pulling bdbf939b402e:  50% ▕█████████         ▏ 1.7 GB/3.3 GB  3.6 MB/s   7m42s[K[A[1Gpulling manifest [K
pulling bdbf939b402e:  50% ▕█████████         ▏ 1.7 GB/3.3 GB  3.6 MB/s   7m42s[K[A[1Gpulling manifest [K
pulling bdbf939b402e:  50% ▕█████████         ▏ 1.7 GB/3.3 GB  3.6 MB/s   7m40s[K[A[1Gpulling manifest [K
pulling bdbf939b402e:  50% ▕█████████         ▏ 1.7 GB/3.3 GB  3.6 MB/s   7m39s[K[A[1Gpulling manifest [K
pulling bdbf939b402e:  50% ▕█████████         ▏ 1.7 GB/3.3 GB  3.6 MB/s   7m39s[K[A[1Gpulling manifest [K
pulling bdbf939b402e:  50% ▕█████████         ▏ 1.7 GB/3.3 GB  3.6 MB/s   7m39s[K[A[1Gpulling manifest [K
pulling bdbf939b402e:  50% ▕█████████         ▏ 1.7 GB/3.3 GB  3.6 MB/s   7m39s[K[A[1Gpulling manifest [K
pulling bdbf939b402e:  50% ▕█████████         ▏ 1.7 GB/3.3 GB  3.6 MB/s   7m39s[K[A[1Gpulling manifest [K
pulling bdbf939b402e:  50% ▕█████████         ▏ 1.7 GB/3.3 GB  3.6 MB/s   7m39s[K[A[1Gpulling manifest [K
pulling bdbf939b402e:  50% ▕█████████         ▏ 1.7 GB/3.3 GB  3.6 MB/s   7m39s[K[A[1Gpulling manifest [K
pulling bdbf939b402e:  50% ▕█████████         ▏ 1.7 GB/3.3 GB  3.6 MB/s   7m39s[K[A[1Gpulling manifest [K
pulling bdbf939b402e:  50% ▕█████████         ▏ 1.7 GB/3.3 GB  3.6 MB/s   7m39s[K[A[1Gpulling manifest [K
pulling bdbf939b402e:  50% ▕█████████         ▏ 1.7 GB/3.3 GB  3.5 MB/s   7m49s[K[A[1Gpulling manifest [K
pulling bdbf939b402e:  50% ▕█████████         ▏ 1.7 GB/3.3 GB  3.5 MB/s   7m49s[K[A[1Gpulling manifest [K
pulling bdbf939b402e:  50% ▕█████████         ▏ 1.7 GB/3.3 GB  3.5 MB/s   7m49s[K[A[1Gpulling manifest [K
pulling bdbf939b402e:  50% ▕█████████         ▏ 1.7 GB/3.3 GB  3.5 MB/s   7m49s[K[A[1Gpulling manifest [K
pulling bdbf939b402e:  50% ▕█████████         ▏ 1.7 GB/3.3 GB  3.5 MB/s   7m49s[K[A[1Gpulling manifest [K
pulling bdbf939b402e:  50% ▕█████████         ▏ 1.7 GB/3.3 GB  3.5 MB/s   7m49s[K[A[1Gpulling manifest [K
pulling bdbf939b402e:  50% ▕█████████         ▏ 1.7 GB/3.3 GB  3.5 MB/s   7m49s[K[A[1Gpulling manifest [K
pulling bdbf939b402e:  50% ▕█████████         ▏ 1.7 GB/3.3 GB  3.5 MB/s   7m49s[K[A[1Gpulling manifest [K
pulling bdbf939b402e:  50% ▕█████████         ▏ 1.7 GB/3.3 GB  3.5 MB/s   7m49s[K[A[1Gpulling manifest [K
pulling bdbf939b402e:  50% ▕█████████         ▏ 1.7 GB/3.3 GB  3.5 MB/s   7m49s[K[A[1Gpulling manifest [K
pulling bdbf939b402e:  50% ▕█████████         ▏ 1.7 GB/3.3 GB  3.4 MB/s    8m3s[K[A[1Gpulling manifest [K
pulling bdbf939b402e:  50% ▕█████████         ▏ 1.7 GB/3.3 GB  3.4 MB/s    8m3s[K[A[1Gpulling manifest [K
pulling bdbf939b402e:  50% ▕█████████         ▏ 1.7 GB/3.3 GB  3.4 MB/s    8m3s[K[A[1Gpulling manifest [K
pulling bdbf939b402e:  50% ▕█████████         ▏ 1.7 GB/3.3 GB  3.4 MB/s    8m3s[K[A[1Gpulling manifest [K
pulling bdbf939b402e:  50% ▕█████████         ▏ 1.7 GB/3.3 GB  3.4 MB/s    8m3s[K[A[1Gpulling manifest [K
pulling bdbf939b402e:  50% ▕█████████         ▏ 1.7 GB/3.3 GB  3.4 MB/s    8m3s[K[A[1Gpulling manifest [K
pulling bdbf939b402e:  50% ▕█████████         ▏ 1.7 GB/3.3 GB  3.4 MB/s    8m3s[K[A[1Gpulling manifest [K
pulling bdbf939b402e:  50% ▕█████████         ▏ 1.7 GB/3.3 GB  3.4 MB/s    8m3s[K[A[1Gpulling manifest [K
pulling bdbf939b402e:  50% ▕█████████         ▏ 1.7 GB/3.3 GB  3.4 MB/s    8m3s[K[A[1Gpulling manifest [K
pulling bdbf939b402e:  50% ▕█████████         ▏ 1.7 GB/3.3 GB  3.4 MB/s    8m2s[K[A[1Gpulling manifest [K
pulling bdbf939b402e:  50% ▕█████████         ▏ 1.7 GB/3.3 GB  3.4 MB/s    8m2s[K[A[1Gpulling manifest [K
pulling bdbf939b402e:  50% ▕█████████         ▏ 1.7 GB/3.3 GB  3.3 MB/s   8m10s[K[A[1Gpulling manifest [K
pulling bdbf939b402e:  50% ▕█████████         ▏ 1.7 GB/3.3 GB  3.3 MB/s   8m10s[K[A[1Gpulling manifest [K
pulling bdbf939b402e:  50% ▕█████████         ▏ 1.7 GB/3.3 GB  3.3 MB/s   8m10s[K[A[1Gpulling manifest [K
pulling bdbf939b402e:  50% ▕█████████         ▏ 1.7 GB/3.3 GB  3.3 MB/s   8m10s[K[A[1Gpulling manifest [K
pulling bdbf939b402e:  50% ▕█████████         ▏ 1.7 GB/3.3 GB  3.3 MB/s    8m9s[K[A[1Gpulling manifest [K
pulling bdbf939b402e:  50% ▕█████████         ▏ 1.7 GB/3.3 GB  3.3 MB/s    8m9s[K[A[1Gpulling manifest [K
pulling bdbf939b402e:  50% ▕█████████         ▏ 1.7 GB/3.3 GB  3.3 MB/s    8m9s[K[A[1Gpulling manifest [K
pulling bdbf939b402e:  50% ▕█████████         ▏ 1.7 GB/3.3 GB  3.3 MB/s    8m9s[K[A[1Gpulling manifest [K
pulling bdbf939b402e:  50% ▕█████████         ▏ 1.7 GB/3.3 GB  3.3 MB/s    8m9s[K[A[1Gpulling manifest [K
pulling bdbf939b402e:  50% ▕█████████         ▏ 1.7 GB/3.3 GB  3.3 MB/s    8m9s[K[A[1Gpulling manifest [K
pulling bdbf939b402e:  50% ▕█████████         ▏ 1.7 GB/3.3 GB  3.3 MB/s   8m18s[K[A[1Gpulling manifest [K
pulling bdbf939b402e:  50% ▕█████████         ▏ 1.7 GB/3.3 GB  3.3 MB/s   8m18s[K[A[1Gpulling manifest [K
pulling bdbf939b402e:  50% ▕█████████         ▏ 1.7 GB/3.3 GB  3.3 MB/s   8m18s[K[A[1Gpulling manifest [K
pulling bdbf939b402e:  50% ▕█████████         ▏ 1.7 GB/3.3 GB  3.3 MB/s   8m18s[K[A[1Gpulling manifest [K
pulling bdbf939b402e:  50% ▕█████████         ▏ 1.7 GB/3.3 GB  3.3 MB/s   8m18s[K[A[1Gpulling manifest [K
pulling bdbf939b402e:  50% ▕█████████         ▏ 1.7 GB/3.3 GB  3.3 MB/s   8m18s[K[A[1Gpulling manifest [K
pulling bdbf939b402e:  51% ▕█████████         ▏ 1.7 GB/3.3 GB  3.3 MB/s   8m18s[K[A[1Gpulling manifest [K
pulling bdbf939b402e:  51% ▕█████████         ▏ 1.7 GB/3.3 GB  3.3 MB/s   8m18s[K[A[1Gpulling manifest [K
pulling bdbf939b402e:  51% ▕█████████         ▏ 1.7 GB/3.3 GB  3.3 MB/s   8m17s[K[A[1Gpulling manifest [K
pulling bdbf939b402e:  51% ▕█████████         ▏ 1.7 GB/3.3 GB  3.3 MB/s   8m17s[K[A[1Gpulling manifest [K
pulling bdbf939b402e:  51% ▕█████████         ▏ 1.7 GB/3.3 GB  3.3 MB/s   8m21s[K[A[1Gpulling manifest [K
pulling bdbf939b402e:  51% ▕█████████         ▏ 1.7 GB/3.3 GB  3.3 MB/s   8m20s[K[A[1Gpulling manifest [K
pulling bdbf939b402e:  51% ▕█████████         ▏ 1.7 GB/3.3 GB  3.3 MB/s   8m20s[K[A[1Gpulling manifest [K
pulling bdbf939b402e:  51% ▕█████████         ▏ 1.7 GB/3.3 GB  3.3 MB/s   8m20s[K[A[1Gpulling manifest [K
pulling bdbf939b402e:  51% ▕█████████         ▏ 1.7 GB/3.3 GB  3.3 MB/s   8m20s[K[A[1Gpulling manifest [K
pulling bdbf939b402e:  51% ▕█████████         ▏ 1.7 GB/3.3 GB  3.3 MB/s   8m20s[K[A[1Gpulling manifest [K
pulling bdbf939b402e:  51% ▕█████████         ▏ 1.7 GB/3.3 GB  3.3 MB/s   8m20s[K[A[1Gpulling manifest [K
pulling bdbf939b402e:  51% ▕█████████         ▏ 1.7 GB/3.3 GB  3.3 MB/s   8m20s[K[A[1Gpulling manifest [K
pulling bdbf939b402e:  51% ▕█████████         ▏ 1.7 GB/3.3 GB  3.3 MB/s   8m20s[K[A[1Gpulling manifest [K
pulling bdbf939b402e:  51% ▕█████████         ▏ 1.7 GB/3.3 GB  3.3 MB/s   8m20s[K[A[1Gpulling manifest [K
pulling bdbf939b402e:  51% ▕█████████         ▏ 1.7 GB/3.3 GB  3.2 MB/s   8m26s[K[A[1Gpulling manifest [K
pulling bdbf939b402e:  51% ▕█████████         ▏ 1.7 GB/3.3 GB  3.2 MB/s   8m26s[K[A[1Gpulling manifest [K
pulling bdbf939b402e:  51% ▕█████████         ▏ 1.7 GB/3.3 GB  3.2 MB/s   8m26s[K[A[1Gpulling manifest [K
pulling bdbf939b402e:  51% ▕█████████         ▏ 1.7 GB/3.3 GB  3.2 MB/s   8m26s[K[A[1Gpulling manifest [K
pulling bdbf939b402e:  51% ▕█████████         ▏ 1.7 GB/3.3 GB  3.2 MB/s   8m26s[K[A[1Gpulling manifest [K
pulling bdbf939b402e:  51% ▕█████████         ▏ 1.7 GB/3.3 GB  3.2 MB/s   8m26s[K[A[1Gpulling manifest [K
pulling bdbf939b402e:  51% ▕█████████         ▏ 1.7 GB/3.3 GB  3.2 MB/s   8m25s[K[A[1Gpulling manifest [K
pulling bdbf939b402e:  51% ▕█████████         ▏ 1.7 GB/3.3 GB  3.2 MB/s   8m25s[K[A[1Gpulling manifest [K
pulling bdbf939b402e:  51% ▕█████████         ▏ 1.7 GB/3.3 GB  3.2 MB/s   8m25s[K[A[1Gpulling manifest [K
pulling bdbf939b402e:  51% ▕█████████         ▏ 1.7 GB/3.3 GB  3.2 MB/s   8m25s[K[A[1Gpulling manifest [K
pulling bdbf939b402e:  51% ▕█████████         ▏ 1.7 GB/3.3 GB  3.2 MB/s   8m25s[K[A[1Gpulling manifest [K
pulling bdbf939b402e:  51% ▕█████████         ▏ 1.7 GB/3.3 GB  3.2 MB/s   8m25s[K[A[1Gpulling manifest [K
pulling bdbf939b402e:  51% ▕█████████         ▏ 1.7 GB/3.3 GB  3.2 MB/s   8m25s[K[A[1Gpulling manifest [K
pulling bdbf939b402e:  51% ▕█████████         ▏ 1.7 GB/3.3 GB  3.2 MB/s   8m25s[K[A[1Gpulling manifest [K
pulling bdbf939b402e:  51% ▕█████████         ▏ 1.7 GB/3.3 GB  3.2 MB/s   8m25s[K[A[1Gpulling manifest [K
pulling bdbf939b402e:  51% ▕█████████         ▏ 1.7 GB/3.3 GB  3.2 MB/s   8m25s[K[A[1Gpulling manifest [K
pulling bdbf939b402e:  51% ▕█████████         ▏ 1.7 GB/3.3 GB  3.2 MB/s   8m25s[K[A[1Gpulling manifest [K
pulling bdbf939b402e:  51% ▕█████████         ▏ 1.7 GB/3.3 GB  3.2 MB/s   8m25s[K[A[1Gpulling manifest [K
pulling bdbf939b402e:  51% ▕█████████         ▏ 1.7 GB/3.3 GB  3.2 MB/s   8m25s[K[A[1Gpulling manifest [K
pulling bdbf939b402e:  51% ▕█████████         ▏ 1.7 GB/3.3 GB  3.2 MB/s   8m25s[K[A[1Gpulling manifest [K
pulling bdbf939b402e:  51% ▕█████████         ▏ 1.7 GB/3.3 GB  3.2 MB/s   8m25s[K[A[1Gpulling manifest [K
pulling bdbf939b402e:  51% ▕█████████         ▏ 1.7 GB/3.3 GB  3.2 MB/s   8m34s[K[A[1Gpulling manifest [K
pulling bdbf939b402e:  51% ▕█████████         ▏ 1.7 GB/3.3 GB  3.2 MB/s   8m34s[K[A[1Gpulling manifest [K
pulling bdbf939b402e:  51% ▕█████████         ▏ 1.7 GB/3.3 GB  3.2 MB/s   8m34s[K[A[1Gpulling manifest [K
pulling bdbf939b402e:  51% ▕█████████         ▏ 1.7 GB/3.3 GB  3.2 MB/s   8m34s[K[A[1Gpulling manifest [K
pulling bdbf939b402e:  51% ▕█████████         ▏ 1.7 GB/3.3 GB  3.2 MB/s   8m34s[K[A[1Gpulling manifest [K
pulling bdbf939b402e:  51% ▕█████████         ▏ 1.7 GB/3.3 GB  3.2 MB/s   8m34s[K[A[1Gpulling manifest [K
pulling bdbf939b402e:  51% ▕█████████         ▏ 1.7 GB/3.3 GB  3.2 MB/s   8m33s[K[A[1Gpulling manifest [K
pulling bdbf939b402e:  51% ▕█████████         ▏ 1.7 GB/3.3 GB  3.2 MB/s   8m33s[K[A[1Gpulling manifest [K
pulling bdbf939b402e:  51% ▕█████████         ▏ 1.7 GB/3.3 GB  3.2 MB/s   8m33s[K[A[1Gpulling manifest [K
pulling bdbf939b402e:  51% ▕█████████         ▏ 1.7 GB/3.3 GB  3.2 MB/s   8m33s[K[A[1Gpulling manifest [K
pulling bdbf939b402e:  51% ▕█████████         ▏ 1.7 GB/3.3 GB  3.2 MB/s   8m33s[K[A[1Gpulling manifest [K
pulling bdbf939b402e:  51% ▕█████████         ▏ 1.7 GB/3.3 GB  3.2 MB/s   8m33s[K[A[1Gpulling manifest [K
pulling bdbf939b402e:  51% ▕█████████         ▏ 1.7 GB/3.3 GB  3.2 MB/s   8m33s[K[A[1Gpulling manifest [K
pulling bdbf939b402e:  51% ▕█████████         ▏ 1.7 GB/3.3 GB  3.2 MB/s   8m33s[K[A[1Gpulling manifest [K
pulling bdbf939b402e:  51% ▕█████████         ▏ 1.7 GB/3.3 GB  3.2 MB/s   8m33s[K[A[1Gpulling manifest [K
pulling bdbf939b402e:  51% ▕█████████         ▏ 1.7 GB/3.3 GB  3.2 MB/s   8m33s[K[A[1Gpulling manifest [K
pulling bdbf939b402e:  51% ▕█████████         ▏ 1.7 GB/3.3 GB  3.2 MB/s   8m32s[K[A[1Gpulling manifest [K
pulling bdbf939b402e:  51% ▕█████████         ▏ 1.7 GB/3.3 GB  3.2 MB/s   8m32s[K[A[1Gpulling manifest [K
pulling bdbf939b402e:  51% ▕█████████         ▏ 1.7 GB/3.3 GB  3.2 MB/s   8m32s[K[A[1Gpulling manifest [K
pulling bdbf939b402e:  51% ▕█████████         ▏ 1.7 GB/3.3 GB  3.2 MB/s   8m32s[K[A[1Gpulling manifest [K
pulling bdbf939b402e:  51% ▕█████████         ▏ 1.7 GB/3.3 GB  3.2 MB/s   8m27s[K[A[1Gpulling manifest [K
pulling bdbf939b402e:  51% ▕█████████         ▏ 1.7 GB/3.3 GB  3.2 MB/s   8m27s[K[A[1Gpulling manifest [K
pulling bdbf939b402e:  51% ▕█████████         ▏ 1.7 GB/3.3 GB  3.2 MB/s   8m27s[K[A[1Gpulling manifest [K
pulling bdbf939b402e:  51% ▕█████████         ▏ 1.7 GB/3.3 GB  3.2 MB/s   8m27s[K[A[1Gpulling manifest [K
pulling bdbf939b402e:  51% ▕█████████         ▏ 1.7 GB/3.3 GB  3.2 MB/s   8m27s[K[A[1Gpulling manifest [K
pulling bdbf939b402e:  51% ▕█████████         ▏ 1.7 GB/3.3 GB  3.2 MB/s   8m27s[K[A[1Gpulling manifest [K
pulling bdbf939b402e:  51% ▕█████████         ▏ 1.7 GB/3.3 GB  3.2 MB/s   8m27s[K[A[1Gpulling manifest [K
pulling bdbf939b402e:  51% ▕█████████         ▏ 1.7 GB/3.3 GB  3.2 MB/s   8m27s[K[A[1Gpulling manifest [K
pulling bdbf939b402e:  51% ▕█████████         ▏ 1.7 GB/3.3 GB  3.2 MB/s   8m26s[K[A[1Gpulling manifest [K
pulling bdbf939b402e:  51% ▕█████████         ▏ 1.7 GB/3.3 GB  3.2 MB/s   8m26s[K[A[1Gpulling manifest [K
pulling bdbf939b402e:  51% ▕█████████         ▏ 1.7 GB/3.3 GB  3.3 MB/s    8m8s[K[A[1Gpulling manifest [K
pulling bdbf939b402e:  51% ▕█████████         ▏ 1.7 GB/3.3 GB  3.3 MB/s    8m8s[K[A[1Gpulling manifest [K
pulling bdbf939b402e:  51% ▕█████████         ▏ 1.7 GB/3.3 GB  3.3 MB/s    8m8s[K[A[1Gpulling manifest [K
pulling bdbf939b402e:  51% ▕█████████         ▏ 1.7 GB/3.3 GB  3.3 MB/s    8m8s[K[A[1Gpulling manifest [K
pulling bdbf939b402e:  51% ▕█████████         ▏ 1.7 GB/3.3 GB  3.3 MB/s    8m7s[K[A[1Gpulling manifest [K
pulling bdbf939b402e:  51% ▕█████████         ▏ 1.7 GB/3.3 GB  3.3 MB/s    8m7s[K[A[1Gpulling manifest [K
pulling bdbf939b402e:  51% ▕█████████         ▏ 1.7 GB/3.3 GB  3.3 MB/s    8m7s[K[A[1Gpulling manifest [K
pulling bdbf939b402e:  51% ▕█████████         ▏ 1.7 GB/3.3 GB  3.3 MB/s    8m7s[K[A[1Gpulling manifest [K
pulling bdbf939b402e:  51% ▕█████████         ▏ 1.7 GB/3.3 GB  3.3 MB/s    8m7s[K[A[1Gpulling manifest [K
pulling bdbf939b402e:  51% ▕█████████         ▏ 1.7 GB/3.3 GB  3.3 MB/s    8m7s[K[A[1Gpulling manifest [K
pulling bdbf939b402e:  51% ▕█████████         ▏ 1.7 GB/3.3 GB  3.3 MB/s    8m4s[K[A[1Gpulling manifest [K
pulling bdbf939b402e:  51% ▕█████████         ▏ 1.7 GB/3.3 GB  3.3 MB/s    8m4s[K[A[1Gpulling manifest [K
pulling bdbf939b402e:  51% ▕█████████         ▏ 1.7 GB/3.3 GB  3.3 MB/s    8m3s[K[A[1Gpulling manifest [K
pulling bdbf939b402e:  51% ▕█████████         ▏ 1.7 GB/3.3 GB  3.3 MB/s    8m3s[K[A[1Gpulling manifest [K
pulling bdbf939b402e:  51% ▕█████████         ▏ 1.7 GB/3.3 GB  3.3 MB/s    8m3s[K[A[1Gpulling manifest [K
pulling bdbf939b402e:  51% ▕█████████         ▏ 1.7 GB/3.3 GB  3.3 MB/s    8m3s[K[A[1Gpulling manifest [K
pulling bdbf939b402e:  51% ▕█████████         ▏ 1.7 GB/3.3 GB  3.3 MB/s    8m3s[K[A[1Gpulling manifest [K
pulling bdbf939b402e:  51% ▕█████████         ▏ 1.7 GB/3.3 GB  3.3 MB/s    8m3s[K[A[1Gpulling manifest [K
pulling bdbf939b402e:  51% ▕█████████         ▏ 1.7 GB/3.3 GB  3.3 MB/s    8m3s[K[A[1Gpulling manifest [K
pulling bdbf939b402e:  51% ▕█████████         ▏ 1.7 GB/3.3 GB  3.3 MB/s    8m3s[K[A[1Gpulling manifest [K
pulling bdbf939b402e:  51% ▕█████████         ▏ 1.7 GB/3.3 GB  3.3 MB/s    8m3s[K[A[1Gpulling manifest [K
pulling bdbf939b402e:  51% ▕█████████         ▏ 1.7 GB/3.3 GB  3.4 MB/s   7m55s[K[A[1Gpulling manifest [K
pulling bdbf939b402e:  51% ▕█████████         ▏ 1.7 GB/3.3 GB  3.4 MB/s   7m55s[K[A[1Gpulling manifest [K
pulling bdbf939b402e:  51% ▕█████████         ▏ 1.7 GB/3.3 GB  3.4 MB/s   7m54s[K[A[1Gpulling manifest [K
pulling bdbf939b402e:  51% ▕█████████         ▏ 1.7 GB/3.3 GB  3.4 MB/s   7m54s[K[A[1Gpulling manifest [K
pulling bdbf939b402e:  51% ▕█████████         ▏ 1.7 GB/3.3 GB  3.4 MB/s   7m54s[K[A[1Gpulling manifest [K
pulling bdbf939b402e:  51% ▕█████████         ▏ 1.7 GB/3.3 GB  3.4 MB/s   7m54s[K[A[1Gpulling manifest [K
pulling bdbf939b402e:  51% ▕█████████         ▏ 1.7 GB/3.3 GB  3.4 MB/s   7m54s[K[A[1Gpulling manifest [K
pulling bdbf939b402e:  51% ▕█████████         ▏ 1.7 GB/3.3 GB  3.4 MB/s   7m54s[K[A[1Gpulling manifest [K
pulling bdbf939b402e:  51% ▕█████████         ▏ 1.7 GB/3.3 GB  3.4 MB/s   7m54s[K[A[1Gpulling manifest [K
pulling bdbf939b402e:  51% ▕█████████         ▏ 1.7 GB/3.3 GB  3.4 MB/s   7m54s[K[A[1Gpulling manifest [K
pulling bdbf939b402e:  51% ▕█████████         ▏ 1.7 GB/3.3 GB  3.4 MB/s   7m50s[K[A[1Gpulling manifest [K
pulling bdbf939b402e:  51% ▕█████████         ▏ 1.7 GB/3.3 GB  3.4 MB/s   7m50s[K[A[1Gpulling manifest [K
pulling bdbf939b402e:  51% ▕█████████         ▏ 1.7 GB/3.3 GB  3.4 MB/s   7m50s[K[A[1Gpulling manifest [K
pulling bdbf939b402e:  52% ▕█████████         ▏ 1.7 GB/3.3 GB  3.4 MB/s   7m50s[K[A[1Gpulling manifest [K
pulling bdbf939b402e:  52% ▕█████████         ▏ 1.7 GB/3.3 GB  3.4 MB/s   7m50s[K[A[1Gpulling manifest [K
pulling bdbf939b402e:  52% ▕█████████         ▏ 1.7 GB/3.3 GB  3.4 MB/s   7m50s[K[A[1Gpulling manifest [K
pulling bdbf939b402e:  52% ▕█████████         ▏ 1.7 GB/3.3 GB  3.4 MB/s   7m50s[K[A[1Gpulling manifest [K
pulling bdbf939b402e:  52% ▕█████████         ▏ 1.7 GB/3.3 GB  3.4 MB/s   7m49s[K[A[1Gpulling manifest [K
pulling bdbf939b402e:  52% ▕█████████         ▏ 1.7 GB/3.3 GB  3.4 MB/s   7m49s[K[A[1Gpulling manifest [K
pulling bdbf939b402e:  52% ▕█████████         ▏ 1.7 GB/3.3 GB  3.4 MB/s   7m49s[K[A[1Gpulling manifest [K
pulling bdbf939b402e:  52% ▕█████████         ▏ 1.7 GB/3.3 GB  3.4 MB/s   7m50s[K[A[1Gpulling manifest [K
pulling bdbf939b402e:  52% ▕█████████         ▏ 1.7 GB/3.3 GB  3.4 MB/s   7m50s[K[A[1Gpulling manifest [K
pulling bdbf939b402e:  52% ▕█████████         ▏ 1.7 GB/3.3 GB  3.4 MB/s   7m50s[K[A[1Gpulling manifest [K
pulling bdbf939b402e:  52% ▕█████████         ▏ 1.7 GB/3.3 GB  3.4 MB/s   7m50s[K[A[1Gpulling manifest [K
pulling bdbf939b402e:  52% ▕█████████         ▏ 1.7 GB/3.3 GB  3.4 MB/s   7m49s[K[A[1Gpulling manifest [K
pulling bdbf939b402e:  52% ▕█████████         ▏ 1.7 GB/3.3 GB  3.4 MB/s   7m49s[K[A[1Gpulling manifest [K
pulling bdbf939b402e:  52% ▕█████████         ▏ 1.7 GB/3.3 GB  3.4 MB/s   7m49s[K[A[1Gpulling manifest [K
pulling bdbf939b402e:  52% ▕█████████         ▏ 1.7 GB/3.3 GB  3.4 MB/s   7m49s[K[A[1Gpulling manifest [K
pulling bdbf939b402e:  52% ▕█████████         ▏ 1.7 GB/3.3 GB  3.4 MB/s   7m49s[K[A[1Gpulling manifest [K
pulling bdbf939b402e:  52% ▕█████████         ▏ 1.7 GB/3.3 GB  3.4 MB/s   7m49s[K[A[1Gpulling manifest [K
pulling bdbf939b402e:  52% ▕█████████         ▏ 1.7 GB/3.3 GB  3.4 MB/s   7m54s[K[A[1Gpulling manifest [K
pulling bdbf939b402e:  52% ▕█████████         ▏ 1.7 GB/3.3 GB  3.4 MB/s   7m54s[K[A[1Gpulling manifest [K
pulling bdbf939b402e:  52% ▕█████████         ▏ 1.7 GB/3.3 GB  3.4 MB/s   7m54s[K[A[1Gpulling manifest [K
pulling bdbf939b402e:  52% ▕█████████         ▏ 1.7 GB/3.3 GB  3.4 MB/s   7m54s[K[A[1Gpulling manifest [K
pulling bdbf939b402e:  52% ▕█████████         ▏ 1.7 GB/3.3 GB  3.4 MB/s   7m53s[K[A[1Gpulling manifest [K
pulling bdbf939b402e:  52% ▕█████████         ▏ 1.7 GB/3.3 GB  3.4 MB/s   7m53s[K[A[1Gpulling manifest [K
pulling bdbf939b402e:  52% ▕█████████         ▏ 1.7 GB/3.3 GB  3.4 MB/s   7m53s[K[A[1Gpulling manifest [K
pulling bdbf939b402e:  52% ▕█████████         ▏ 1.7 GB/3.3 GB  3.4 MB/s   7m53s[K[A[1Gpulling manifest [K
pulling bdbf939b402e:  52% ▕█████████         ▏ 1.7 GB/3.3 GB  3.4 MB/s   7m53s[K[A[1Gpulling manifest [K
pulling bdbf939b402e:  52% ▕█████████         ▏ 1.7 GB/3.3 GB  3.4 MB/s   7m53s[K[A[1Gpulling manifest [K
pulling bdbf939b402e:  52% ▕█████████         ▏ 1.7 GB/3.3 GB  3.3 MB/s   7m55s[K[A[1Gpulling manifest [K
pulling bdbf939b402e:  52% ▕█████████         ▏ 1.7 GB/3.3 GB  3.3 MB/s   7m55s[K[A[1Gpulling manifest [K
pulling bdbf939b402e:  52% ▕█████████         ▏ 1.7 GB/3.3 GB  3.3 MB/s   7m55s[K[A[1Gpulling manifest [K
pulling bdbf939b402e:  52% ▕█████████         ▏ 1.7 GB/3.3 GB  3.3 MB/s   7m54s[K[A[1Gpulling manifest [K
pulling bdbf939b402e:  52% ▕█████████         ▏ 1.7 GB/3.3 GB  3.3 MB/s   7m54s[K[A[1Gpulling manifest [K
pulling bdbf939b402e:  52% ▕█████████         ▏ 1.7 GB/3.3 GB  3.3 MB/s   7m54s[K[A[1Gpulling manifest [K
pulling bdbf939b402e:  52% ▕█████████         ▏ 1.7 GB/3.3 GB  3.3 MB/s   7m54s[K[A[1Gpulling manifest [K
pulling bdbf939b402e:  52% ▕█████████         ▏ 1.7 GB/3.3 GB  3.3 MB/s   7m54s[K[A[1Gpulling manifest [K
pulling bdbf939b402e:  52% ▕█████████         ▏ 1.7 GB/3.3 GB  3.3 MB/s   7m54s[K[A[1Gpulling manifest [K
pulling bdbf939b402e:  52% ▕█████████         ▏ 1.7 GB/3.3 GB  3.3 MB/s   7m54s[K[A[1Gpulling manifest [K
pulling bdbf939b402e:  52% ▕█████████         ▏ 1.7 GB/3.3 GB  3.3 MB/s   7m54s[K[A[1Gpulling manifest [K
pulling bdbf939b402e:  52% ▕█████████         ▏ 1.7 GB/3.3 GB  3.4 MB/s   7m52s[K[A[1Gpulling manifest [K
pulling bdbf939b402e:  52% ▕█████████         ▏ 1.7 GB/3.3 GB  3.4 MB/s   7m52s[K[A[1Gpulling manifest [K
pulling bdbf939b402e:  52% ▕█████████         ▏ 1.7 GB/3.3 GB  3.4 MB/s   7m52s[K[A[1Gpulling manifest [K
pulling bdbf939b402e:  52% ▕█████████         ▏ 1.7 GB/3.3 GB  3.4 MB/s   7m51s[K[A[1Gpulling manifest [K
pulling bdbf939b402e:  52% ▕█████████         ▏ 1.7 GB/3.3 GB  3.4 MB/s   7m51s[K[A[1Gpulling manifest [K
pulling bdbf939b402e:  52% ▕█████████         ▏ 1.7 GB/3.3 GB  3.4 MB/s   7m51s[K[A[1Gpulling manifest [K
pulling bdbf939b402e:  52% ▕█████████         ▏ 1.7 GB/3.3 GB  3.4 MB/s   7m51s[K[A[1Gpulling manifest [K
pulling bdbf939b402e:  52% ▕█████████         ▏ 1.7 GB/3.3 GB  3.4 MB/s   7m51s[K[A[1Gpulling manifest [K
pulling bdbf939b402e:  52% ▕█████████         ▏ 1.7 GB/3.3 GB  3.4 MB/s   7m51s[K[A[1Gpulling manifest [K
pulling bdbf939b402e:  52% ▕█████████         ▏ 1.7 GB/3.3 GB  3.4 MB/s   7m51s[K[A[1Gpulling manifest [K
pulling bdbf939b402e:  52% ▕█████████         ▏ 1.7 GB/3.3 GB  3.4 MB/s   7m45s[K[A[1Gpulling manifest [K
pulling bdbf939b402e:  52% ▕█████████         ▏ 1.7 GB/3.3 GB  3.4 MB/s   7m45s[K[A[1Gpulling manifest [K
pulling bdbf939b402e:  52% ▕█████████         ▏ 1.7 GB/3.3 GB  3.4 MB/s   7m45s[K[A[1Gpulling manifest [K
pulling bdbf939b402e:  52% ▕█████████         ▏ 1.7 GB/3.3 GB  3.4 MB/s   7m45s[K[A[1Gpulling manifest [K
pulling bdbf939b402e:  52% ▕█████████         ▏ 1.7 GB/3.3 GB  3.4 MB/s   7m45s[K[A[1Gpulling manifest [K
pulling bdbf939b402e:  52% ▕█████████         ▏ 1.7 GB/3.3 GB  3.4 MB/s   7m45s[K[A[1Gpulling manifest [K
pulling bdbf939b402e:  52% ▕█████████         ▏ 1.7 GB/3.3 GB  3.4 MB/s   7m45s[K[A[1Gpulling manifest [K
pulling bdbf939b402e:  52% ▕█████████         ▏ 1.7 GB/3.3 GB  3.4 MB/s   7m45s[K[A[1Gpulling manifest [K
pulling bdbf939b402e:  52% ▕█████████         ▏ 1.7 GB/3.3 GB  3.4 MB/s   7m45s[K[A[1Gpulling manifest [K
pulling bdbf939b402e:  52% ▕█████████         ▏ 1.7 GB/3.3 GB  3.4 MB/s   7m45s[K[A[1Gpulling manifest [K
pulling bdbf939b402e:  52% ▕█████████         ▏ 1.7 GB/3.3 GB  3.3 MB/s   7m53s[K[A[1Gpulling manifest [K
pulling bdbf939b402e:  52% ▕█████████         ▏ 1.7 GB/3.3 GB  3.3 MB/s   7m53s[K[A[1Gpulling manifest [K
pulling bdbf939b402e:  52% ▕█████████         ▏ 1.7 GB/3.3 GB  3.3 MB/s   7m53s[K[A[1Gpulling manifest [K
pulling bdbf939b402e:  52% ▕█████████         ▏ 1.7 GB/3.3 GB  3.3 MB/s   7m53s[K[A[1Gpulling manifest [K
pulling bdbf939b402e:  52% ▕█████████         ▏ 1.7 GB/3.3 GB  3.3 MB/s   7m53s[K[A[1Gpulling manifest [K
pulling bdbf939b402e:  52% ▕█████████         ▏ 1.7 GB/3.3 GB  3.3 MB/s   7m53s[K[A[1Gpulling manifest [K
pulling bdbf939b402e:  52% ▕█████████         ▏ 1.7 GB/3.3 GB  3.3 MB/s   7m52s[K[A[1Gpulling manifest [K
pulling bdbf939b402e:  52% ▕█████████         ▏ 1.7 GB/3.3 GB  3.3 MB/s   7m52s[K[A[1Gpulling manifest [K
pulling bdbf939b402e:  52% ▕█████████         ▏ 1.7 GB/3.3 GB  3.3 MB/s   7m52s[K[A[1Gpulling manifest [K
pulling bdbf939b402e:  52% ▕█████████         ▏ 1.7 GB/3.3 GB  3.3 MB/s   7m52s[K[A[1Gpulling manifest [K
pulling bdbf939b402e:  52% ▕█████████         ▏ 1.7 GB/3.3 GB  3.3 MB/s    8m2s[K[A[1Gpulling manifest [K
pulling bdbf939b402e:  52% ▕█████████         ▏ 1.7 GB/3.3 GB  3.3 MB/s    8m2s[K[A[1Gpulling manifest [K
pulling bdbf939b402e:  52% ▕█████████         ▏ 1.7 GB/3.3 GB  3.3 MB/s    8m2s[K[A[1Gpulling manifest [K
pulling bdbf939b402e:  52% ▕█████████         ▏ 1.7 GB/3.3 GB  3.3 MB/s    8m2s[K[A[1Gpulling manifest [K
pulling bdbf939b402e:  52% ▕█████████         ▏ 1.7 GB/3.3 GB  3.3 MB/s    8m1s[K[A[1Gpulling manifest [K
pulling bdbf939b402e:  52% ▕█████████         ▏ 1.7 GB/3.3 GB  3.3 MB/s    8m1s[K[A[1Gpulling manifest [K
pulling bdbf939b402e:  52% ▕█████████         ▏ 1.7 GB/3.3 GB  3.3 MB/s    8m1s[K[A[1Gpulling manifest [K
pulling bdbf939b402e:  52% ▕█████████         ▏ 1.7 GB/3.3 GB  3.3 MB/s    8m1s[K[A[1Gpulling manifest [K
pulling bdbf939b402e:  52% ▕█████████         ▏ 1.7 GB/3.3 GB  3.3 MB/s    8m1s[K[A[1Gpulling manifest [K
pulling bdbf939b402e:  52% ▕█████████         ▏ 1.7 GB/3.3 GB  3.3 MB/s    8m1s[K[A[1Gpulling manifest [K
pulling bdbf939b402e:  52% ▕█████████         ▏ 1.7 GB/3.3 GB  3.2 MB/s    8m5s[K[A[1Gpulling manifest [K
pulling bdbf939b402e:  52% ▕█████████         ▏ 1.7 GB/3.3 GB  3.2 MB/s    8m5s[K[A[1Gpulling manifest [K
pulling bdbf939b402e:  52% ▕█████████         ▏ 1.7 GB/3.3 GB  3.2 MB/s    8m5s[K[A[1Gpulling manifest [K
pulling bdbf939b402e:  52% ▕█████████         ▏ 1.7 GB/3.3 GB  3.2 MB/s    8m5s[K[A[1Gpulling manifest [K
pulling bdbf939b402e:  52% ▕█████████         ▏ 1.7 GB/3.3 GB  3.2 MB/s    8m5s[K[A[1Gpulling manifest [K
pulling bdbf939b402e:  52% ▕█████████         ▏ 1.7 GB/3.3 GB  3.2 MB/s    8m5s[K[A[1Gpulling manifest [K
pulling bdbf939b402e:  52% ▕█████████         ▏ 1.7 GB/3.3 GB  3.2 MB/s    8m4s[K[A[1Gpulling manifest [K
pulling bdbf939b402e:  52% ▕█████████         ▏ 1.7 GB/3.3 GB  3.2 MB/s    8m4s[K[A[1Gpulling manifest [K
pulling bdbf939b402e:  52% ▕█████████         ▏ 1.7 GB/3.3 GB  3.2 MB/s    8m4s[K[A[1Gpulling manifest [K
pulling bdbf939b402e:  52% ▕█████████         ▏ 1.7 GB/3.3 GB  3.2 MB/s    8m4s[K[A[1Gpulling manifest [K
pulling bdbf939b402e:  52% ▕█████████         ▏ 1.7 GB/3.3 GB  3.2 MB/s    8m4s[K[A[1Gpulling manifest [K
pulling bdbf939b402e:  52% ▕█████████         ▏ 1.7 GB/3.3 GB  3.3 MB/s   7m59s[K[A[1Gpulling manifest [K
pulling bdbf939b402e:  52% ▕█████████         ▏ 1.7 GB/3.3 GB  3.3 MB/s   7m59s[K[A[1Gpulling manifest [K
pulling bdbf939b402e:  52% ▕█████████         ▏ 1.7 GB/3.3 GB  3.3 MB/s   7m59s[K[A[1Gpulling manifest [K
pulling bdbf939b402e:  52% ▕█████████         ▏ 1.7 GB/3.3 GB  3.3 MB/s   7m59s[K[A[1Gpulling manifest [K
pulling bdbf939b402e:  52% ▕█████████         ▏ 1.7 GB/3.3 GB  3.3 MB/s   7m59s[K[A[1Gpulling manifest [K
pulling bdbf939b402e:  52% ▕█████████         ▏ 1.7 GB/3.3 GB  3.3 MB/s   7m59s[K[A[1Gpulling manifest [K
pulling bdbf939b402e:  52% ▕█████████         ▏ 1.7 GB/3.3 GB  3.3 MB/s   7m59s[K[A[1Gpulling manifest [K
pulling bdbf939b402e:  52% ▕█████████         ▏ 1.7 GB/3.3 GB  3.3 MB/s   7m59s[K[A[1Gpulling manifest [K
pulling bdbf939b402e:  52% ▕█████████         ▏ 1.7 GB/3.3 GB  3.3 MB/s   7m59s[K[A[1Gpulling manifest [K
pulling bdbf939b402e:  52% ▕█████████         ▏ 1.7 GB/3.3 GB  3.3 MB/s   7m59s[K[A[1Gpulling manifest [K
pulling bdbf939b402e:  52% ▕█████████         ▏ 1.7 GB/3.3 GB  3.3 MB/s   7m59s[K[A[1Gpulling manifest [K
pulling bdbf939b402e:  52% ▕█████████         ▏ 1.7 GB/3.3 GB  3.3 MB/s   7m59s[K[A[1Gpulling manifest [K
pulling bdbf939b402e:  52% ▕█████████         ▏ 1.7 GB/3.3 GB  3.3 MB/s   7m58s[K[A[1Gpulling manifest [K
pulling bdbf939b402e:  52% ▕█████████         ▏ 1.7 GB/3.3 GB  3.3 MB/s   7m58s[K[A[1Gpulling manifest [K
pulling bdbf939b402e:  52% ▕█████████         ▏ 1.7 GB/3.3 GB  3.3 MB/s   7m58s[K[A[1Gpulling manifest [K
pulling bdbf939b402e:  52% ▕█████████         ▏ 1.7 GB/3.3 GB  3.3 MB/s   7m58s[K[A[1Gpulling manifest [K
pulling bdbf939b402e:  53% ▕█████████         ▏ 1.7 GB/3.3 GB  3.3 MB/s   7m58s[K[A[1Gpulling manifest [K
pulling bdbf939b402e:  53% ▕█████████         ▏ 1.7 GB/3.3 GB  3.3 MB/s   7m58s[K[A[1Gpulling manifest [K
pulling bdbf939b402e:  53% ▕█████████         ▏ 1.7 GB/3.3 GB  3.3 MB/s   7m58s[K[A[1Gpulling manifest [K
pulling bdbf939b402e:  53% ▕█████████         ▏ 1.7 GB/3.3 GB  3.3 MB/s   7m58s[K[A[1Gpulling manifest [K
pulling bdbf939b402e:  53% ▕█████████         ▏ 1.7 GB/3.3 GB  3.3 MB/s   7m53s[K[A[1Gpulling manifest [K
pulling bdbf939b402e:  53% ▕█████████         ▏ 1.7 GB/3.3 GB  3.3 MB/s   7m53s[K[A[1Gpulling manifest [K
pulling bdbf939b402e:  53% ▕█████████         ▏ 1.7 GB/3.3 GB  3.3 MB/s   7m53s[K[A[1Gpulling manifest [K
pulling bdbf939b402e:  53% ▕█████████         ▏ 1.7 GB/3.3 GB  3.3 MB/s   7m52s[K[A[1Gpulling manifest [K
pulling bdbf939b402e:  53% ▕█████████         ▏ 1.7 GB/3.3 GB  3.3 MB/s   7m52s[K[A[1Gpulling manifest [K
pulling bdbf939b402e:  53% ▕█████████         ▏ 1.7 GB/3.3 GB  3.3 MB/s   7m52s[K[A[1Gpulling manifest [K
pulling bdbf939b402e:  53% ▕█████████         ▏ 1.7 GB/3.3 GB  3.3 MB/s   7m52s[K[A[1Gpulling manifest [K
pulling bdbf939b402e:  53% ▕█████████         ▏ 1.7 GB/3.3 GB  3.3 MB/s   7m52s[K[A[1Gpulling manifest [K
pulling bdbf939b402e:  53% ▕█████████         ▏ 1.7 GB/3.3 GB  3.3 MB/s   7m52s[K[A[1Gpulling manifest [K
pulling bdbf939b402e:  53% ▕█████████         ▏ 1.7 GB/3.3 GB  3.3 MB/s   7m52s[K[A[1Gpulling manifest [K
pulling bdbf939b402e:  53% ▕█████████         ▏ 1.7 GB/3.3 GB  3.3 MB/s   7m49s[K[A[1Gpulling manifest [K
pulling bdbf939b402e:  53% ▕█████████         ▏ 1.7 GB/3.3 GB  3.3 MB/s   7m49s[K[A[1Gpulling manifest [K
pulling bdbf939b402e:  53% ▕█████████         ▏ 1.7 GB/3.3 GB  3.3 MB/s   7m49s[K[A[1Gpulling manifest [K
pulling bdbf939b402e:  53% ▕█████████         ▏ 1.7 GB/3.3 GB  3.3 MB/s   7m49s[K[A[1Gpulling manifest [K
pulling bdbf939b402e:  53% ▕█████████         ▏ 1.7 GB/3.3 GB  3.3 MB/s   7m49s[K[A[1Gpulling manifest [K
pulling bdbf939b402e:  53% ▕█████████         ▏ 1.7 GB/3.3 GB  3.3 MB/s   7m49s[K[A[1Gpulling manifest [K
pulling bdbf939b402e:  53% ▕█████████         ▏ 1.7 GB/3.3 GB  3.3 MB/s   7m49s[K[A[1Gpulling manifest [K
pulling bdbf939b402e:  53% ▕█████████         ▏ 1.7 GB/3.3 GB  3.3 MB/s   7m49s[K[A[1Gpulling manifest [K
pulling bdbf939b402e:  53% ▕█████████         ▏ 1.7 GB/3.3 GB  3.3 MB/s   7m49s[K[A[1Gpulling manifest [K
pulling bdbf939b402e:  53% ▕█████████         ▏ 1.7 GB/3.3 GB  3.3 MB/s   7m49s[K[A[1Gpulling manifest [K
pulling bdbf939b402e:  53% ▕█████████         ▏ 1.7 GB/3.3 GB  3.3 MB/s   7m58s[K[A[1Gpulling manifest [K
pulling bdbf939b402e:  53% ▕█████████         ▏ 1.7 GB/3.3 GB  3.3 MB/s   7m58s[K[A[1Gpulling manifest [K
pulling bdbf939b402e:  53% ▕█████████         ▏ 1.7 GB/3.3 GB  3.3 MB/s   7m58s[K[A[1Gpulling manifest [K
pulling bdbf939b402e:  53% ▕█████████         ▏ 1.7 GB/3.3 GB  3.3 MB/s   7m58s[K[A[1Gpulling manifest [K
pulling bdbf939b402e:  53% ▕█████████         ▏ 1.7 GB/3.3 GB  3.3 MB/s   7m58s[K[A[1Gpulling manifest [K
pulling bdbf939b402e:  53% ▕█████████         ▏ 1.7 GB/3.3 GB  3.3 MB/s   7m58s[K[A[1Gpulling manifest [K
pulling bdbf939b402e:  53% ▕█████████         ▏ 1.7 GB/3.3 GB  3.3 MB/s   7m58s[K[A[1Gpulling manifest [K
pulling bdbf939b402e:  53% ▕█████████         ▏ 1.7 GB/3.3 GB  3.3 MB/s   7m57s[K[A[1Gpulling manifest [K
pulling bdbf939b402e:  53% ▕█████████         ▏ 1.7 GB/3.3 GB  3.3 MB/s   7m57s[K[A[1Gpulling manifest [K
pulling bdbf939b402e:  53% ▕█████████         ▏ 1.7 GB/3.3 GB  3.3 MB/s   7m57s[K[A[1Gpulling manifest [K
pulling bdbf939b402e:  53% ▕█████████         ▏ 1.7 GB/3.3 GB  3.3 MB/s   7m57s[K[A[1Gpulling manifest [K
pulling bdbf939b402e:  53% ▕█████████         ▏ 1.7 GB/3.3 GB  3.3 MB/s   7m50s[K[A[1Gpulling manifest [K
pulling bdbf939b402e:  53% ▕█████████         ▏ 1.7 GB/3.3 GB  3.3 MB/s   7m50s[K[A[1Gpulling manifest [K
pulling bdbf939b402e:  53% ▕█████████         ▏ 1.7 GB/3.3 GB  3.3 MB/s   7m50s[K[A[1Gpulling manifest [K
pulling bdbf939b402e:  53% ▕█████████         ▏ 1.7 GB/3.3 GB  3.3 MB/s   7m50s[K[A[1Gpulling manifest [K
pulling bdbf939b402e:  53% ▕█████████         ▏ 1.7 GB/3.3 GB  3.3 MB/s   7m50s[K[A[1Gpulling manifest [K
pulling bdbf939b402e:  53% ▕█████████         ▏ 1.7 GB/3.3 GB  3.3 MB/s   7m50s[K[A[1Gpulling manifest [K
pulling bdbf939b402e:  53% ▕█████████         ▏ 1.7 GB/3.3 GB  3.3 MB/s   7m49s[K[A[1Gpulling manifest [K
pulling bdbf939b402e:  53% ▕█████████         ▏ 1.7 GB/3.3 GB  3.3 MB/s   7m49s[K[A[1Gpulling manifest [K
pulling bdbf939b402e:  53% ▕█████████         ▏ 1.7 GB/3.3 GB  3.3 MB/s   7m49s[K[A[1Gpulling manifest [K
pulling bdbf939b402e:  53% ▕█████████         ▏ 1.7 GB/3.3 GB  3.3 MB/s   7m49s[K[A[1Gpulling manifest [K
pulling bdbf939b402e:  53% ▕█████████         ▏ 1.7 GB/3.3 GB  3.4 MB/s   7m41s[K[A[1Gpulling manifest [K
pulling bdbf939b402e:  53% ▕█████████         ▏ 1.7 GB/3.3 GB  3.4 MB/s   7m41s[K[A[1Gpulling manifest [K
pulling bdbf939b402e:  53% ▕█████████         ▏ 1.7 GB/3.3 GB  3.4 MB/s   7m41s[K[A[1Gpulling manifest [K
pulling bdbf939b402e:  53% ▕█████████         ▏ 1.7 GB/3.3 GB  3.4 MB/s   7m41s[K[A[1Gpulling manifest [K
pulling bdbf939b402e:  53% ▕█████████         ▏ 1.7 GB/3.3 GB  3.4 MB/s   7m41s[K[A[1Gpulling manifest [K
pulling bdbf939b402e:  53% ▕█████████         ▏ 1.7 GB/3.3 GB  3.4 MB/s   7m41s[K[A[1Gpulling manifest [K
pulling bdbf939b402e:  53% ▕█████████         ▏ 1.7 GB/3.3 GB  3.4 MB/s   7m41s[K[A[1Gpulling manifest [K
pulling bdbf939b402e:  53% ▕█████████         ▏ 1.7 GB/3.3 GB  3.4 MB/s   7m41s[K[A[1Gpulling manifest [K
pulling bdbf939b402e:  53% ▕█████████         ▏ 1.7 GB/3.3 GB  3.4 MB/s   7m40s[K[A[1Gpulling manifest [K
pulling bdbf939b402e:  53% ▕█████████         ▏ 1.7 GB/3.3 GB  3.4 MB/s   7m40s[K[A[1Gpulling manifest [K
pulling bdbf939b402e:  53% ▕█████████         ▏ 1.8 GB/3.3 GB  3.3 MB/s   7m47s[K[A[1Gpulling manifest [K
pulling bdbf939b402e:  53% ▕█████████         ▏ 1.8 GB/3.3 GB  3.3 MB/s   7m46s[K[A[1Gpulling manifest [K
pulling bdbf939b402e:  53% ▕█████████         ▏ 1.8 GB/3.3 GB  3.3 MB/s   7m46s[K[A[1Gpulling manifest [K
pulling bdbf939b402e:  53% ▕█████████         ▏ 1.8 GB/3.3 GB  3.3 MB/s   7m46s[K[A[1Gpulling manifest [K
pulling bdbf939b402e:  53% ▕█████████         ▏ 1.8 GB/3.3 GB  3.3 MB/s   7m46s[K[A[1Gpulling manifest [K
pulling bdbf939b402e:  53% ▕█████████         ▏ 1.8 GB/3.3 GB  3.3 MB/s   7m46s[K[A[1Gpulling manifest [K
pulling bdbf939b402e:  53% ▕█████████         ▏ 1.8 GB/3.3 GB  3.3 MB/s   7m46s[K[A[1Gpulling manifest [K
pulling bdbf939b402e:  53% ▕█████████         ▏ 1.8 GB/3.3 GB  3.3 MB/s   7m46s[K[A[1Gpulling manifest [K
pulling bdbf939b402e:  53% ▕█████████         ▏ 1.8 GB/3.3 GB  3.3 MB/s   7m46s[K[A[1Gpulling manifest [K
pulling bdbf939b402e:  53% ▕█████████         ▏ 1.8 GB/3.3 GB  3.3 MB/s   7m45s[K[A[1Gpulling manifest [K
pulling bdbf939b402e:  53% ▕█████████         ▏ 1.8 GB/3.3 GB  3.4 MB/s   7m33s[K[A[1Gpulling manifest [K
pulling bdbf939b402e:  53% ▕█████████         ▏ 1.8 GB/3.3 GB  3.4 MB/s   7m33s[K[A[1Gpulling manifest [K
pulling bdbf939b402e:  53% ▕█████████         ▏ 1.8 GB/3.3 GB  3.4 MB/s   7m33s[K[A[1Gpulling manifest [K
pulling bdbf939b402e:  53% ▕█████████         ▏ 1.8 GB/3.3 GB  3.4 MB/s   7m33s[K[A[1Gpulling manifest [K
pulling bdbf939b402e:  53% ▕█████████         ▏ 1.8 GB/3.3 GB  3.4 MB/s   7m33s[K[A[1Gpulling manifest [K
pulling bdbf939b402e:  53% ▕█████████         ▏ 1.8 GB/3.3 GB  3.4 MB/s   7m33s[K[A[1Gpulling manifest [K
pulling bdbf939b402e:  53% ▕█████████         ▏ 1.8 GB/3.3 GB  3.4 MB/s   7m33s[K[A[1Gpulling manifest [K
pulling bdbf939b402e:  53% ▕█████████         ▏ 1.8 GB/3.3 GB  3.4 MB/s   7m33s[K[A[1Gpulling manifest [K
pulling bdbf939b402e:  53% ▕█████████         ▏ 1.8 GB/3.3 GB  3.4 MB/s   7m33s[K[A[1Gpulling manifest [K
pulling bdbf939b402e:  53% ▕█████████         ▏ 1.8 GB/3.3 GB  3.4 MB/s   7m33s[K[A[1Gpulling manifest [K
pulling bdbf939b402e:  53% ▕█████████         ▏ 1.8 GB/3.3 GB  3.3 MB/s   7m41s[K[A[1Gpulling manifest [K
pulling bdbf939b402e:  53% ▕█████████         ▏ 1.8 GB/3.3 GB  3.3 MB/s   7m41s[K[A[1Gpulling manifest [K
pulling bdbf939b402e:  53% ▕█████████         ▏ 1.8 GB/3.3 GB  3.3 MB/s   7m41s[K[A[1Gpulling manifest [K
pulling bdbf939b402e:  53% ▕█████████         ▏ 1.8 GB/3.3 GB  3.3 MB/s   7m41s[K[A[1Gpulling manifest [K
pulling bdbf939b402e:  53% ▕█████████         ▏ 1.8 GB/3.3 GB  3.3 MB/s   7m41s[K[A[1Gpulling manifest [K
pulling bdbf939b402e:  53% ▕█████████         ▏ 1.8 GB/3.3 GB  3.3 MB/s   7m41s[K[A[1Gpulling manifest [K
pulling bdbf939b402e:  53% ▕█████████         ▏ 1.8 GB/3.3 GB  3.3 MB/s   7m40s[K[A[1Gpulling manifest [K
pulling bdbf939b402e:  53% ▕█████████         ▏ 1.8 GB/3.3 GB  3.3 MB/s   7m40s[K[A[1Gpulling manifest [K
pulling bdbf939b402e:  53% ▕█████████         ▏ 1.8 GB/3.3 GB  3.3 MB/s   7m40s[K[A[1Gpulling manifest [K
pulling bdbf939b402e:  53% ▕█████████         ▏ 1.8 GB/3.3 GB  3.3 MB/s   7m40s[K[A[1Gpulling manifest [K
pulling bdbf939b402e:  53% ▕█████████         ▏ 1.8 GB/3.3 GB  3.3 MB/s   7m40s[K[A[1Gpulling manifest [K
pulling bdbf939b402e:  53% ▕█████████         ▏ 1.8 GB/3.3 GB  3.3 MB/s   7m41s[K[A[1Gpulling manifest [K
pulling bdbf939b402e:  53% ▕█████████         ▏ 1.8 GB/3.3 GB  3.3 MB/s   7m40s[K[A[1Gpulling manifest [K
pulling bdbf939b402e:  53% ▕█████████         ▏ 1.8 GB/3.3 GB  3.3 MB/s   7m40s[K[A[1Gpulling manifest [K
pulling bdbf939b402e:  53% ▕█████████         ▏ 1.8 GB/3.3 GB  3.3 MB/s   7m40s[K[A[1Gpulling manifest [K
pulling bdbf939b402e:  53% ▕█████████         ▏ 1.8 GB/3.3 GB  3.3 MB/s   7m40s[K[A[1Gpulling manifest [K
pulling bdbf939b402e:  53% ▕█████████         ▏ 1.8 GB/3.3 GB  3.3 MB/s   7m40s[K[A[1Gpulling manifest [K
pulling bdbf939b402e:  53% ▕█████████         ▏ 1.8 GB/3.3 GB  3.3 MB/s   7m40s[K[A[1Gpulling manifest [K
pulling bdbf939b402e:  53% ▕█████████         ▏ 1.8 GB/3.3 GB  3.3 MB/s   7m40s[K[A[1Gpulling manifest [K
pulling bdbf939b402e:  53% ▕█████████         ▏ 1.8 GB/3.3 GB  3.3 MB/s   7m40s[K[A[1Gpulling manifest [K
pulling bdbf939b402e:  53% ▕█████████         ▏ 1.8 GB/3.3 GB  3.3 MB/s   7m39s[K[A[1Gpulling manifest [K
pulling bdbf939b402e:  53% ▕█████████         ▏ 1.8 GB/3.3 GB  3.4 MB/s   7m28s[K[A[1Gpulling manifest [K
pulling bdbf939b402e:  53% ▕█████████         ▏ 1.8 GB/3.3 GB  3.4 MB/s   7m28s[K[A[1Gpulling manifest [K
pulling bdbf939b402e:  54% ▕█████████         ▏ 1.8 GB/3.3 GB  3.4 MB/s   7m28s[K[A[1Gpulling manifest [K
pulling bdbf939b402e:  54% ▕█████████         ▏ 1.8 GB/3.3 GB  3.4 MB/s   7m28s[K[A[1Gpulling manifest [K
pulling bdbf939b402e:  54% ▕█████████         ▏ 1.8 GB/3.3 GB  3.4 MB/s   7m28s[K[A[1Gpulling manifest [K
pulling bdbf939b402e:  54% ▕█████████         ▏ 1.8 GB/3.3 GB  3.4 MB/s   7m27s[K[A[1Gpulling manifest [K
pulling bdbf939b402e:  54% ▕█████████         ▏ 1.8 GB/3.3 GB  3.4 MB/s   7m27s[K[A[1Gpulling manifest [K
pulling bdbf939b402e:  54% ▕█████████         ▏ 1.8 GB/3.3 GB  3.4 MB/s   7m27s[K[A[1Gpulling manifest [K
pulling bdbf939b402e:  54% ▕█████████         ▏ 1.8 GB/3.3 GB  3.4 MB/s   7m27s[K[A[1Gpulling manifest [K
pulling bdbf939b402e:  54% ▕█████████         ▏ 1.8 GB/3.3 GB  3.4 MB/s   7m27s[K[A[1Gpulling manifest [K
pulling bdbf939b402e:  54% ▕█████████         ▏ 1.8 GB/3.3 GB  3.6 MB/s    7m8s[K[A[1Gpulling manifest [K
pulling bdbf939b402e:  54% ▕█████████         ▏ 1.8 GB/3.3 GB  3.6 MB/s    7m8s[K[A[1Gpulling manifest [K
pulling bdbf939b402e:  54% ▕█████████         ▏ 1.8 GB/3.3 GB  3.6 MB/s    7m8s[K[A[1Gpulling manifest [K
pulling bdbf939b402e:  54% ▕█████████         ▏ 1.8 GB/3.3 GB  3.6 MB/s    7m8s[K[A[1Gpulling manifest [K
pulling bdbf939b402e:  54% ▕█████████         ▏ 1.8 GB/3.3 GB  3.6 MB/s    7m8s[K[A[1Gpulling manifest [K
pulling bdbf939b402e:  54% ▕█████████         ▏ 1.8 GB/3.3 GB  3.6 MB/s    7m8s[K[A[1Gpulling manifest [K
pulling bdbf939b402e:  54% ▕█████████         ▏ 1.8 GB/3.3 GB  3.6 MB/s    7m7s[K[A[1Gpulling manifest [K
pulling bdbf939b402e:  54% ▕█████████         ▏ 1.8 GB/3.3 GB  3.6 MB/s    7m7s[K[A[1Gpulling manifest [K
pulling bdbf939b402e:  54% ▕█████████         ▏ 1.8 GB/3.3 GB  3.6 MB/s    7m7s[K[A[1Gpulling manifest [K
pulling bdbf939b402e:  54% ▕█████████         ▏ 1.8 GB/3.3 GB  3.6 MB/s    7m7s[K[A[1Gpulling manifest [K
pulling bdbf939b402e:  54% ▕█████████         ▏ 1.8 GB/3.3 GB  3.7 MB/s   6m52s[K[A[1Gpulling manifest [K
pulling bdbf939b402e:  54% ▕█████████         ▏ 1.8 GB/3.3 GB  3.7 MB/s   6m52s[K[A[1Gpulling manifest [K
pulling bdbf939b402e:  54% ▕█████████         ▏ 1.8 GB/3.3 GB  3.7 MB/s   6m52s[K[A[1Gpulling manifest [K
pulling bdbf939b402e:  54% ▕█████████         ▏ 1.8 GB/3.3 GB  3.7 MB/s   6m52s[K[A[1Gpulling manifest [K
pulling bdbf939b402e:  54% ▕█████████         ▏ 1.8 GB/3.3 GB  3.7 MB/s   6m52s[K[A[1Gpulling manifest [K
pulling bdbf939b402e:  54% ▕█████████         ▏ 1.8 GB/3.3 GB  3.7 MB/s   6m51s[K[A[1Gpulling manifest [K
pulling bdbf939b402e:  54% ▕█████████         ▏ 1.8 GB/3.3 GB  3.7 MB/s   6m51s[K[A[1Gpulling manifest [K
pulling bdbf939b402e:  54% ▕█████████         ▏ 1.8 GB/3.3 GB  3.7 MB/s   6m51s[K[A[1Gpulling manifest [K
pulling bdbf939b402e:  54% ▕█████████         ▏ 1.8 GB/3.3 GB  3.7 MB/s   6m51s[K[A[1Gpulling manifest [K
pulling bdbf939b402e:  54% ▕█████████         ▏ 1.8 GB/3.3 GB  3.7 MB/s   6m51s[K[A[1Gpulling manifest [K
pulling bdbf939b402e:  54% ▕█████████         ▏ 1.8 GB/3.3 GB  3.8 MB/s   6m44s[K[A[1Gpulling manifest [K
pulling bdbf939b402e:  54% ▕█████████         ▏ 1.8 GB/3.3 GB  3.8 MB/s   6m43s[K[A[1Gpulling manifest [K
pulling bdbf939b402e:  54% ▕█████████         ▏ 1.8 GB/3.3 GB  3.8 MB/s   6m43s[K[A[1Gpulling manifest [K
pulling bdbf939b402e:  54% ▕█████████         ▏ 1.8 GB/3.3 GB  3.8 MB/s   6m43s[K[A[1Gpulling manifest [K
pulling bdbf939b402e:  54% ▕█████████         ▏ 1.8 GB/3.3 GB  3.8 MB/s   6m43s[K[A[1Gpulling manifest [K
pulling bdbf939b402e:  54% ▕█████████         ▏ 1.8 GB/3.3 GB  3.8 MB/s   6m43s[K[A[1Gpulling manifest [K
pulling bdbf939b402e:  54% ▕█████████         ▏ 1.8 GB/3.3 GB  3.8 MB/s   6m43s[K[A[1Gpulling manifest [K
pulling bdbf939b402e:  54% ▕█████████         ▏ 1.8 GB/3.3 GB  3.8 MB/s   6m43s[K[A[1Gpulling manifest [K
pulling bdbf939b402e:  54% ▕█████████         ▏ 1.8 GB/3.3 GB  3.8 MB/s   6m43s[K[A[1Gpulling manifest [K
pulling bdbf939b402e:  54% ▕█████████         ▏ 1.8 GB/3.3 GB  3.8 MB/s   6m43s[K[A[1Gpulling manifest [K
pulling bdbf939b402e:  54% ▕█████████         ▏ 1.8 GB/3.3 GB  3.8 MB/s   6m43s[K[A[1Gpulling manifest [K
pulling bdbf939b402e:  54% ▕█████████         ▏ 1.8 GB/3.3 GB  3.7 MB/s   6m51s[K[A[1Gpulling manifest [K
pulling bdbf939b402e:  54% ▕█████████         ▏ 1.8 GB/3.3 GB  3.7 MB/s   6m51s[K[A[1Gpulling manifest [K
pulling bdbf939b402e:  54% ▕█████████         ▏ 1.8 GB/3.3 GB  3.7 MB/s   6m51s[K[A[1Gpulling manifest [K
pulling bdbf939b402e:  54% ▕█████████         ▏ 1.8 GB/3.3 GB  3.7 MB/s   6m51s[K[A[1Gpulling manifest [K
pulling bdbf939b402e:  54% ▕█████████         ▏ 1.8 GB/3.3 GB  3.7 MB/s   6m51s[K[A[1Gpulling manifest [K
pulling bdbf939b402e:  54% ▕█████████         ▏ 1.8 GB/3.3 GB  3.7 MB/s   6m51s[K[A[1Gpulling manifest [K
pulling bdbf939b402e:  54% ▕█████████         ▏ 1.8 GB/3.3 GB  3.7 MB/s   6m50s[K[A[1Gpulling manifest [K
pulling bdbf939b402e:  54% ▕█████████         ▏ 1.8 GB/3.3 GB  3.7 MB/s   6m50s[K[A[1Gpulling manifest [K
pulling bdbf939b402e:  54% ▕█████████         ▏ 1.8 GB/3.3 GB  3.7 MB/s   6m50s[K[A[1Gpulling manifest [K
pulling bdbf939b402e:  54% ▕█████████         ▏ 1.8 GB/3.3 GB  3.7 MB/s   6m50s[K[A[1Gpulling manifest [K
pulling bdbf939b402e:  54% ▕█████████         ▏ 1.8 GB/3.3 GB  3.8 MB/s   6m41s[K[A[1Gpulling manifest [K
pulling bdbf939b402e:  54% ▕█████████         ▏ 1.8 GB/3.3 GB  3.8 MB/s   6m41s[K[A[1Gpulling manifest [K
pulling bdbf939b402e:  54% ▕█████████         ▏ 1.8 GB/3.3 GB  3.8 MB/s   6m41s[K[A[1Gpulling manifest [K
pulling bdbf939b402e:  54% ▕█████████         ▏ 1.8 GB/3.3 GB  3.8 MB/s   6m41s[K[A[1Gpulling manifest [K
pulling bdbf939b402e:  54% ▕█████████         ▏ 1.8 GB/3.3 GB  3.8 MB/s   6m41s[K[A[1Gpulling manifest [K
pulling bdbf939b402e:  54% ▕█████████         ▏ 1.8 GB/3.3 GB  3.8 MB/s   6m40s[K[A[1Gpulling manifest [K
pulling bdbf939b402e:  54% ▕█████████         ▏ 1.8 GB/3.3 GB  3.8 MB/s   6m40s[K[A[1Gpulling manifest [K
pulling bdbf939b402e:  54% ▕█████████         ▏ 1.8 GB/3.3 GB  3.8 MB/s   6m40s[K[A[1Gpulling manifest [K
pulling bdbf939b402e:  54% ▕█████████         ▏ 1.8 GB/3.3 GB  3.8 MB/s   6m40s[K[A[1Gpulling manifest [K
pulling bdbf939b402e:  54% ▕█████████         ▏ 1.8 GB/3.3 GB  3.8 MB/s   6m40s[K[A[1Gpulling manifest [K
pulling bdbf939b402e:  54% ▕█████████         ▏ 1.8 GB/3.3 GB  3.7 MB/s   6m45s[K[A[1Gpulling manifest [K
pulling bdbf939b402e:  54% ▕█████████         ▏ 1.8 GB/3.3 GB  3.7 MB/s   6m45s[K[A[1Gpulling manifest [K
pulling bdbf939b402e:  54% ▕█████████         ▏ 1.8 GB/3.3 GB  3.7 MB/s   6m44s[K[A[1Gpulling manifest [K
pulling bdbf939b402e:  54% ▕█████████         ▏ 1.8 GB/3.3 GB  3.7 MB/s   6m44s[K[A[1Gpulling manifest [K
pulling bdbf939b402e:  54% ▕█████████         ▏ 1.8 GB/3.3 GB  3.7 MB/s   6m44s[K[A[1Gpulling manifest [K
pulling bdbf939b402e:  54% ▕█████████         ▏ 1.8 GB/3.3 GB  3.7 MB/s   6m44s[K[A[1Gpulling manifest [K
pulling bdbf939b402e:  54% ▕█████████         ▏ 1.8 GB/3.3 GB  3.7 MB/s   6m44s[K[A[1Gpulling manifest [K
pulling bdbf939b402e:  54% ▕█████████         ▏ 1.8 GB/3.3 GB  3.7 MB/s   6m44s[K[A[1Gpulling manifest [K
pulling bdbf939b402e:  54% ▕█████████         ▏ 1.8 GB/3.3 GB  3.7 MB/s   6m44s[K[A[1Gpulling manifest [K
pulling bdbf939b402e:  54% ▕█████████         ▏ 1.8 GB/3.3 GB  3.7 MB/s   6m44s[K[A[1Gpulling manifest [K
pulling bdbf939b402e:  54% ▕█████████         ▏ 1.8 GB/3.3 GB  3.7 MB/s   6m50s[K[A[1Gpulling manifest [K
pulling bdbf939b402e:  54% ▕█████████         ▏ 1.8 GB/3.3 GB  3.7 MB/s   6m49s[K[A[1Gpulling manifest [K
pulling bdbf939b402e:  54% ▕█████████         ▏ 1.8 GB/3.3 GB  3.7 MB/s   6m49s[K[A[1Gpulling manifest [K
pulling bdbf939b402e:  54% ▕█████████         ▏ 1.8 GB/3.3 GB  3.7 MB/s   6m49s[K[A[1Gpulling manifest [K
pulling bdbf939b402e:  54% ▕█████████         ▏ 1.8 GB/3.3 GB  3.7 MB/s   6m49s[K[A[1Gpulling manifest [K
pulling bdbf939b402e:  54% ▕█████████         ▏ 1.8 GB/3.3 GB  3.7 MB/s   6m49s[K[A[1Gpulling manifest [K
pulling bdbf939b402e:  54% ▕█████████         ▏ 1.8 GB/3.3 GB  3.7 MB/s   6m49s[K[A[1Gpulling manifest [K
pulling bdbf939b402e:  54% ▕█████████         ▏ 1.8 GB/3.3 GB  3.7 MB/s   6m49s[K[A[1Gpulling manifest [K
pulling bdbf939b402e:  54% ▕█████████         ▏ 1.8 GB/3.3 GB  3.7 MB/s   6m49s[K[A[1Gpulling manifest [K
pulling bdbf939b402e:  54% ▕█████████         ▏ 1.8 GB/3.3 GB  3.7 MB/s   6m49s[K[A[1Gpulling manifest [K
pulling bdbf939b402e:  54% ▕█████████         ▏ 1.8 GB/3.3 GB  3.8 MB/s   6m37s[K[A[1Gpulling manifest [K
pulling bdbf939b402e:  54% ▕█████████         ▏ 1.8 GB/3.3 GB  3.8 MB/s   6m37s[K[A[1Gpulling manifest [K
pulling bdbf939b402e:  54% ▕█████████         ▏ 1.8 GB/3.3 GB  3.8 MB/s   6m37s[K[A[1Gpulling manifest [K
pulling bdbf939b402e:  54% ▕█████████         ▏ 1.8 GB/3.3 GB  3.8 MB/s   6m37s[K[A[1Gpulling manifest [K
pulling bdbf939b402e:  54% ▕█████████         ▏ 1.8 GB/3.3 GB  3.8 MB/s   6m37s[K[A[1Gpulling manifest [K
pulling bdbf939b402e:  54% ▕█████████         ▏ 1.8 GB/3.3 GB  3.8 MB/s   6m37s[K[A[1Gpulling manifest [K
pulling bdbf939b402e:  54% ▕█████████         ▏ 1.8 GB/3.3 GB  3.8 MB/s   6m37s[K[A[1Gpulling manifest [K
pulling bdbf939b402e:  54% ▕█████████         ▏ 1.8 GB/3.3 GB  3.8 MB/s   6m37s[K[A[1Gpulling manifest [K
pulling bdbf939b402e:  54% ▕█████████         ▏ 1.8 GB/3.3 GB  3.8 MB/s   6m37s[K[A[1Gpulling manifest [K
pulling bdbf939b402e:  54% ▕█████████         ▏ 1.8 GB/3.3 GB  3.8 MB/s   6m37s[K[A[1Gpulling manifest [K
pulling bdbf939b402e:  54% ▕█████████         ▏ 1.8 GB/3.3 GB  3.8 MB/s   6m37s[K[A[1Gpulling manifest [K
pulling bdbf939b402e:  55% ▕█████████         ▏ 1.8 GB/3.3 GB  3.7 MB/s   6m43s[K[A[1Gpulling manifest [K
pulling bdbf939b402e:  55% ▕█████████         ▏ 1.8 GB/3.3 GB  3.7 MB/s   6m43s[K[A[1Gpulling manifest [K
pulling bdbf939b402e:  55% ▕█████████         ▏ 1.8 GB/3.3 GB  3.7 MB/s   6m43s[K[A[1Gpulling manifest [K
pulling bdbf939b402e:  55% ▕█████████         ▏ 1.8 GB/3.3 GB  3.7 MB/s   6m42s[K[A[1Gpulling manifest [K
pulling bdbf939b402e:  55% ▕█████████         ▏ 1.8 GB/3.3 GB  3.7 MB/s   6m42s[K[A[1Gpulling manifest [K
pulling bdbf939b402e:  55% ▕█████████         ▏ 1.8 GB/3.3 GB  3.7 MB/s   6m42s[K[A[1Gpulling manifest [K
pulling bdbf939b402e:  55% ▕█████████         ▏ 1.8 GB/3.3 GB  3.7 MB/s   6m42s[K[A[1Gpulling manifest [K
pulling bdbf939b402e:  55% ▕█████████         ▏ 1.8 GB/3.3 GB  3.7 MB/s   6m42s[K[A[1Gpulling manifest [K
pulling bdbf939b402e:  55% ▕█████████         ▏ 1.8 GB/3.3 GB  3.7 MB/s   6m42s[K[A[1Gpulling manifest [K
pulling bdbf939b402e:  55% ▕█████████         ▏ 1.8 GB/3.3 GB  3.7 MB/s   6m42s[K[A[1Gpulling manifest [K
pulling bdbf939b402e:  55% ▕█████████         ▏ 1.8 GB/3.3 GB  3.6 MB/s    7m1s[K[A[1Gpulling manifest [K
pulling bdbf939b402e:  55% ▕█████████         ▏ 1.8 GB/3.3 GB  3.6 MB/s    7m1s[K[A[1Gpulling manifest [K
pulling bdbf939b402e:  55% ▕█████████         ▏ 1.8 GB/3.3 GB  3.6 MB/s    7m1s[K[A[1Gpulling manifest [K
pulling bdbf939b402e:  55% ▕█████████         ▏ 1.8 GB/3.3 GB  3.6 MB/s    7m1s[K[A[1Gpulling manifest [K
pulling bdbf939b402e:  55% ▕█████████         ▏ 1.8 GB/3.3 GB  3.6 MB/s    7m1s[K[A[1Gpulling manifest [K
pulling bdbf939b402e:  55% ▕█████████         ▏ 1.8 GB/3.3 GB  3.6 MB/s    7m0s[K[A[1Gpulling manifest [K
pulling bdbf939b402e:  55% ▕█████████         ▏ 1.8 GB/3.3 GB  3.6 MB/s    7m0s[K[A[1Gpulling manifest [K
pulling bdbf939b402e:  55% ▕█████████         ▏ 1.8 GB/3.3 GB  3.6 MB/s    7m0s[K[A[1Gpulling manifest [K
pulling bdbf939b402e:  55% ▕█████████         ▏ 1.8 GB/3.3 GB  3.6 MB/s    7m0s[K[A[1Gpulling manifest [K
pulling bdbf939b402e:  55% ▕█████████         ▏ 1.8 GB/3.3 GB  3.6 MB/s    7m0s[K[A[1Gpulling manifest [K
pulling bdbf939b402e:  55% ▕█████████         ▏ 1.8 GB/3.3 GB  3.5 MB/s    7m5s[K[A[1Gpulling manifest [K
pulling bdbf939b402e:  55% ▕█████████         ▏ 1.8 GB/3.3 GB  3.5 MB/s    7m4s[K[A[1Gpulling manifest [K
pulling bdbf939b402e:  55% ▕█████████         ▏ 1.8 GB/3.3 GB  3.5 MB/s    7m4s[K[A[1Gpulling manifest [K
pulling bdbf939b402e:  55% ▕█████████         ▏ 1.8 GB/3.3 GB  3.5 MB/s    7m4s[K[A[1Gpulling manifest [K
pulling bdbf939b402e:  55% ▕█████████         ▏ 1.8 GB/3.3 GB  3.5 MB/s    7m4s[K[A[1Gpulling manifest [K
pulling bdbf939b402e:  55% ▕█████████         ▏ 1.8 GB/3.3 GB  3.5 MB/s    7m4s[K[A[1Gpulling manifest [K
pulling bdbf939b402e:  55% ▕█████████         ▏ 1.8 GB/3.3 GB  3.5 MB/s    7m4s[K[A[1Gpulling manifest [K
pulling bdbf939b402e:  55% ▕█████████         ▏ 1.8 GB/3.3 GB  3.5 MB/s    7m4s[K[A[1Gpulling manifest [K
pulling bdbf939b402e:  55% ▕█████████         ▏ 1.8 GB/3.3 GB  3.5 MB/s    7m4s[K[A[1Gpulling manifest [K
pulling bdbf939b402e:  55% ▕█████████         ▏ 1.8 GB/3.3 GB  3.5 MB/s    7m4s[K[A[1Gpulling manifest [K
pulling bdbf939b402e:  55% ▕█████████         ▏ 1.8 GB/3.3 GB  3.4 MB/s   7m13s[K[A[1Gpulling manifest [K
pulling bdbf939b402e:  55% ▕█████████         ▏ 1.8 GB/3.3 GB  3.4 MB/s   7m13s[K[A[1Gpulling manifest [K
pulling bdbf939b402e:  55% ▕█████████         ▏ 1.8 GB/3.3 GB  3.4 MB/s   7m13s[K[A[1Gpulling manifest [K
pulling bdbf939b402e:  55% ▕█████████         ▏ 1.8 GB/3.3 GB  3.4 MB/s   7m13s[K[A[1Gpulling manifest [K
pulling bdbf939b402e:  55% ▕█████████         ▏ 1.8 GB/3.3 GB  3.4 MB/s   7m13s[K[A[1Gpulling manifest [K
pulling bdbf939b402e:  55% ▕█████████         ▏ 1.8 GB/3.3 GB  3.4 MB/s   7m13s[K[A[1Gpulling manifest [K
pulling bdbf939b402e:  55% ▕█████████         ▏ 1.8 GB/3.3 GB  3.4 MB/s   7m13s[K[A[1Gpulling manifest [K
pulling bdbf939b402e:  55% ▕█████████         ▏ 1.8 GB/3.3 GB  3.4 MB/s   7m13s[K[A[1Gpulling manifest [K
pulling bdbf939b402e:  55% ▕█████████         ▏ 1.8 GB/3.3 GB  3.4 MB/s   7m13s[K[A[1Gpulling manifest [K
pulling bdbf939b402e:  55% ▕█████████         ▏ 1.8 GB/3.3 GB  3.4 MB/s   7m12s[K[A[1Gpulling manifest [K
pulling bdbf939b402e:  55% ▕█████████         ▏ 1.8 GB/3.3 GB  3.4 MB/s   7m11s[K[A[1Gpulling manifest [K
pulling bdbf939b402e:  55% ▕█████████         ▏ 1.8 GB/3.3 GB  3.4 MB/s   7m11s[K[A[1Gpulling manifest [K
pulling bdbf939b402e:  55% ▕█████████         ▏ 1.8 GB/3.3 GB  3.4 MB/s   7m11s[K[A[1Gpulling manifest [K
pulling bdbf939b402e:  55% ▕█████████         ▏ 1.8 GB/3.3 GB  3.4 MB/s   7m11s[K[A[1Gpulling manifest [K
pulling bdbf939b402e:  55% ▕█████████         ▏ 1.8 GB/3.3 GB  3.4 MB/s   7m11s[K[A[1Gpulling manifest [K
pulling bdbf939b402e:  55% ▕█████████         ▏ 1.8 GB/3.3 GB  3.4 MB/s   7m11s[K[A[1Gpulling manifest [K
pulling bdbf939b402e:  55% ▕█████████         ▏ 1.8 GB/3.3 GB  3.4 MB/s   7m11s[K[A[1Gpulling manifest [K
pulling bdbf939b402e:  55% ▕█████████         ▏ 1.8 GB/3.3 GB  3.4 MB/s   7m10s[K[A[1Gpulling manifest [K
pulling bdbf939b402e:  55% ▕█████████         ▏ 1.8 GB/3.3 GB  3.4 MB/s   7m10s[K[A[1Gpulling manifest [K
pulling bdbf939b402e:  55% ▕█████████         ▏ 1.8 GB/3.3 GB  3.4 MB/s   7m10s[K[A[1Gpulling manifest [K
pulling bdbf939b402e:  55% ▕█████████         ▏ 1.8 GB/3.3 GB  3.4 MB/s   7m10s[K[A[1Gpulling manifest [K
pulling bdbf939b402e:  55% ▕█████████         ▏ 1.8 GB/3.3 GB  3.5 MB/s    7m2s[K[A[1Gpulling manifest [K
pulling bdbf939b402e:  55% ▕█████████         ▏ 1.8 GB/3.3 GB  3.5 MB/s    7m2s[K[A[1Gpulling manifest [K
pulling bdbf939b402e:  55% ▕█████████         ▏ 1.8 GB/3.3 GB  3.5 MB/s    7m2s[K[A[1Gpulling manifest [K
pulling bdbf939b402e:  55% ▕█████████         ▏ 1.8 GB/3.3 GB  3.5 MB/s    7m2s[K[A[1Gpulling manifest [K
pulling bdbf939b402e:  55% ▕█████████         ▏ 1.8 GB/3.3 GB  3.5 MB/s    7m1s[K[A[1Gpulling manifest [K
pulling bdbf939b402e:  55% ▕█████████         ▏ 1.8 GB/3.3 GB  3.5 MB/s    7m1s[K[A[1Gpulling manifest [K
pulling bdbf939b402e:  55% ▕█████████         ▏ 1.8 GB/3.3 GB  3.5 MB/s    7m1s[K[A[1Gpulling manifest [K
pulling bdbf939b402e:  55% ▕█████████         ▏ 1.8 GB/3.3 GB  3.5 MB/s    7m1s[K[A[1Gpulling manifest [K
pulling bdbf939b402e:  55% ▕█████████         ▏ 1.8 GB/3.3 GB  3.5 MB/s    7m1s[K[A[1Gpulling manifest [K
pulling bdbf939b402e:  55% ▕█████████         ▏ 1.8 GB/3.3 GB  3.5 MB/s    7m1s[K[A[1Gpulling manifest [K
pulling bdbf939b402e:  55% ▕█████████         ▏ 1.8 GB/3.3 GB  3.6 MB/s   6m54s[K[A[1Gpulling manifest [K
pulling bdbf939b402e:  55% ▕█████████         ▏ 1.8 GB/3.3 GB  3.6 MB/s   6m54s[K[A[1Gpulling manifest [K
pulling bdbf939b402e:  55% ▕█████████         ▏ 1.8 GB/3.3 GB  3.6 MB/s   6m54s[K[A[1Gpulling manifest [K
pulling bdbf939b402e:  55% ▕█████████         ▏ 1.8 GB/3.3 GB  3.6 MB/s   6m54s[K[A[1Gpulling manifest [K
pulling bdbf939b402e:  55% ▕█████████         ▏ 1.8 GB/3.3 GB  3.6 MB/s   6m54s[K[A[1Gpulling manifest [K
pulling bdbf939b402e:  55% ▕█████████         ▏ 1.8 GB/3.3 GB  3.6 MB/s   6m54s[K[A[1Gpulling manifest [K
pulling bdbf939b402e:  55% ▕█████████         ▏ 1.8 GB/3.3 GB  3.6 MB/s   6m54s[K[A[1Gpulling manifest [K
pulling bdbf939b402e:  55% ▕█████████         ▏ 1.8 GB/3.3 GB  3.6 MB/s   6m54s[K[A[1Gpulling manifest [K
pulling bdbf939b402e:  55% ▕█████████         ▏ 1.8 GB/3.3 GB  3.6 MB/s   6m53s[K[A[1Gpulling manifest [K
pulling bdbf939b402e:  55% ▕█████████         ▏ 1.8 GB/3.3 GB  3.6 MB/s   6m53s[K[A[1Gpulling manifest [K
pulling bdbf939b402e:  55% ▕█████████         ▏ 1.8 GB/3.3 GB  3.8 MB/s   6m32s[K[A[1Gpulling manifest [K
pulling bdbf939b402e:  55% ▕█████████         ▏ 1.8 GB/3.3 GB  3.8 MB/s   6m32s[K[A[1Gpulling manifest [K
pulling bdbf939b402e:  55% ▕█████████         ▏ 1.8 GB/3.3 GB  3.8 MB/s   6m32s[K[A[1Gpulling manifest [K
pulling bdbf939b402e:  55% ▕█████████         ▏ 1.8 GB/3.3 GB  3.8 MB/s   6m32s[K[A[1Gpulling manifest [K
pulling bdbf939b402e:  55% ▕█████████         ▏ 1.8 GB/3.3 GB  3.8 MB/s   6m32s[K[A[1Gpulling manifest [K
pulling bdbf939b402e:  55% ▕█████████         ▏ 1.8 GB/3.3 GB  3.8 MB/s   6m31s[K[A[1Gpulling manifest [K
pulling bdbf939b402e:  55% ▕█████████         ▏ 1.8 GB/3.3 GB  3.8 MB/s   6m31s[K[A[1Gpulling manifest [K
pulling bdbf939b402e:  55% ▕█████████         ▏ 1.8 GB/3.3 GB  3.8 MB/s   6m31s[K[A[1Gpulling manifest [K
pulling bdbf939b402e:  55% ▕█████████         ▏ 1.8 GB/3.3 GB  3.8 MB/s   6m31s[K[A[1Gpulling manifest [K
pulling bdbf939b402e:  55% ▕█████████         ▏ 1.8 GB/3.3 GB  3.8 MB/s   6m31s[K[A[1Gpulling manifest [K
pulling bdbf939b402e:  55% ▕█████████         ▏ 1.8 GB/3.3 GB  3.8 MB/s   6m22s[K[A[1Gpulling manifest [K
pulling bdbf939b402e:  55% ▕█████████         ▏ 1.8 GB/3.3 GB  3.8 MB/s   6m22s[K[A[1Gpulling manifest [K
pulling bdbf939b402e:  55% ▕█████████         ▏ 1.8 GB/3.3 GB  3.8 MB/s   6m22s[K[A[1Gpulling manifest [K
pulling bdbf939b402e:  55% ▕█████████         ▏ 1.8 GB/3.3 GB  3.8 MB/s   6m22s[K[A[1Gpulling manifest [K
pulling bdbf939b402e:  55% ▕█████████         ▏ 1.8 GB/3.3 GB  3.8 MB/s   6m21s[K[A[1Gpulling manifest [K
pulling bdbf939b402e:  55% ▕█████████         ▏ 1.8 GB/3.3 GB  3.8 MB/s   6m21s[K[A[1Gpulling manifest [K
pulling bdbf939b402e:  56% ▕█████████         ▏ 1.8 GB/3.3 GB  3.8 MB/s   6m21s[K[A[1Gpulling manifest [K
pulling bdbf939b402e:  56% ▕█████████         ▏ 1.8 GB/3.3 GB  3.8 MB/s   6m21s[K[A[1Gpulling manifest [K
pulling bdbf939b402e:  56% ▕█████████         ▏ 1.8 GB/3.3 GB  3.8 MB/s   6m21s[K[A[1Gpulling manifest [K
pulling bdbf939b402e:  56% ▕█████████         ▏ 1.8 GB/3.3 GB  3.8 MB/s   6m21s[K[A[1Gpulling manifest [K
pulling bdbf939b402e:  56% ▕██████████        ▏ 1.8 GB/3.3 GB  3.9 MB/s   6m11s[K[A[1Gpulling manifest [K
pulling bdbf939b402e:  56% ▕██████████        ▏ 1.8 GB/3.3 GB  3.9 MB/s   6m11s[K[A[1Gpulling manifest [K
pulling bdbf939b402e:  56% ▕██████████        ▏ 1.8 GB/3.3 GB  3.9 MB/s   6m11s[K[A[1Gpulling manifest [K
pulling bdbf939b402e:  56% ▕██████████        ▏ 1.8 GB/3.3 GB  3.9 MB/s   6m11s[K[A[1Gpulling manifest [K
pulling bdbf939b402e:  56% ▕██████████        ▏ 1.8 GB/3.3 GB  3.9 MB/s   6m11s[K[A[1Gpulling manifest [K
pulling bdbf939b402e:  56% ▕██████████        ▏ 1.8 GB/3.3 GB  3.9 MB/s   6m10s[K[A[1Gpulling manifest [K
pulling bdbf939b402e:  56% ▕██████████        ▏ 1.8 GB/3.3 GB  3.9 MB/s   6m10s[K[A[1Gpulling manifest [K
pulling bdbf939b402e:  56% ▕██████████        ▏ 1.8 GB/3.3 GB  3.9 MB/s   6m10s[K[A[1Gpulling manifest [K
pulling bdbf939b402e:  56% ▕██████████        ▏ 1.8 GB/3.3 GB  3.9 MB/s   6m10s[K[A[1Gpulling manifest [K
pulling bdbf939b402e:  56% ▕██████████        ▏ 1.8 GB/3.3 GB  3.9 MB/s   6m10s[K[A[1Gpulling manifest [K
pulling bdbf939b402e:  56% ▕██████████        ▏ 1.8 GB/3.3 GB  3.9 MB/s   6m10s[K[A[1Gpulling manifest [K
pulling bdbf939b402e:  56% ▕██████████        ▏ 1.8 GB/3.3 GB  4.1 MB/s   5m59s[K[A[1Gpulling manifest [K
pulling bdbf939b402e:  56% ▕██████████        ▏ 1.8 GB/3.3 GB  4.1 MB/s   5m59s[K[A[1Gpulling manifest [K
pulling bdbf939b402e:  56% ▕██████████        ▏ 1.8 GB/3.3 GB  4.1 MB/s   5m59s[K[A[1Gpulling manifest [K
pulling bdbf939b402e:  56% ▕██████████        ▏ 1.8 GB/3.3 GB  4.1 MB/s   5m59s[K[A[1Gpulling manifest [K
pulling bdbf939b402e:  56% ▕██████████        ▏ 1.8 GB/3.3 GB  4.1 MB/s   5m59s[K[A[1Gpulling manifest [K
pulling bdbf939b402e:  56% ▕██████████        ▏ 1.8 GB/3.3 GB  4.1 MB/s   5m59s[K[A[1Gpulling manifest [K
pulling bdbf939b402e:  56% ▕██████████        ▏ 1.8 GB/3.3 GB  4.1 MB/s   5m58s[K[A[1Gpulling manifest [K
pulling bdbf939b402e:  56% ▕██████████        ▏ 1.8 GB/3.3 GB  4.1 MB/s   5m58s[K[A[1Gpulling manifest [K
pulling bdbf939b402e:  56% ▕██████████        ▏ 1.8 GB/3.3 GB  4.1 MB/s   5m58s[K[A[1Gpulling manifest [K
pulling bdbf939b402e:  56% ▕██████████        ▏ 1.8 GB/3.3 GB  4.1 MB/s   5m58s[K[A[1Gpulling manifest [K
pulling bdbf939b402e:  56% ▕██████████        ▏ 1.8 GB/3.3 GB  4.2 MB/s   5m50s[K[A[1Gpulling manifest [K
pulling bdbf939b402e:  56% ▕██████████        ▏ 1.8 GB/3.3 GB  4.2 MB/s   5m50s[K[A[1Gpulling manifest [K
pulling bdbf939b402e:  56% ▕██████████        ▏ 1.8 GB/3.3 GB  4.2 MB/s   5m50s[K[A[1Gpulling manifest [K
pulling bdbf939b402e:  56% ▕██████████        ▏ 1.8 GB/3.3 GB  4.2 MB/s   5m50s[K[A[1Gpulling manifest [K
pulling bdbf939b402e:  56% ▕██████████        ▏ 1.8 GB/3.3 GB  4.2 MB/s   5m50s[K[A[1Gpulling manifest [K
pulling bdbf939b402e:  56% ▕██████████        ▏ 1.8 GB/3.3 GB  4.2 MB/s   5m50s[K[A[1Gpulling manifest [K
pulling bdbf939b402e:  56% ▕██████████        ▏ 1.8 GB/3.3 GB  4.2 MB/s   5m50s[K[A[1Gpulling manifest [K
pulling bdbf939b402e:  56% ▕██████████        ▏ 1.8 GB/3.3 GB  4.2 MB/s   5m50s[K[A[1Gpulling manifest [K
pulling bdbf939b402e:  56% ▕██████████        ▏ 1.8 GB/3.3 GB  4.2 MB/s   5m50s[K[A[1Gpulling manifest [K
pulling bdbf939b402e:  56% ▕██████████        ▏ 1.8 GB/3.3 GB  4.2 MB/s   5m49s[K[A[1Gpulling manifest [K
pulling bdbf939b402e:  56% ▕██████████        ▏ 1.8 GB/3.3 GB  4.2 MB/s   5m44s[K[A[1Gpulling manifest [K
pulling bdbf939b402e:  56% ▕██████████        ▏ 1.8 GB/3.3 GB  4.2 MB/s   5m44s[K[A[1Gpulling manifest [K
pulling bdbf939b402e:  56% ▕██████████        ▏ 1.8 GB/3.3 GB  4.2 MB/s   5m44s[K[A[1Gpulling manifest [K
pulling bdbf939b402e:  56% ▕██████████        ▏ 1.8 GB/3.3 GB  4.2 MB/s   5m44s[K[A[1Gpulling manifest [K
pulling bdbf939b402e:  56% ▕██████████        ▏ 1.8 GB/3.3 GB  4.2 MB/s   5m44s[K[A[1Gpulling manifest [K
pulling bdbf939b402e:  56% ▕██████████        ▏ 1.8 GB/3.3 GB  4.2 MB/s   5m44s[K[A[1Gpulling manifest [K
pulling bdbf939b402e:  56% ▕██████████        ▏ 1.8 GB/3.3 GB  4.2 MB/s   5m44s[K[A[1Gpulling manifest [K
pulling bdbf939b402e:  56% ▕██████████        ▏ 1.8 GB/3.3 GB  4.2 MB/s   5m44s[K[A[1Gpulling manifest [K
pulling bdbf939b402e:  56% ▕██████████        ▏ 1.8 GB/3.3 GB  4.2 MB/s   5m44s[K[A[1Gpulling manifest [K
pulling bdbf939b402e:  56% ▕██████████        ▏ 1.9 GB/3.3 GB  4.2 MB/s   5m44s[K[A[1Gpulling manifest [K
pulling bdbf939b402e:  56% ▕██████████        ▏ 1.9 GB/3.3 GB  4.3 MB/s   5m33s[K[A[1Gpulling manifest [K
pulling bdbf939b402e:  56% ▕██████████        ▏ 1.9 GB/3.3 GB  4.3 MB/s   5m33s[K[A[1Gpulling manifest [K
pulling bdbf939b402e:  56% ▕██████████        ▏ 1.9 GB/3.3 GB  4.3 MB/s   5m33s[K[A[1Gpulling manifest [K
pulling bdbf939b402e:  56% ▕██████████        ▏ 1.9 GB/3.3 GB  4.3 MB/s   5m33s[K[A[1Gpulling manifest [K
pulling bdbf939b402e:  56% ▕██████████        ▏ 1.9 GB/3.3 GB  4.3 MB/s   5m33s[K[A[1Gpulling manifest [K
pulling bdbf939b402e:  56% ▕██████████        ▏ 1.9 GB/3.3 GB  4.3 MB/s   5m32s[K[A[1Gpulling manifest [K
pulling bdbf939b402e:  56% ▕██████████        ▏ 1.9 GB/3.3 GB  4.3 MB/s   5m32s[K[A[1Gpulling manifest [K
pulling bdbf939b402e:  56% ▕██████████        ▏ 1.9 GB/3.3 GB  4.3 MB/s   5m32s[K[A[1Gpulling manifest [K
pulling bdbf939b402e:  56% ▕██████████        ▏ 1.9 GB/3.3 GB  4.3 MB/s   5m32s[K[A[1Gpulling manifest [K
pulling bdbf939b402e:  56% ▕██████████        ▏ 1.9 GB/3.3 GB  4.3 MB/s   5m32s[K[A[1Gpulling manifest [K
pulling bdbf939b402e:  56% ▕██████████        ▏ 1.9 GB/3.3 GB  4.4 MB/s   5m30s[K[A[1Gpulling manifest [K
pulling bdbf939b402e:  56% ▕██████████        ▏ 1.9 GB/3.3 GB  4.4 MB/s   5m30s[K[A[1Gpulling manifest [K
pulling bdbf939b402e:  56% ▕██████████        ▏ 1.9 GB/3.3 GB  4.4 MB/s   5m30s[K[A[1Gpulling manifest [K
pulling bdbf939b402e:  56% ▕██████████        ▏ 1.9 GB/3.3 GB  4.4 MB/s   5m30s[K[A[1Gpulling manifest [K
pulling bdbf939b402e:  56% ▕██████████        ▏ 1.9 GB/3.3 GB  4.4 MB/s   5m30s[K[A[1Gpulling manifest [K
pulling bdbf939b402e:  56% ▕██████████        ▏ 1.9 GB/3.3 GB  4.4 MB/s   5m30s[K[A[1Gpulling manifest [K
pulling bdbf939b402e:  56% ▕██████████        ▏ 1.9 GB/3.3 GB  4.4 MB/s   5m30s[K[A[1Gpulling manifest [K
pulling bdbf939b402e:  56% ▕██████████        ▏ 1.9 GB/3.3 GB  4.4 MB/s   5m30s[K[A[1Gpulling manifest [K
pulling bdbf939b402e:  56% ▕██████████        ▏ 1.9 GB/3.3 GB  4.4 MB/s   5m29s[K[A[1Gpulling manifest [K
pulling bdbf939b402e:  56% ▕██████████        ▏ 1.9 GB/3.3 GB  4.4 MB/s   5m29s[K[A[1Gpulling manifest [K
pulling bdbf939b402e:  56% ▕██████████        ▏ 1.9 GB/3.3 GB  4.4 MB/s   5m29s[K[A[1Gpulling manifest [K
pulling bdbf939b402e:  56% ▕██████████        ▏ 1.9 GB/3.3 GB  4.4 MB/s   5m27s[K[A[1Gpulling manifest [K
pulling bdbf939b402e:  56% ▕██████████        ▏ 1.9 GB/3.3 GB  4.4 MB/s   5m27s[K[A[1Gpulling manifest [K
pulling bdbf939b402e:  56% ▕██████████        ▏ 1.9 GB/3.3 GB  4.4 MB/s   5m26s[K[A[1Gpulling manifest [K
pulling bdbf939b402e:  56% ▕██████████        ▏ 1.9 GB/3.3 GB  4.4 MB/s   5m26s[K[A[1Gpulling manifest [K
pulling bdbf939b402e:  56% ▕██████████        ▏ 1.9 GB/3.3 GB  4.4 MB/s   5m26s[K[A[1Gpulling manifest [K
pulling bdbf939b402e:  56% ▕██████████        ▏ 1.9 GB/3.3 GB  4.4 MB/s   5m26s[K[A[1Gpulling manifest [K
pulling bdbf939b402e:  56% ▕██████████        ▏ 1.9 GB/3.3 GB  4.4 MB/s   5m26s[K[A[1Gpulling manifest [K
pulling bdbf939b402e:  56% ▕██████████        ▏ 1.9 GB/3.3 GB  4.4 MB/s   5m26s[K[A[1Gpulling manifest [K
pulling bdbf939b402e:  56% ▕██████████        ▏ 1.9 GB/3.3 GB  4.4 MB/s   5m26s[K[A[1Gpulling manifest [K
pulling bdbf939b402e:  56% ▕██████████        ▏ 1.9 GB/3.3 GB  4.4 MB/s   5m26s[K[A[1Gpulling manifest [K
pulling bdbf939b402e:  57% ▕██████████        ▏ 1.9 GB/3.3 GB  4.4 MB/s   5m24s[K[A[1Gpulling manifest [K
pulling bdbf939b402e:  57% ▕██████████        ▏ 1.9 GB/3.3 GB  4.4 MB/s   5m24s[K[A[1Gpulling manifest [K
pulling bdbf939b402e:  57% ▕██████████        ▏ 1.9 GB/3.3 GB  4.4 MB/s   5m24s[K[A[1Gpulling manifest [K
pulling bdbf939b402e:  57% ▕██████████        ▏ 1.9 GB/3.3 GB  4.4 MB/s   5m24s[K[A[1Gpulling manifest [K
pulling bdbf939b402e:  57% ▕██████████        ▏ 1.9 GB/3.3 GB  4.4 MB/s   5m24s[K[A[1Gpulling manifest [K
pulling bdbf939b402e:  57% ▕██████████        ▏ 1.9 GB/3.3 GB  4.4 MB/s   5m24s[K[A[1Gpulling manifest [K
pulling bdbf939b402e:  57% ▕██████████        ▏ 1.9 GB/3.3 GB  4.4 MB/s   5m24s[K[A[1Gpulling manifest [K
pulling bdbf939b402e:  57% ▕██████████        ▏ 1.9 GB/3.3 GB  4.4 MB/s   5m24s[K[A[1Gpulling manifest [K
pulling bdbf939b402e:  57% ▕██████████        ▏ 1.9 GB/3.3 GB  4.4 MB/s   5m24s[K[A[1Gpulling manifest [K
pulling bdbf939b402e:  57% ▕██████████        ▏ 1.9 GB/3.3 GB  4.4 MB/s   5m23s[K[A[1Gpulling manifest [K
pulling bdbf939b402e:  57% ▕██████████        ▏ 1.9 GB/3.3 GB  4.5 MB/s   5m21s[K[A[1Gpulling manifest [K
pulling bdbf939b402e:  57% ▕██████████        ▏ 1.9 GB/3.3 GB  4.5 MB/s   5m21s[K[A[1Gpulling manifest [K
pulling bdbf939b402e:  57% ▕██████████        ▏ 1.9 GB/3.3 GB  4.5 MB/s   5m20s[K[A[1Gpulling manifest [K
pulling bdbf939b402e:  57% ▕██████████        ▏ 1.9 GB/3.3 GB  4.5 MB/s   5m20s[K[A[1Gpulling manifest [K
pulling bdbf939b402e:  57% ▕██████████        ▏ 1.9 GB/3.3 GB  4.5 MB/s   5m20s[K[A[1Gpulling manifest [K
pulling bdbf939b402e:  57% ▕██████████        ▏ 1.9 GB/3.3 GB  4.5 MB/s   5m20s[K[A[1Gpulling manifest [K
pulling bdbf939b402e:  57% ▕██████████        ▏ 1.9 GB/3.3 GB  4.5 MB/s   5m20s[K[A[1Gpulling manifest [K
pulling bdbf939b402e:  57% ▕██████████        ▏ 1.9 GB/3.3 GB  4.5 MB/s   5m20s[K[A[1Gpulling manifest [K
pulling bdbf939b402e:  57% ▕██████████        ▏ 1.9 GB/3.3 GB  4.5 MB/s   5m20s[K[A[1Gpulling manifest [K
pulling bdbf939b402e:  57% ▕██████████        ▏ 1.9 GB/3.3 GB  4.5 MB/s   5m20s[K[A[1Gpulling manifest [K
pulling bdbf939b402e:  57% ▕██████████        ▏ 1.9 GB/3.3 GB  4.5 MB/s   5m20s[K[A[1Gpulling manifest [K
pulling bdbf939b402e:  57% ▕██████████        ▏ 1.9 GB/3.3 GB  4.5 MB/s   5m20s[K[A[1Gpulling manifest [K
pulling bdbf939b402e:  57% ▕██████████        ▏ 1.9 GB/3.3 GB  4.5 MB/s   5m20s[K[A[1Gpulling manifest [K
pulling bdbf939b402e:  57% ▕██████████        ▏ 1.9 GB/3.3 GB  4.5 MB/s   5m19s[K[A[1Gpulling manifest [K
pulling bdbf939b402e:  57% ▕██████████        ▏ 1.9 GB/3.3 GB  4.5 MB/s   5m19s[K[A[1Gpulling manifest [K
pulling bdbf939b402e:  57% ▕██████████        ▏ 1.9 GB/3.3 GB  4.5 MB/s   5m19s[K[A[1Gpulling manifest [K
pulling bdbf939b402e:  57% ▕██████████        ▏ 1.9 GB/3.3 GB  4.5 MB/s   5m19s[K[A[1Gpulling manifest [K
pulling bdbf939b402e:  57% ▕██████████        ▏ 1.9 GB/3.3 GB  4.5 MB/s   5m19s[K[A[1Gpulling manifest [K
pulling bdbf939b402e:  57% ▕██████████        ▏ 1.9 GB/3.3 GB  4.5 MB/s   5m19s[K[A[1Gpulling manifest [K
pulling bdbf939b402e:  57% ▕██████████        ▏ 1.9 GB/3.3 GB  4.5 MB/s   5m19s[K[A[1Gpulling manifest [K
pulling bdbf939b402e:  57% ▕██████████        ▏ 1.9 GB/3.3 GB  4.5 MB/s   5m16s[K[A[1Gpulling manifest [K
pulling bdbf939b402e:  57% ▕██████████        ▏ 1.9 GB/3.3 GB  4.5 MB/s   5m16s[K[A[1Gpulling manifest [K
pulling bdbf939b402e:  57% ▕██████████        ▏ 1.9 GB/3.3 GB  4.5 MB/s   5m16s[K[A[1Gpulling manifest [K
pulling bdbf939b402e:  57% ▕██████████        ▏ 1.9 GB/3.3 GB  4.5 MB/s   5m16s[K[A[1Gpulling manifest [K
pulling bdbf939b402e:  57% ▕██████████        ▏ 1.9 GB/3.3 GB  4.5 MB/s   5m16s[K[A[1Gpulling manifest [K
pulling bdbf939b402e:  57% ▕██████████        ▏ 1.9 GB/3.3 GB  4.5 MB/s   5m16s[K[A[1Gpulling manifest [K
pulling bdbf939b402e:  57% ▕██████████        ▏ 1.9 GB/3.3 GB  4.5 MB/s   5m16s[K[A[1Gpulling manifest [K
pulling bdbf939b402e:  57% ▕██████████        ▏ 1.9 GB/3.3 GB  4.5 MB/s   5m16s[K[A[1Gpulling manifest [K
pulling bdbf939b402e:  57% ▕██████████        ▏ 1.9 GB/3.3 GB  4.5 MB/s   5m16s[K[A[1Gpulling manifest [K
pulling bdbf939b402e:  57% ▕██████████        ▏ 1.9 GB/3.3 GB  4.5 MB/s   5m16s[K[A[1Gpulling manifest [K
pulling bdbf939b402e:  57% ▕██████████        ▏ 1.9 GB/3.3 GB  4.5 MB/s   5m16s[K[A[1Gpulling manifest [K
pulling bdbf939b402e:  57% ▕██████████        ▏ 1.9 GB/3.3 GB  4.5 MB/s   5m16s[K[A[1Gpulling manifest [K
pulling bdbf939b402e:  57% ▕██████████        ▏ 1.9 GB/3.3 GB  4.5 MB/s   5m16s[K[A[1Gpulling manifest [K
pulling bdbf939b402e:  57% ▕██████████        ▏ 1.9 GB/3.3 GB  4.5 MB/s   5m16s[K[A[1Gpulling manifest [K
pulling bdbf939b402e:  57% ▕██████████        ▏ 1.9 GB/3.3 GB  4.5 MB/s   5m16s[K[A[1Gpulling manifest [K
pulling bdbf939b402e:  57% ▕██████████        ▏ 1.9 GB/3.3 GB  4.5 MB/s   5m16s[K[A[1Gpulling manifest [K
pulling bdbf939b402e:  57% ▕██████████        ▏ 1.9 GB/3.3 GB  4.5 MB/s   5m16s[K[A[1Gpulling manifest [K
pulling bdbf939b402e:  57% ▕██████████        ▏ 1.9 GB/3.3 GB  4.5 MB/s   5m16s[K[A[1Gpulling manifest [K
pulling bdbf939b402e:  57% ▕██████████        ▏ 1.9 GB/3.3 GB  4.5 MB/s   5m16s[K[A[1Gpulling manifest [K
pulling bdbf939b402e:  57% ▕██████████        ▏ 1.9 GB/3.3 GB  4.5 MB/s   5m15s[K[A[1Gpulling manifest [K
pulling bdbf939b402e:  57% ▕██████████        ▏ 1.9 GB/3.3 GB  4.5 MB/s   5m15s[K[A[1Gpulling manifest [K
pulling bdbf939b402e:  57% ▕██████████        ▏ 1.9 GB/3.3 GB  4.5 MB/s   5m14s[K[A[1Gpulling manifest [K
pulling bdbf939b402e:  57% ▕██████████        ▏ 1.9 GB/3.3 GB  4.5 MB/s   5m14s[K[A[1Gpulling manifest [K
pulling bdbf939b402e:  57% ▕██████████        ▏ 1.9 GB/3.3 GB  4.5 MB/s   5m14s[K[A[1Gpulling manifest [K
pulling bdbf939b402e:  57% ▕██████████        ▏ 1.9 GB/3.3 GB  4.5 MB/s   5m14s[K[A[1Gpulling manifest [K
pulling bdbf939b402e:  57% ▕██████████        ▏ 1.9 GB/3.3 GB  4.5 MB/s   5m14s[K[A[1Gpulling manifest [K
pulling bdbf939b402e:  57% ▕██████████        ▏ 1.9 GB/3.3 GB  4.5 MB/s   5m14s[K[A[1Gpulling manifest [K
pulling bdbf939b402e:  57% ▕██████████        ▏ 1.9 GB/3.3 GB  4.5 MB/s   5m14s[K[A[1Gpulling manifest [K
pulling bdbf939b402e:  57% ▕██████████        ▏ 1.9 GB/3.3 GB  4.5 MB/s   5m14s[K[A[1Gpulling manifest [K
pulling bdbf939b402e:  57% ▕██████████        ▏ 1.9 GB/3.3 GB  4.5 MB/s   5m13s[K[A[1Gpulling manifest [K
pulling bdbf939b402e:  57% ▕██████████        ▏ 1.9 GB/3.3 GB  4.5 MB/s   5m13s[K[A[1Gpulling manifest [K
pulling bdbf939b402e:  57% ▕██████████        ▏ 1.9 GB/3.3 GB  4.5 MB/s   5m12s[K[A[1Gpulling manifest [K
pulling bdbf939b402e:  57% ▕██████████        ▏ 1.9 GB/3.3 GB  4.5 MB/s   5m12s[K[A[1Gpulling manifest [K
pulling bdbf939b402e:  57% ▕██████████        ▏ 1.9 GB/3.3 GB  4.5 MB/s   5m12s[K[A[1Gpulling manifest [K
pulling bdbf939b402e:  57% ▕██████████        ▏ 1.9 GB/3.3 GB  4.5 MB/s   5m11s[K[A[1Gpulling manifest [K
pulling bdbf939b402e:  57% ▕██████████        ▏ 1.9 GB/3.3 GB  4.5 MB/s   5m11s[K[A[1Gpulling manifest [K
pulling bdbf939b402e:  57% ▕██████████        ▏ 1.9 GB/3.3 GB  4.5 MB/s   5m11s[K[A[1Gpulling manifest [K
pulling bdbf939b402e:  57% ▕██████████        ▏ 1.9 GB/3.3 GB  4.5 MB/s   5m11s[K[A[1Gpulling manifest [K
pulling bdbf939b402e:  57% ▕██████████        ▏ 1.9 GB/3.3 GB  4.5 MB/s   5m11s[K[A[1Gpulling manifest [K
pulling bdbf939b402e:  57% ▕██████████        ▏ 1.9 GB/3.3 GB  4.5 MB/s   5m11s[K[A[1Gpulling manifest [K
pulling bdbf939b402e:  57% ▕██████████        ▏ 1.9 GB/3.3 GB  4.5 MB/s   5m11s[K[A[1Gpulling manifest [K
pulling bdbf939b402e:  57% ▕██████████        ▏ 1.9 GB/3.3 GB  4.5 MB/s   5m10s[K[A[1Gpulling manifest [K
pulling bdbf939b402e:  57% ▕██████████        ▏ 1.9 GB/3.3 GB  4.5 MB/s   5m10s[K[A[1Gpulling manifest [K
pulling bdbf939b402e:  57% ▕██████████        ▏ 1.9 GB/3.3 GB  4.5 MB/s   5m10s[K[A[1Gpulling manifest [K
pulling bdbf939b402e:  58% ▕██████████        ▏ 1.9 GB/3.3 GB  4.5 MB/s    5m9s[K[A[1Gpulling manifest [K
pulling bdbf939b402e:  58% ▕██████████        ▏ 1.9 GB/3.3 GB  4.5 MB/s    5m9s[K[A[1Gpulling manifest [K
pulling bdbf939b402e:  58% ▕██████████        ▏ 1.9 GB/3.3 GB  4.5 MB/s    5m9s[K[A[1Gpulling manifest [K
pulling bdbf939b402e:  58% ▕██████████        ▏ 1.9 GB/3.3 GB  4.5 MB/s    5m9s[K[A[1Gpulling manifest [K
pulling bdbf939b402e:  58% ▕██████████        ▏ 1.9 GB/3.3 GB  4.5 MB/s    5m9s[K[A[1Gpulling manifest [K
pulling bdbf939b402e:  58% ▕██████████        ▏ 1.9 GB/3.3 GB  4.5 MB/s    5m9s[K[A[1Gpulling manifest [K
pulling bdbf939b402e:  58% ▕██████████        ▏ 1.9 GB/3.3 GB  4.5 MB/s    5m9s[K[A[1Gpulling manifest [K
pulling bdbf939b402e:  58% ▕██████████        ▏ 1.9 GB/3.3 GB  4.5 MB/s    5m8s[K[A[1Gpulling manifest [K
pulling bdbf939b402e:  58% ▕██████████        ▏ 1.9 GB/3.3 GB  4.5 MB/s    5m8s[K[A[1Gpulling manifest [K
pulling bdbf939b402e:  58% ▕██████████        ▏ 1.9 GB/3.3 GB  4.5 MB/s    5m8s[K[A[1Gpulling manifest [K
pulling bdbf939b402e:  58% ▕██████████        ▏ 1.9 GB/3.3 GB  4.5 MB/s    5m8s[K[A[1Gpulling manifest [K
pulling bdbf939b402e:  58% ▕██████████        ▏ 1.9 GB/3.3 GB  4.5 MB/s    5m8s[K[A[1Gpulling manifest [K
pulling bdbf939b402e:  58% ▕██████████        ▏ 1.9 GB/3.3 GB  4.5 MB/s    5m7s[K[A[1Gpulling manifest [K
pulling bdbf939b402e:  58% ▕██████████        ▏ 1.9 GB/3.3 GB  4.5 MB/s    5m7s[K[A[1Gpulling manifest [K
pulling bdbf939b402e:  58% ▕██████████        ▏ 1.9 GB/3.3 GB  4.5 MB/s    5m7s[K[A[1Gpulling manifest [K
pulling bdbf939b402e:  58% ▕██████████        ▏ 1.9 GB/3.3 GB  4.5 MB/s    5m7s[K[A[1Gpulling manifest [K
pulling bdbf939b402e:  58% ▕██████████        ▏ 1.9 GB/3.3 GB  4.5 MB/s    5m7s[K[A[1Gpulling manifest [K
pulling bdbf939b402e:  58% ▕██████████        ▏ 1.9 GB/3.3 GB  4.5 MB/s    5m7s[K[A[1Gpulling manifest [K
pulling bdbf939b402e:  58% ▕██████████        ▏ 1.9 GB/3.3 GB  4.5 MB/s    5m9s[K[A[1Gpulling manifest [K
pulling bdbf939b402e:  58% ▕██████████        ▏ 1.9 GB/3.3 GB  4.5 MB/s    5m9s[K[A[1Gpulling manifest [K
pulling bdbf939b402e:  58% ▕██████████        ▏ 1.9 GB/3.3 GB  4.5 MB/s    5m9s[K[A[1Gpulling manifest [K
pulling bdbf939b402e:  58% ▕██████████        ▏ 1.9 GB/3.3 GB  4.5 MB/s    5m8s[K[A[1Gpulling manifest [K
pulling bdbf939b402e:  58% ▕██████████        ▏ 1.9 GB/3.3 GB  4.5 MB/s    5m8s[K[A[1Gpulling manifest [K
pulling bdbf939b402e:  58% ▕██████████        ▏ 1.9 GB/3.3 GB  4.5 MB/s    5m8s[K[A[1Gpulling manifest [K
pulling bdbf939b402e:  58% ▕██████████        ▏ 1.9 GB/3.3 GB  4.5 MB/s    5m8s[K[A[1Gpulling manifest [K
pulling bdbf939b402e:  58% ▕██████████        ▏ 1.9 GB/3.3 GB  4.5 MB/s    5m8s[K[A[1Gpulling manifest [K
pulling bdbf939b402e:  58% ▕██████████        ▏ 1.9 GB/3.3 GB  4.5 MB/s    5m8s[K[A[1Gpulling manifest [K
pulling bdbf939b402e:  58% ▕██████████        ▏ 1.9 GB/3.3 GB  4.5 MB/s    5m8s[K[A[1Gpulling manifest [K
pulling bdbf939b402e:  58% ▕██████████        ▏ 1.9 GB/3.3 GB  4.4 MB/s   5m15s[K[A[1Gpulling manifest [K
pulling bdbf939b402e:  58% ▕██████████        ▏ 1.9 GB/3.3 GB  4.4 MB/s   5m15s[K[A[1Gpulling manifest [K
pulling bdbf939b402e:  58% ▕██████████        ▏ 1.9 GB/3.3 GB  4.4 MB/s   5m14s[K[A[1Gpulling manifest [K
pulling bdbf939b402e:  58% ▕██████████        ▏ 1.9 GB/3.3 GB  4.4 MB/s   5m14s[K[A[1Gpulling manifest [K
pulling bdbf939b402e:  58% ▕██████████        ▏ 1.9 GB/3.3 GB  4.4 MB/s   5m14s[K[A[1Gpulling manifest [K
pulling bdbf939b402e:  58% ▕██████████        ▏ 1.9 GB/3.3 GB  4.4 MB/s   5m14s[K[A[1Gpulling manifest [K
pulling bdbf939b402e:  58% ▕██████████        ▏ 1.9 GB/3.3 GB  4.4 MB/s   5m14s[K[A[1Gpulling manifest [K
pulling bdbf939b402e:  58% ▕██████████        ▏ 1.9 GB/3.3 GB  4.4 MB/s   5m14s[K[A[1Gpulling manifest [K
pulling bdbf939b402e:  58% ▕██████████        ▏ 1.9 GB/3.3 GB  4.4 MB/s   5m14s[K[A[1Gpulling manifest [K
pulling bdbf939b402e:  58% ▕██████████        ▏ 1.9 GB/3.3 GB  4.4 MB/s   5m14s[K[A[1Gpulling manifest [K
pulling bdbf939b402e:  58% ▕██████████        ▏ 1.9 GB/3.3 GB  4.4 MB/s   5m13s[K[A[1Gpulling manifest [K
pulling bdbf939b402e:  58% ▕██████████        ▏ 1.9 GB/3.3 GB  4.4 MB/s   5m13s[K[A[1Gpulling manifest [K
pulling bdbf939b402e:  58% ▕██████████        ▏ 1.9 GB/3.3 GB  4.4 MB/s   5m13s[K[A[1Gpulling manifest [K
pulling bdbf939b402e:  58% ▕██████████        ▏ 1.9 GB/3.3 GB  4.4 MB/s   5m13s[K[A[1Gpulling manifest [K
pulling bdbf939b402e:  58% ▕██████████        ▏ 1.9 GB/3.3 GB  4.4 MB/s   5m12s[K[A[1Gpulling manifest [K
pulling bdbf939b402e:  58% ▕██████████        ▏ 1.9 GB/3.3 GB  4.4 MB/s   5m12s[K[A[1Gpulling manifest [K
pulling bdbf939b402e:  58% ▕██████████        ▏ 1.9 GB/3.3 GB  4.4 MB/s   5m12s[K[A[1Gpulling manifest [K
pulling bdbf939b402e:  58% ▕██████████        ▏ 1.9 GB/3.3 GB  4.4 MB/s   5m12s[K[A[1Gpulling manifest [K
pulling bdbf939b402e:  58% ▕██████████        ▏ 1.9 GB/3.3 GB  4.4 MB/s   5m12s[K[A[1Gpulling manifest [K
pulling bdbf939b402e:  58% ▕██████████        ▏ 1.9 GB/3.3 GB  4.4 MB/s   5m12s[K[A[1Gpulling manifest [K
pulling bdbf939b402e:  58% ▕██████████        ▏ 1.9 GB/3.3 GB  4.4 MB/s   5m10s[K[A[1Gpulling manifest [K
pulling bdbf939b402e:  58% ▕██████████        ▏ 1.9 GB/3.3 GB  4.4 MB/s   5m10s[K[A[1Gpulling manifest [K
pulling bdbf939b402e:  58% ▕██████████        ▏ 1.9 GB/3.3 GB  4.4 MB/s   5m10s[K[A[1Gpulling manifest [K
pulling bdbf939b402e:  58% ▕██████████        ▏ 1.9 GB/3.3 GB  4.4 MB/s   5m10s[K[A[1Gpulling manifest [K
pulling bdbf939b402e:  58% ▕██████████        ▏ 1.9 GB/3.3 GB  4.4 MB/s    5m9s[K[A[1Gpulling manifest [K
pulling bdbf939b402e:  58% ▕██████████        ▏ 1.9 GB/3.3 GB  4.4 MB/s    5m9s[K[A[1Gpulling manifest [K
pulling bdbf939b402e:  58% ▕██████████        ▏ 1.9 GB/3.3 GB  4.4 MB/s    5m9s[K[A[1Gpulling manifest [K
pulling bdbf939b402e:  58% ▕██████████        ▏ 1.9 GB/3.3 GB  4.4 MB/s    5m9s[K[A[1Gpulling manifest [K
pulling bdbf939b402e:  58% ▕██████████        ▏ 1.9 GB/3.3 GB  4.4 MB/s    5m9s[K[A[1Gpulling manifest [K
pulling bdbf939b402e:  58% ▕██████████        ▏ 1.9 GB/3.3 GB  4.4 MB/s    5m9s[K[A[1Gpulling manifest [K
pulling bdbf939b402e:  58% ▕██████████        ▏ 1.9 GB/3.3 GB  4.5 MB/s    5m6s[K[A[1Gpulling manifest [K
pulling bdbf939b402e:  58% ▕██████████        ▏ 1.9 GB/3.3 GB  4.5 MB/s    5m6s[K[A[1Gpulling manifest [K
pulling bdbf939b402e:  58% ▕██████████        ▏ 1.9 GB/3.3 GB  4.5 MB/s    5m6s[K[A[1Gpulling manifest [K
pulling bdbf939b402e:  58% ▕██████████        ▏ 1.9 GB/3.3 GB  4.5 MB/s    5m6s[K[A[1Gpulling manifest [K
pulling bdbf939b402e:  58% ▕██████████        ▏ 1.9 GB/3.3 GB  4.5 MB/s    5m6s[K[A[1Gpulling manifest [K
pulling bdbf939b402e:  58% ▕██████████        ▏ 1.9 GB/3.3 GB  4.5 MB/s    5m6s[K[A[1Gpulling manifest [K
pulling bdbf939b402e:  58% ▕██████████        ▏ 1.9 GB/3.3 GB  4.5 MB/s    5m6s[K[A[1Gpulling manifest [K
pulling bdbf939b402e:  58% ▕██████████        ▏ 1.9 GB/3.3 GB  4.5 MB/s    5m6s[K[A[1Gpulling manifest [K
pulling bdbf939b402e:  58% ▕██████████        ▏ 1.9 GB/3.3 GB  4.5 MB/s    5m6s[K[A[1Gpulling manifest [K
pulling bdbf939b402e:  58% ▕██████████        ▏ 1.9 GB/3.3 GB  4.5 MB/s    5m5s[K[A[1Gpulling manifest [K
pulling bdbf939b402e:  58% ▕██████████        ▏ 1.9 GB/3.3 GB  4.5 MB/s    5m5s[K[A[1Gpulling manifest [K
pulling bdbf939b402e:  58% ▕██████████        ▏ 1.9 GB/3.3 GB  4.5 MB/s    5m5s[K[A[1Gpulling manifest [K
pulling bdbf939b402e:  58% ▕██████████        ▏ 1.9 GB/3.3 GB  4.5 MB/s    5m5s[K[A[1Gpulling manifest [K
pulling bdbf939b402e:  58% ▕██████████        ▏ 1.9 GB/3.3 GB  4.5 MB/s    5m5s[K[A[1Gpulling manifest [K
pulling bdbf939b402e:  58% ▕██████████        ▏ 1.9 GB/3.3 GB  4.5 MB/s    5m5s[K[A[1Gpulling manifest [K
pulling bdbf939b402e:  58% ▕██████████        ▏ 1.9 GB/3.3 GB  4.5 MB/s    5m5s[K[A[1Gpulling manifest [K
pulling bdbf939b402e:  58% ▕██████████        ▏ 1.9 GB/3.3 GB  4.5 MB/s    5m5s[K[A[1Gpulling manifest [K
pulling bdbf939b402e:  59% ▕██████████        ▏ 1.9 GB/3.3 GB  4.5 MB/s    5m5s[K[A[1Gpulling manifest [K
pulling bdbf939b402e:  59% ▕██████████        ▏ 1.9 GB/3.3 GB  4.5 MB/s    5m5s[K[A[1Gpulling manifest [K
pulling bdbf939b402e:  59% ▕██████████        ▏ 1.9 GB/3.3 GB  4.5 MB/s    5m5s[K[A[1Gpulling manifest [K
pulling bdbf939b402e:  59% ▕██████████        ▏ 1.9 GB/3.3 GB  4.5 MB/s    5m4s[K[A[1Gpulling manifest [K
pulling bdbf939b402e:  59% ▕██████████        ▏ 1.9 GB/3.3 GB  4.5 MB/s    5m3s[K[A[1Gpulling manifest [K
pulling bdbf939b402e:  59% ▕██████████        ▏ 1.9 GB/3.3 GB  4.5 MB/s    5m3s[K[A[1Gpulling manifest [K
pulling bdbf939b402e:  59% ▕██████████        ▏ 1.9 GB/3.3 GB  4.5 MB/s    5m3s[K[A[1Gpulling manifest [K
pulling bdbf939b402e:  59% ▕██████████        ▏ 1.9 GB/3.3 GB  4.5 MB/s    5m3s[K[A[1Gpulling manifest [K
pulling bdbf939b402e:  59% ▕██████████        ▏ 1.9 GB/3.3 GB  4.5 MB/s    5m3s[K[A[1Gpulling manifest [K
pulling bdbf939b402e:  59% ▕██████████        ▏ 1.9 GB/3.3 GB  4.5 MB/s    5m3s[K[A[1Gpulling manifest [K
pulling bdbf939b402e:  59% ▕██████████        ▏ 1.9 GB/3.3 GB  4.5 MB/s    5m2s[K[A[1Gpulling manifest [K
pulling bdbf939b402e:  59% ▕██████████        ▏ 1.9 GB/3.3 GB  4.5 MB/s    5m2s[K[A[1Gpulling manifest [K
pulling bdbf939b402e:  59% ▕██████████        ▏ 1.9 GB/3.3 GB  4.5 MB/s    5m2s[K[A[1Gpulling manifest [K
pulling bdbf939b402e:  59% ▕██████████        ▏ 1.9 GB/3.3 GB  4.5 MB/s    5m2s[K[A[1Gpulling manifest [K
pulling bdbf939b402e:  59% ▕██████████        ▏ 1.9 GB/3.3 GB  4.5 MB/s   4m59s[K[A[1Gpulling manifest [K
pulling bdbf939b402e:  59% ▕██████████        ▏ 1.9 GB/3.3 GB  4.5 MB/s   4m59s[K[A[1Gpulling manifest [K
pulling bdbf939b402e:  59% ▕██████████        ▏ 1.9 GB/3.3 GB  4.5 MB/s   4m59s[K[A[1Gpulling manifest [K
pulling bdbf939b402e:  59% ▕██████████        ▏ 1.9 GB/3.3 GB  4.5 MB/s   4m59s[K[A[1Gpulling manifest [K
pulling bdbf939b402e:  59% ▕██████████        ▏ 1.9 GB/3.3 GB  4.5 MB/s   4m59s[K[A[1Gpulling manifest [K
pulling bdbf939b402e:  59% ▕██████████        ▏ 1.9 GB/3.3 GB  4.5 MB/s   4m59s[K[A[1Gpulling manifest [K
pulling bdbf939b402e:  59% ▕██████████        ▏ 1.9 GB/3.3 GB  4.5 MB/s   4m59s[K[A[1Gpulling manifest [K
pulling bdbf939b402e:  59% ▕██████████        ▏ 1.9 GB/3.3 GB  4.5 MB/s   4m59s[K[A[1Gpulling manifest [K
pulling bdbf939b402e:  59% ▕██████████        ▏ 1.9 GB/3.3 GB  4.5 MB/s   4m59s[K[A[1Gpulling manifest [K
pulling bdbf939b402e:  59% ▕██████████        ▏ 1.9 GB/3.3 GB  4.5 MB/s   4m58s[K[A[1Gpulling manifest [K
pulling bdbf939b402e:  59% ▕██████████        ▏ 1.9 GB/3.3 GB  4.6 MB/s   4m56s[K[A[1Gpulling manifest [K
pulling bdbf939b402e:  59% ▕██████████        ▏ 1.9 GB/3.3 GB  4.6 MB/s   4m56s[K[A[1Gpulling manifest [K
pulling bdbf939b402e:  59% ▕██████████        ▏ 1.9 GB/3.3 GB  4.6 MB/s   4m56s[K[A[1Gpulling manifest [K
pulling bdbf939b402e:  59% ▕██████████        ▏ 1.9 GB/3.3 GB  4.6 MB/s   4m56s[K[A[1Gpulling manifest [K
pulling bdbf939b402e:  59% ▕██████████        ▏ 1.9 GB/3.3 GB  4.6 MB/s   4m56s[K[A[1Gpulling manifest [K
pulling bdbf939b402e:  59% ▕██████████        ▏ 1.9 GB/3.3 GB  4.6 MB/s   4m56s[K[A[1Gpulling manifest [K
pulling bdbf939b402e:  59% ▕██████████        ▏ 1.9 GB/3.3 GB  4.6 MB/s   4m56s[K[A[1Gpulling manifest [K
pulling bdbf939b402e:  59% ▕██████████        ▏ 1.9 GB/3.3 GB  4.6 MB/s   4m56s[K[A[1Gpulling manifest [K
pulling bdbf939b402e:  59% ▕██████████        ▏ 1.9 GB/3.3 GB  4.6 MB/s   4m56s[K[A[1Gpulling manifest [K
pulling bdbf939b402e:  59% ▕██████████        ▏ 1.9 GB/3.3 GB  4.6 MB/s   4m56s[K[A[1Gpulling manifest [K
pulling bdbf939b402e:  59% ▕██████████        ▏ 1.9 GB/3.3 GB  4.6 MB/s   4m51s[K[A[1Gpulling manifest [K
pulling bdbf939b402e:  59% ▕██████████        ▏ 1.9 GB/3.3 GB  4.6 MB/s   4m51s[K[A[1Gpulling manifest [K
pulling bdbf939b402e:  59% ▕██████████        ▏ 1.9 GB/3.3 GB  4.6 MB/s   4m51s[K[A[1Gpulling manifest [K
pulling bdbf939b402e:  59% ▕██████████        ▏ 1.9 GB/3.3 GB  4.6 MB/s   4m51s[K[A[1Gpulling manifest [K
pulling bdbf939b402e:  59% ▕██████████        ▏ 1.9 GB/3.3 GB  4.6 MB/s   4m51s[K[A[1Gpulling manifest [K
pulling bdbf939b402e:  59% ▕██████████        ▏ 1.9 GB/3.3 GB  4.6 MB/s   4m51s[K[A[1Gpulling manifest [K
pulling bdbf939b402e:  59% ▕██████████        ▏ 1.9 GB/3.3 GB  4.6 MB/s   4m51s[K[A[1Gpulling manifest [K
pulling bdbf939b402e:  59% ▕██████████        ▏ 1.9 GB/3.3 GB  4.6 MB/s   4m51s[K[A[1Gpulling manifest [K
pulling bdbf939b402e:  59% ▕██████████        ▏ 1.9 GB/3.3 GB  4.6 MB/s   4m50s[K[A[1Gpulling manifest [K
pulling bdbf939b402e:  59% ▕██████████        ▏ 2.0 GB/3.3 GB  4.6 MB/s   4m50s[K[A[1Gpulling manifest [K
pulling bdbf939b402e:  59% ▕██████████        ▏ 2.0 GB/3.3 GB  4.6 MB/s   4m50s[K[A[1Gpulling manifest [K
pulling bdbf939b402e:  59% ▕██████████        ▏ 2.0 GB/3.3 GB  4.7 MB/s   4m48s[K[A[1Gpulling manifest [K
pulling bdbf939b402e:  59% ▕██████████        ▏ 2.0 GB/3.3 GB  4.7 MB/s   4m48s[K[A[1Gpulling manifest [K
pulling bdbf939b402e:  59% ▕██████████        ▏ 2.0 GB/3.3 GB  4.7 MB/s   4m47s[K[A[1Gpulling manifest [K
pulling bdbf939b402e:  59% ▕██████████        ▏ 2.0 GB/3.3 GB  4.7 MB/s   4m47s[K[A[1Gpulling manifest [K
pulling bdbf939b402e:  59% ▕██████████        ▏ 2.0 GB/3.3 GB  4.7 MB/s   4m47s[K[A[1Gpulling manifest [K
pulling bdbf939b402e:  59% ▕██████████        ▏ 2.0 GB/3.3 GB  4.7 MB/s   4m47s[K[A[1Gpulling manifest [K
pulling bdbf939b402e:  59% ▕██████████        ▏ 2.0 GB/3.3 GB  4.7 MB/s   4m47s[K[A[1Gpulling manifest [K
pulling bdbf939b402e:  59% ▕██████████        ▏ 2.0 GB/3.3 GB  4.7 MB/s   4m47s[K[A[1Gpulling manifest [K
pulling bdbf939b402e:  59% ▕██████████        ▏ 2.0 GB/3.3 GB  4.7 MB/s   4m47s[K[A[1Gpulling manifest [K
pulling bdbf939b402e:  59% ▕██████████        ▏ 2.0 GB/3.3 GB  4.7 MB/s   4m47s[K[A[1Gpulling manifest [K
pulling bdbf939b402e:  59% ▕██████████        ▏ 2.0 GB/3.3 GB  4.7 MB/s   4m46s[K[A[1Gpulling manifest [K
pulling bdbf939b402e:  59% ▕██████████        ▏ 2.0 GB/3.3 GB  4.7 MB/s   4m46s[K[A[1Gpulling manifest [K
pulling bdbf939b402e:  59% ▕██████████        ▏ 2.0 GB/3.3 GB  4.7 MB/s   4m45s[K[A[1Gpulling manifest [K
pulling bdbf939b402e:  59% ▕██████████        ▏ 2.0 GB/3.3 GB  4.7 MB/s   4m45s[K[A[1Gpulling manifest [K
pulling bdbf939b402e:  59% ▕██████████        ▏ 2.0 GB/3.3 GB  4.7 MB/s   4m45s[K[A[1Gpulling manifest [K
pulling bdbf939b402e:  59% ▕██████████        ▏ 2.0 GB/3.3 GB  4.7 MB/s   4m45s[K[A[1Gpulling manifest [K
pulling bdbf939b402e:  59% ▕██████████        ▏ 2.0 GB/3.3 GB  4.7 MB/s   4m45s[K[A[1Gpulling manifest [K
pulling bdbf939b402e:  59% ▕██████████        ▏ 2.0 GB/3.3 GB  4.7 MB/s   4m45s[K[A[1Gpulling manifest [K
pulling bdbf939b402e:  59% ▕██████████        ▏ 2.0 GB/3.3 GB  4.7 MB/s   4m45s[K[A[1Gpulling manifest [K
pulling bdbf939b402e:  59% ▕██████████        ▏ 2.0 GB/3.3 GB  4.7 MB/s   4m45s[K[A[1Gpulling manifest [K
pulling bdbf939b402e:  59% ▕██████████        ▏ 2.0 GB/3.3 GB  4.7 MB/s   4m44s[K[A[1Gpulling manifest [K
pulling bdbf939b402e:  59% ▕██████████        ▏ 2.0 GB/3.3 GB  4.7 MB/s   4m44s[K[A[1Gpulling manifest [K
pulling bdbf939b402e:  59% ▕██████████        ▏ 2.0 GB/3.3 GB  4.7 MB/s   4m44s[K[A[1Gpulling manifest [K
pulling bdbf939b402e:  59% ▕██████████        ▏ 2.0 GB/3.3 GB  4.7 MB/s   4m44s[K[A[1Gpulling manifest [K
pulling bdbf939b402e:  59% ▕██████████        ▏ 2.0 GB/3.3 GB  4.7 MB/s   4m44s[K[A[1Gpulling manifest [K
pulling bdbf939b402e:  59% ▕██████████        ▏ 2.0 GB/3.3 GB  4.7 MB/s   4m44s[K[A[1Gpulling manifest [K
pulling bdbf939b402e:  59% ▕██████████        ▏ 2.0 GB/3.3 GB  4.7 MB/s   4m44s[K[A[1Gpulling manifest [K
pulling bdbf939b402e:  60% ▕██████████        ▏ 2.0 GB/3.3 GB  4.7 MB/s   4m44s[K[A[1Gpulling manifest [K
pulling bdbf939b402e:  60% ▕██████████        ▏ 2.0 GB/3.3 GB  4.7 MB/s   4m44s[K[A[1Gpulling manifest [K
pulling bdbf939b402e:  60% ▕██████████        ▏ 2.0 GB/3.3 GB  4.7 MB/s   4m43s[K[A[1Gpulling manifest [K
pulling bdbf939b402e:  60% ▕██████████        ▏ 2.0 GB/3.3 GB  4.7 MB/s   4m44s[K[A[1Gpulling manifest [K
pulling bdbf939b402e:  60% ▕██████████        ▏ 2.0 GB/3.3 GB  4.7 MB/s   4m44s[K[A[1Gpulling manifest [K
pulling bdbf939b402e:  60% ▕██████████        ▏ 2.0 GB/3.3 GB  4.7 MB/s   4m44s[K[A[1Gpulling manifest [K
pulling bdbf939b402e:  60% ▕██████████        ▏ 2.0 GB/3.3 GB  4.7 MB/s   4m44s[K[A[1Gpulling manifest [K
pulling bdbf939b402e:  60% ▕██████████        ▏ 2.0 GB/3.3 GB  4.7 MB/s   4m44s[K[A[1Gpulling manifest [K
pulling bdbf939b402e:  60% ▕██████████        ▏ 2.0 GB/3.3 GB  4.7 MB/s   4m44s[K[A[1Gpulling manifest [K
pulling bdbf939b402e:  60% ▕██████████        ▏ 2.0 GB/3.3 GB  4.7 MB/s   4m44s[K[A[1Gpulling manifest [K
pulling bdbf939b402e:  60% ▕██████████        ▏ 2.0 GB/3.3 GB  4.7 MB/s   4m43s[K[A[1Gpulling manifest [K
pulling bdbf939b402e:  60% ▕██████████        ▏ 2.0 GB/3.3 GB  4.7 MB/s   4m43s[K[A[1Gpulling manifest [K
pulling bdbf939b402e:  60% ▕██████████        ▏ 2.0 GB/3.3 GB  4.7 MB/s   4m43s[K[A[1Gpulling manifest [K
pulling bdbf939b402e:  60% ▕██████████        ▏ 2.0 GB/3.3 GB  4.7 MB/s   4m43s[K[A[1Gpulling manifest [K
pulling bdbf939b402e:  60% ▕██████████        ▏ 2.0 GB/3.3 GB  4.7 MB/s   4m43s[K[A[1Gpulling manifest [K
pulling bdbf939b402e:  60% ▕██████████        ▏ 2.0 GB/3.3 GB  4.7 MB/s   4m42s[K[A[1Gpulling manifest [K
pulling bdbf939b402e:  60% ▕██████████        ▏ 2.0 GB/3.3 GB  4.7 MB/s   4m42s[K[A[1Gpulling manifest [K
pulling bdbf939b402e:  60% ▕██████████        ▏ 2.0 GB/3.3 GB  4.7 MB/s   4m42s[K[A[1Gpulling manifest [K
pulling bdbf939b402e:  60% ▕██████████        ▏ 2.0 GB/3.3 GB  4.7 MB/s   4m42s[K[A[1Gpulling manifest [K
pulling bdbf939b402e:  60% ▕██████████        ▏ 2.0 GB/3.3 GB  4.7 MB/s   4m42s[K[A[1Gpulling manifest [K
pulling bdbf939b402e:  60% ▕██████████        ▏ 2.0 GB/3.3 GB  4.7 MB/s   4m42s[K[A[1Gpulling manifest [K
pulling bdbf939b402e:  60% ▕██████████        ▏ 2.0 GB/3.3 GB  4.7 MB/s   4m42s[K[A[1Gpulling manifest [K
pulling bdbf939b402e:  60% ▕██████████        ▏ 2.0 GB/3.3 GB  4.7 MB/s   4m42s[K[A[1Gpulling manifest [K
pulling bdbf939b402e:  60% ▕██████████        ▏ 2.0 GB/3.3 GB  4.7 MB/s   4m42s[K[A[1Gpulling manifest [K
pulling bdbf939b402e:  60% ▕██████████        ▏ 2.0 GB/3.3 GB  4.7 MB/s   4m42s[K[A[1Gpulling manifest [K
pulling bdbf939b402e:  60% ▕██████████        ▏ 2.0 GB/3.3 GB  4.7 MB/s   4m42s[K[A[1Gpulling manifest [K
pulling bdbf939b402e:  60% ▕██████████        ▏ 2.0 GB/3.3 GB  4.7 MB/s   4m42s[K[A[1Gpulling manifest [K
pulling bdbf939b402e:  60% ▕██████████        ▏ 2.0 GB/3.3 GB  4.7 MB/s   4m42s[K[A[1Gpulling manifest [K
pulling bdbf939b402e:  60% ▕██████████        ▏ 2.0 GB/3.3 GB  4.7 MB/s   4m42s[K[A[1Gpulling manifest [K
pulling bdbf939b402e:  60% ▕██████████        ▏ 2.0 GB/3.3 GB  4.7 MB/s   4m42s[K[A[1Gpulling manifest [K
pulling bdbf939b402e:  60% ▕██████████        ▏ 2.0 GB/3.3 GB  4.7 MB/s   4m42s[K[A[1Gpulling manifest [K
pulling bdbf939b402e:  60% ▕██████████        ▏ 2.0 GB/3.3 GB  4.7 MB/s   4m41s[K[A[1Gpulling manifest [K
pulling bdbf939b402e:  60% ▕██████████        ▏ 2.0 GB/3.3 GB  4.7 MB/s   4m41s[K[A[1Gpulling manifest [K
pulling bdbf939b402e:  60% ▕██████████        ▏ 2.0 GB/3.3 GB  4.7 MB/s   4m41s[K[A[1Gpulling manifest [K
pulling bdbf939b402e:  60% ▕██████████        ▏ 2.0 GB/3.3 GB  4.6 MB/s   4m46s[K[A[1Gpulling manifest [K
pulling bdbf939b402e:  60% ▕██████████        ▏ 2.0 GB/3.3 GB  4.6 MB/s   4m46s[K[A[1Gpulling manifest [K
pulling bdbf939b402e:  60% ▕██████████        ▏ 2.0 GB/3.3 GB  4.6 MB/s   4m46s[K[A[1Gpulling manifest [K
pulling bdbf939b402e:  60% ▕██████████        ▏ 2.0 GB/3.3 GB  4.6 MB/s   4m46s[K[A[1Gpulling manifest [K
pulling bdbf939b402e:  60% ▕██████████        ▏ 2.0 GB/3.3 GB  4.6 MB/s   4m46s[K[A[1Gpulling manifest [K
pulling bdbf939b402e:  60% ▕██████████        ▏ 2.0 GB/3.3 GB  4.6 MB/s   4m46s[K[A[1Gpulling manifest [K
pulling bdbf939b402e:  60% ▕██████████        ▏ 2.0 GB/3.3 GB  4.6 MB/s   4m46s[K[A[1Gpulling manifest [K
pulling bdbf939b402e:  60% ▕██████████        ▏ 2.0 GB/3.3 GB  4.6 MB/s   4m46s[K[A[1Gpulling manifest [K
pulling bdbf939b402e:  60% ▕██████████        ▏ 2.0 GB/3.3 GB  4.6 MB/s   4m46s[K[A[1Gpulling manifest [K
pulling bdbf939b402e:  60% ▕██████████        ▏ 2.0 GB/3.3 GB  4.6 MB/s   4m45s[K[A[1Gpulling manifest [K
pulling bdbf939b402e:  60% ▕██████████        ▏ 2.0 GB/3.3 GB  4.6 MB/s   4m44s[K[A[1Gpulling manifest [K
pulling bdbf939b402e:  60% ▕██████████        ▏ 2.0 GB/3.3 GB  4.6 MB/s   4m44s[K[A[1Gpulling manifest [K
pulling bdbf939b402e:  60% ▕██████████        ▏ 2.0 GB/3.3 GB  4.6 MB/s   4m44s[K[A[1Gpulling manifest [K
pulling bdbf939b402e:  60% ▕██████████        ▏ 2.0 GB/3.3 GB  4.6 MB/s   4m44s[K[A[1Gpulling manifest [K
pulling bdbf939b402e:  60% ▕██████████        ▏ 2.0 GB/3.3 GB  4.6 MB/s   4m44s[K[A[1Gpulling manifest [K
pulling bdbf939b402e:  60% ▕██████████        ▏ 2.0 GB/3.3 GB  4.6 MB/s   4m44s[K[A[1Gpulling manifest [K
pulling bdbf939b402e:  60% ▕██████████        ▏ 2.0 GB/3.3 GB  4.6 MB/s   4m44s[K[A[1Gpulling manifest [K
pulling bdbf939b402e:  60% ▕██████████        ▏ 2.0 GB/3.3 GB  4.6 MB/s   4m43s[K[A[1Gpulling manifest [K
pulling bdbf939b402e:  60% ▕██████████        ▏ 2.0 GB/3.3 GB  4.6 MB/s   4m43s[K[A[1Gpulling manifest [K
pulling bdbf939b402e:  60% ▕██████████        ▏ 2.0 GB/3.3 GB  4.6 MB/s   4m43s[K[A[1Gpulling manifest [K
pulling bdbf939b402e:  60% ▕██████████        ▏ 2.0 GB/3.3 GB  4.6 MB/s   4m43s[K[A[1Gpulling manifest [K
pulling bdbf939b402e:  60% ▕██████████        ▏ 2.0 GB/3.3 GB  4.6 MB/s   4m43s[K[A[1Gpulling manifest [K
pulling bdbf939b402e:  60% ▕██████████        ▏ 2.0 GB/3.3 GB  4.6 MB/s   4m43s[K[A[1Gpulling manifest [K
pulling bdbf939b402e:  60% ▕██████████        ▏ 2.0 GB/3.3 GB  4.6 MB/s   4m43s[K[A[1Gpulling manifest [K
pulling bdbf939b402e:  60% ▕██████████        ▏ 2.0 GB/3.3 GB  4.6 MB/s   4m42s[K[A[1Gpulling manifest [K
pulling bdbf939b402e:  60% ▕██████████        ▏ 2.0 GB/3.3 GB  4.6 MB/s   4m42s[K[A[1Gpulling manifest [K
pulling bdbf939b402e:  60% ▕██████████        ▏ 2.0 GB/3.3 GB  4.6 MB/s   4m42s[K[A[1Gpulling manifest [K
pulling bdbf939b402e:  60% ▕██████████        ▏ 2.0 GB/3.3 GB  4.6 MB/s   4m42s[K[A[1Gpulling manifest [K
pulling bdbf939b402e:  60% ▕██████████        ▏ 2.0 GB/3.3 GB  4.6 MB/s   4m42s[K[A[1Gpulling manifest [K
pulling bdbf939b402e:  60% ▕██████████        ▏ 2.0 GB/3.3 GB  4.6 MB/s   4m42s[K[A[1Gpulling manifest [K
pulling bdbf939b402e:  60% ▕██████████        ▏ 2.0 GB/3.3 GB  4.7 MB/s   4m38s[K[A[1Gpulling manifest [K
pulling bdbf939b402e:  60% ▕██████████        ▏ 2.0 GB/3.3 GB  4.7 MB/s   4m38s[K[A[1Gpulling manifest [K
pulling bdbf939b402e:  60% ▕██████████        ▏ 2.0 GB/3.3 GB  4.7 MB/s   4m37s[K[A[1Gpulling manifest [K
pulling bdbf939b402e:  60% ▕██████████        ▏ 2.0 GB/3.3 GB  4.7 MB/s   4m37s[K[A[1Gpulling manifest [K
pulling bdbf939b402e:  60% ▕██████████        ▏ 2.0 GB/3.3 GB  4.7 MB/s   4m37s[K[A[1Gpulling manifest [K
pulling bdbf939b402e:  60% ▕██████████        ▏ 2.0 GB/3.3 GB  4.7 MB/s   4m37s[K[A[1Gpulling manifest [K
pulling bdbf939b402e:  61% ▕██████████        ▏ 2.0 GB/3.3 GB  4.7 MB/s   4m37s[K[A[1Gpulling manifest [K
pulling bdbf939b402e:  61% ▕██████████        ▏ 2.0 GB/3.3 GB  4.7 MB/s   4m37s[K[A[1Gpulling manifest [K
pulling bdbf939b402e:  61% ▕██████████        ▏ 2.0 GB/3.3 GB  4.7 MB/s   4m37s[K[A[1Gpulling manifest [K
pulling bdbf939b402e:  61% ▕██████████        ▏ 2.0 GB/3.3 GB  4.7 MB/s   4m37s[K[A[1Gpulling manifest [K
pulling bdbf939b402e:  61% ▕██████████        ▏ 2.0 GB/3.3 GB  4.7 MB/s   4m37s[K[A[1Gpulling manifest [K
pulling bdbf939b402e:  61% ▕██████████        ▏ 2.0 GB/3.3 GB  4.7 MB/s   4m35s[K[A[1Gpulling manifest [K
pulling bdbf939b402e:  61% ▕██████████        ▏ 2.0 GB/3.3 GB  4.7 MB/s   4m35s[K[A[1Gpulling manifest [K
pulling bdbf939b402e:  61% ▕██████████        ▏ 2.0 GB/3.3 GB  4.7 MB/s   4m35s[K[A[1Gpulling manifest [K
pulling bdbf939b402e:  61% ▕██████████        ▏ 2.0 GB/3.3 GB  4.7 MB/s   4m35s[K[A[1Gpulling manifest [K
pulling bdbf939b402e:  61% ▕██████████        ▏ 2.0 GB/3.3 GB  4.7 MB/s   4m35s[K[A[1Gpulling manifest [K
pulling bdbf939b402e:  61% ▕██████████        ▏ 2.0 GB/3.3 GB  4.7 MB/s   4m35s[K[A[1Gpulling manifest [K
pulling bdbf939b402e:  61% ▕██████████        ▏ 2.0 GB/3.3 GB  4.7 MB/s   4m35s[K[A[1Gpulling manifest [K
pulling bdbf939b402e:  61% ▕██████████        ▏ 2.0 GB/3.3 GB  4.7 MB/s   4m34s[K[A[1Gpulling manifest [K
pulling bdbf939b402e:  61% ▕██████████        ▏ 2.0 GB/3.3 GB  4.7 MB/s   4m34s[K[A[1Gpulling manifest [K
pulling bdbf939b402e:  61% ▕██████████        ▏ 2.0 GB/3.3 GB  4.7 MB/s   4m34s[K[A[1Gpulling manifest [K
pulling bdbf939b402e:  61% ▕██████████        ▏ 2.0 GB/3.3 GB  4.8 MB/s   4m32s[K[A[1Gpulling manifest [K
pulling bdbf939b402e:  61% ▕██████████        ▏ 2.0 GB/3.3 GB  4.8 MB/s   4m32s[K[A[1Gpulling manifest [K
pulling bdbf939b402e:  61% ▕██████████        ▏ 2.0 GB/3.3 GB  4.8 MB/s   4m32s[K[A[1Gpulling manifest [K
pulling bdbf939b402e:  61% ▕██████████        ▏ 2.0 GB/3.3 GB  4.8 MB/s   4m32s[K[A[1Gpulling manifest [K
pulling bdbf939b402e:  61% ▕██████████        ▏ 2.0 GB/3.3 GB  4.8 MB/s   4m32s[K[A[1Gpulling manifest [K
pulling bdbf939b402e:  61% ▕██████████        ▏ 2.0 GB/3.3 GB  4.8 MB/s   4m32s[K[A[1Gpulling manifest [K
pulling bdbf939b402e:  61% ▕██████████        ▏ 2.0 GB/3.3 GB  4.8 MB/s   4m32s[K[A[1Gpulling manifest [K
pulling bdbf939b402e:  61% ▕██████████        ▏ 2.0 GB/3.3 GB  4.8 MB/s   4m31s[K[A[1Gpulling manifest [K
pulling bdbf939b402e:  61% ▕██████████        ▏ 2.0 GB/3.3 GB  4.8 MB/s   4m31s[K[A[1Gpulling manifest [K
pulling bdbf939b402e:  61% ▕██████████        ▏ 2.0 GB/3.3 GB  4.8 MB/s   4m31s[K[A[1Gpulling manifest [K
pulling bdbf939b402e:  61% ▕██████████        ▏ 2.0 GB/3.3 GB  4.8 MB/s   4m30s[K[A[1Gpulling manifest [K
pulling bdbf939b402e:  61% ▕██████████        ▏ 2.0 GB/3.3 GB  4.8 MB/s   4m30s[K[A[1Gpulling manifest [K
pulling bdbf939b402e:  61% ▕██████████        ▏ 2.0 GB/3.3 GB  4.8 MB/s   4m29s[K[A[1Gpulling manifest [K
pulling bdbf939b402e:  61% ▕██████████        ▏ 2.0 GB/3.3 GB  4.8 MB/s   4m29s[K[A[1Gpulling manifest [K
pulling bdbf939b402e:  61% ▕██████████        ▏ 2.0 GB/3.3 GB  4.8 MB/s   4m29s[K[A[1Gpulling manifest [K
pulling bdbf939b402e:  61% ▕██████████        ▏ 2.0 GB/3.3 GB  4.8 MB/s   4m29s[K[A[1Gpulling manifest [K
pulling bdbf939b402e:  61% ▕██████████        ▏ 2.0 GB/3.3 GB  4.8 MB/s   4m29s[K[A[1Gpulling manifest [K
pulling bdbf939b402e:  61% ▕██████████        ▏ 2.0 GB/3.3 GB  4.8 MB/s   4m29s[K[A[1Gpulling manifest [K
pulling bdbf939b402e:  61% ▕██████████        ▏ 2.0 GB/3.3 GB  4.8 MB/s   4m29s[K[A[1Gpulling manifest [K
pulling bdbf939b402e:  61% ▕██████████        ▏ 2.0 GB/3.3 GB  4.8 MB/s   4m29s[K[A[1Gpulling manifest [K
pulling bdbf939b402e:  61% ▕██████████        ▏ 2.0 GB/3.3 GB  4.6 MB/s   4m36s[K[A[1Gpulling manifest [K
pulling bdbf939b402e:  61% ▕██████████        ▏ 2.0 GB/3.3 GB  4.6 MB/s   4m36s[K[A[1Gpulling manifest [K
pulling bdbf939b402e:  61% ▕██████████        ▏ 2.0 GB/3.3 GB  4.6 MB/s   4m36s[K[A[1Gpulling manifest [K
pulling bdbf939b402e:  61% ▕██████████        ▏ 2.0 GB/3.3 GB  4.6 MB/s   4m36s[K[A[1Gpulling manifest [K
pulling bdbf939b402e:  61% ▕██████████        ▏ 2.0 GB/3.3 GB  4.6 MB/s   4m36s[K[A[1Gpulling manifest [K
pulling bdbf939b402e:  61% ▕██████████        ▏ 2.0 GB/3.3 GB  4.6 MB/s   4m36s[K[A[1Gpulling manifest [K
pulling bdbf939b402e:  61% ▕██████████        ▏ 2.0 GB/3.3 GB  4.6 MB/s   4m36s[K[A[1Gpulling manifest [K
pulling bdbf939b402e:  61% ▕██████████        ▏ 2.0 GB/3.3 GB  4.6 MB/s   4m36s[K[A[1Gpulling manifest [K
pulling bdbf939b402e:  61% ▕██████████        ▏ 2.0 GB/3.3 GB  4.6 MB/s   4m36s[K[A[1Gpulling manifest [K
pulling bdbf939b402e:  61% ▕██████████        ▏ 2.0 GB/3.3 GB  4.6 MB/s   4m36s[K[A[1Gpulling manifest [K
pulling bdbf939b402e:  61% ▕██████████        ▏ 2.0 GB/3.3 GB  4.6 MB/s   4m41s[K[A[1Gpulling manifest [K
pulling bdbf939b402e:  61% ▕██████████        ▏ 2.0 GB/3.3 GB  4.6 MB/s   4m41s[K[A[1Gpulling manifest [K
pulling bdbf939b402e:  61% ▕██████████        ▏ 2.0 GB/3.3 GB  4.6 MB/s   4m41s[K[A[1Gpulling manifest [K
pulling bdbf939b402e:  61% ▕███████████       ▏ 2.0 GB/3.3 GB  4.6 MB/s   4m40s[K[A[1Gpulling manifest [K
pulling bdbf939b402e:  61% ▕███████████       ▏ 2.0 GB/3.3 GB  4.6 MB/s   4m40s[K[A[1Gpulling manifest [K
pulling bdbf939b402e:  61% ▕███████████       ▏ 2.0 GB/3.3 GB  4.6 MB/s   4m40s[K[A[1Gpulling manifest [K
pulling bdbf939b402e:  61% ▕███████████       ▏ 2.0 GB/3.3 GB  4.6 MB/s   4m40s[K[A[1Gpulling manifest [K
pulling bdbf939b402e:  61% ▕███████████       ▏ 2.0 GB/3.3 GB  4.6 MB/s   4m40s[K[A[1Gpulling manifest [K
pulling bdbf939b402e:  61% ▕███████████       ▏ 2.0 GB/3.3 GB  4.6 MB/s   4m40s[K[A[1Gpulling manifest [K
pulling bdbf939b402e:  61% ▕███████████       ▏ 2.0 GB/3.3 GB  4.6 MB/s   4m40s[K[A[1Gpulling manifest [K
pulling bdbf939b402e:  61% ▕███████████       ▏ 2.0 GB/3.3 GB  4.6 MB/s   4m40s[K[A[1Gpulling manifest [K
pulling bdbf939b402e:  61% ▕███████████       ▏ 2.0 GB/3.3 GB  4.6 MB/s   4m40s[K[A[1Gpulling manifest [K
pulling bdbf939b402e:  61% ▕███████████       ▏ 2.0 GB/3.3 GB  4.6 MB/s   4m40s[K[A[1Gpulling manifest [K
pulling bdbf939b402e:  61% ▕███████████       ▏ 2.0 GB/3.3 GB  4.6 MB/s   4m40s[K[A[1Gpulling manifest [K
pulling bdbf939b402e:  61% ▕███████████       ▏ 2.0 GB/3.3 GB  4.6 MB/s   4m40s[K[A[1Gpulling manifest [K
pulling bdbf939b402e:  61% ▕███████████       ▏ 2.0 GB/3.3 GB  4.6 MB/s   4m40s[K[A[1Gpulling manifest [K
pulling bdbf939b402e:  61% ▕███████████       ▏ 2.0 GB/3.3 GB  4.6 MB/s   4m40s[K[A[1Gpulling manifest [K
pulling bdbf939b402e:  61% ▕███████████       ▏ 2.0 GB/3.3 GB  4.6 MB/s   4m40s[K[A[1Gpulling manifest [K
pulling bdbf939b402e:  61% ▕███████████       ▏ 2.0 GB/3.3 GB  4.6 MB/s   4m39s[K[A[1Gpulling manifest [K
pulling bdbf939b402e:  61% ▕███████████       ▏ 2.0 GB/3.3 GB  4.6 MB/s   4m39s[K[A[1Gpulling manifest [K
pulling bdbf939b402e:  61% ▕███████████       ▏ 2.0 GB/3.3 GB  4.6 MB/s   4m39s[K[A[1Gpulling manifest [K
pulling bdbf939b402e:  61% ▕███████████       ▏ 2.0 GB/3.3 GB  4.4 MB/s   4m48s[K[A[1Gpulling manifest [K
pulling bdbf939b402e:  61% ▕███████████       ▏ 2.0 GB/3.3 GB  4.4 MB/s   4m48s[K[A[1Gpulling manifest [K
pulling bdbf939b402e:  61% ▕███████████       ▏ 2.0 GB/3.3 GB  4.4 MB/s   4m48s[K[A[1Gpulling manifest [K
pulling bdbf939b402e:  61% ▕███████████       ▏ 2.0 GB/3.3 GB  4.4 MB/s   4m48s[K[A[1Gpulling manifest [K
pulling bdbf939b402e:  61% ▕███████████       ▏ 2.0 GB/3.3 GB  4.4 MB/s   4m48s[K[A[1Gpulling manifest [K
pulling bdbf939b402e:  61% ▕███████████       ▏ 2.0 GB/3.3 GB  4.4 MB/s   4m48s[K[A[1Gpulling manifest [K
pulling bdbf939b402e:  61% ▕███████████       ▏ 2.0 GB/3.3 GB  4.4 MB/s   4m47s[K[A[1Gpulling manifest [K
pulling bdbf939b402e:  61% ▕███████████       ▏ 2.0 GB/3.3 GB  4.4 MB/s   4m47s[K[A[1Gpulling manifest [K
pulling bdbf939b402e:  61% ▕███████████       ▏ 2.0 GB/3.3 GB  4.4 MB/s   4m47s[K[A[1Gpulling manifest [K
pulling bdbf939b402e:  61% ▕███████████       ▏ 2.0 GB/3.3 GB  4.4 MB/s   4m47s[K[A[1Gpulling manifest [K
pulling bdbf939b402e:  61% ▕███████████       ▏ 2.0 GB/3.3 GB  4.3 MB/s   4m56s[K[A[1Gpulling manifest [K
pulling bdbf939b402e:  61% ▕███████████       ▏ 2.0 GB/3.3 GB  4.3 MB/s   4m56s[K[A[1Gpulling manifest [K
pulling bdbf939b402e:  61% ▕███████████       ▏ 2.0 GB/3.3 GB  4.3 MB/s   4m56s[K[A[1Gpulling manifest [K
pulling bdbf939b402e:  61% ▕███████████       ▏ 2.0 GB/3.3 GB  4.3 MB/s   4m56s[K[A[1Gpulling manifest [K
pulling bdbf939b402e:  61% ▕███████████       ▏ 2.0 GB/3.3 GB  4.3 MB/s   4m56s[K[A[1Gpulling manifest [K
pulling bdbf939b402e:  61% ▕███████████       ▏ 2.0 GB/3.3 GB  4.3 MB/s   4m56s[K[A[1Gpulling manifest [K
pulling bdbf939b402e:  61% ▕███████████       ▏ 2.0 GB/3.3 GB  4.3 MB/s   4m55s[K[A[1Gpulling manifest [K
pulling bdbf939b402e:  62% ▕███████████       ▏ 2.0 GB/3.3 GB  4.3 MB/s   4m55s[K[A[1Gpulling manifest [K
pulling bdbf939b402e:  62% ▕███████████       ▏ 2.0 GB/3.3 GB  4.3 MB/s   4m55s[K[A[1Gpulling manifest [K
pulling bdbf939b402e:  62% ▕███████████       ▏ 2.0 GB/3.3 GB  4.3 MB/s   4m55s[K[A[1Gpulling manifest [K
pulling bdbf939b402e:  62% ▕███████████       ▏ 2.0 GB/3.3 GB  4.2 MB/s    5m5s[K[A[1Gpulling manifest [K
pulling bdbf939b402e:  62% ▕███████████       ▏ 2.0 GB/3.3 GB  4.2 MB/s    5m5s[K[A[1Gpulling manifest [K
pulling bdbf939b402e:  62% ▕███████████       ▏ 2.0 GB/3.3 GB  4.2 MB/s    5m5s[K[A[1Gpulling manifest [K
pulling bdbf939b402e:  62% ▕███████████       ▏ 2.0 GB/3.3 GB  4.2 MB/s    5m5s[K[A[1Gpulling manifest [K
pulling bdbf939b402e:  62% ▕███████████       ▏ 2.0 GB/3.3 GB  4.2 MB/s    5m4s[K[A[1Gpulling manifest [K
pulling bdbf939b402e:  62% ▕███████████       ▏ 2.0 GB/3.3 GB  4.2 MB/s    5m4s[K[A[1Gpulling manifest [K
pulling bdbf939b402e:  62% ▕███████████       ▏ 2.0 GB/3.3 GB  4.2 MB/s    5m4s[K[A[1Gpulling manifest [K
pulling bdbf939b402e:  62% ▕███████████       ▏ 2.0 GB/3.3 GB  4.2 MB/s    5m4s[K[A[1Gpulling manifest [K
pulling bdbf939b402e:  62% ▕███████████       ▏ 2.0 GB/3.3 GB  4.2 MB/s    5m4s[K[A[1Gpulling manifest [K
pulling bdbf939b402e:  62% ▕███████████       ▏ 2.0 GB/3.3 GB  4.2 MB/s    5m4s[K[A[1Gpulling manifest [K
pulling bdbf939b402e:  62% ▕███████████       ▏ 2.0 GB/3.3 GB  4.1 MB/s   5m11s[K[A[1Gpulling manifest [K
pulling bdbf939b402e:  62% ▕███████████       ▏ 2.0 GB/3.3 GB  4.1 MB/s   5m11s[K[A[1Gpulling manifest [K
pulling bdbf939b402e:  62% ▕███████████       ▏ 2.0 GB/3.3 GB  4.1 MB/s   5m11s[K[A[1Gpulling manifest [K
pulling bdbf939b402e:  62% ▕███████████       ▏ 2.0 GB/3.3 GB  4.1 MB/s   5m11s[K[A[1Gpulling manifest [K
pulling bdbf939b402e:  62% ▕███████████       ▏ 2.0 GB/3.3 GB  4.1 MB/s   5m10s[K[A[1Gpulling manifest [K
pulling bdbf939b402e:  62% ▕███████████       ▏ 2.0 GB/3.3 GB  4.1 MB/s   5m10s[K[A[1Gpulling manifest [K
pulling bdbf939b402e:  62% ▕███████████       ▏ 2.0 GB/3.3 GB  4.1 MB/s   5m10s[K[A[1Gpulling manifest [K
pulling bdbf939b402e:  62% ▕███████████       ▏ 2.0 GB/3.3 GB  4.1 MB/s   5m10s[K[A[1Gpulling manifest [K
pulling bdbf939b402e:  62% ▕███████████       ▏ 2.0 GB/3.3 GB  4.1 MB/s   5m10s[K[A[1Gpulling manifest [K
pulling bdbf939b402e:  62% ▕███████████       ▏ 2.0 GB/3.3 GB  4.1 MB/s   5m10s[K[A[1Gpulling manifest [K
pulling bdbf939b402e:  62% ▕███████████       ▏ 2.0 GB/3.3 GB  4.1 MB/s   5m10s[K[A[1Gpulling manifest [K
pulling bdbf939b402e:  62% ▕███████████       ▏ 2.0 GB/3.3 GB  3.9 MB/s   5m25s[K[A[1Gpulling manifest [K
pulling bdbf939b402e:  62% ▕███████████       ▏ 2.0 GB/3.3 GB  3.9 MB/s   5m24s[K[A[1Gpulling manifest [K
pulling bdbf939b402e:  62% ▕███████████       ▏ 2.0 GB/3.3 GB  3.9 MB/s   5m24s[K[A[1Gpulling manifest [K
pulling bdbf939b402e:  62% ▕███████████       ▏ 2.0 GB/3.3 GB  3.9 MB/s   5m24s[K[A[1Gpulling manifest [K
pulling bdbf939b402e:  62% ▕███████████       ▏ 2.0 GB/3.3 GB  3.9 MB/s   5m24s[K[A[1Gpulling manifest [K
pulling bdbf939b402e:  62% ▕███████████       ▏ 2.0 GB/3.3 GB  3.9 MB/s   5m24s[K[A[1Gpulling manifest [K
pulling bdbf939b402e:  62% ▕███████████       ▏ 2.0 GB/3.3 GB  3.9 MB/s   5m24s[K[A[1Gpulling manifest [K
pulling bdbf939b402e:  62% ▕███████████       ▏ 2.0 GB/3.3 GB  3.9 MB/s   5m24s[K[A[1Gpulling manifest [K
pulling bdbf939b402e:  62% ▕███████████       ▏ 2.0 GB/3.3 GB  3.9 MB/s   5m24s[K[A[1Gpulling manifest [K
pulling bdbf939b402e:  62% ▕███████████       ▏ 2.0 GB/3.3 GB  3.9 MB/s   5m24s[K[A[1Gpulling manifest [K
pulling bdbf939b402e:  62% ▕███████████       ▏ 2.0 GB/3.3 GB  3.8 MB/s   5m33s[K[A[1Gpulling manifest [K
pulling bdbf939b402e:  62% ▕███████████       ▏ 2.0 GB/3.3 GB  3.8 MB/s   5m33s[K[A[1Gpulling manifest [K
pulling bdbf939b402e:  62% ▕███████████       ▏ 2.0 GB/3.3 GB  3.8 MB/s   5m33s[K[A[1Gpulling manifest [K
pulling bdbf939b402e:  62% ▕███████████       ▏ 2.0 GB/3.3 GB  3.8 MB/s   5m33s[K[A[1Gpulling manifest [K
pulling bdbf939b402e:  62% ▕███████████       ▏ 2.0 GB/3.3 GB  3.8 MB/s   5m33s[K[A[1Gpulling manifest [K
pulling bdbf939b402e:  62% ▕███████████       ▏ 2.0 GB/3.3 GB  3.8 MB/s   5m33s[K[A[1Gpulling manifest [K
pulling bdbf939b402e:  62% ▕███████████       ▏ 2.0 GB/3.3 GB  3.8 MB/s   5m33s[K[A[1Gpulling manifest [K
pulling bdbf939b402e:  62% ▕███████████       ▏ 2.0 GB/3.3 GB  3.8 MB/s   5m33s[K[A[1Gpulling manifest [K
pulling bdbf939b402e:  62% ▕███████████       ▏ 2.0 GB/3.3 GB  3.8 MB/s   5m33s[K[A[1Gpulling manifest [K
pulling bdbf939b402e:  62% ▕███████████       ▏ 2.0 GB/3.3 GB  3.8 MB/s   5m33s[K[A[1Gpulling manifest [K
pulling bdbf939b402e:  62% ▕███████████       ▏ 2.0 GB/3.3 GB  3.8 MB/s   5m33s[K[A[1Gpulling manifest [K
pulling bdbf939b402e:  62% ▕███████████       ▏ 2.0 GB/3.3 GB  3.8 MB/s   5m33s[K[A[1Gpulling manifest [K
pulling bdbf939b402e:  62% ▕███████████       ▏ 2.0 GB/3.3 GB  3.8 MB/s   5m33s[K[A[1Gpulling manifest [K
pulling bdbf939b402e:  62% ▕███████████       ▏ 2.0 GB/3.3 GB  3.8 MB/s   5m33s[K[A[1Gpulling manifest [K
pulling bdbf939b402e:  62% ▕███████████       ▏ 2.0 GB/3.3 GB  3.8 MB/s   5m33s[K[A[1Gpulling manifest [K
pulling bdbf939b402e:  62% ▕███████████       ▏ 2.0 GB/3.3 GB  3.8 MB/s   5m33s[K[A[1Gpulling manifest [K
pulling bdbf939b402e:  62% ▕███████████       ▏ 2.0 GB/3.3 GB  3.8 MB/s   5m33s[K[A[1Gpulling manifest [K
pulling bdbf939b402e:  62% ▕███████████       ▏ 2.0 GB/3.3 GB  3.8 MB/s   5m33s[K[A[1Gpulling manifest [K
pulling bdbf939b402e:  62% ▕███████████       ▏ 2.0 GB/3.3 GB  3.8 MB/s   5m33s[K[A[1Gpulling manifest [K
pulling bdbf939b402e:  62% ▕███████████       ▏ 2.0 GB/3.3 GB  3.8 MB/s   5m33s[K[A[1Gpulling manifest [K
pulling bdbf939b402e:  62% ▕███████████       ▏ 2.0 GB/3.3 GB  3.7 MB/s   5m34s[K[A[1Gpulling manifest [K
pulling bdbf939b402e:  62% ▕███████████       ▏ 2.0 GB/3.3 GB  3.7 MB/s   5m34s[K[A[1Gpulling manifest [K
pulling bdbf939b402e:  62% ▕███████████       ▏ 2.0 GB/3.3 GB  3.7 MB/s   5m34s[K[A[1Gpulling manifest [K
pulling bdbf939b402e:  62% ▕███████████       ▏ 2.0 GB/3.3 GB  3.7 MB/s   5m34s[K[A[1Gpulling manifest [K
pulling bdbf939b402e:  62% ▕███████████       ▏ 2.1 GB/3.3 GB  3.7 MB/s   5m34s[K[A[1Gpulling manifest [K
pulling bdbf939b402e:  62% ▕███████████       ▏ 2.1 GB/3.3 GB  3.7 MB/s   5m34s[K[A[1Gpulling manifest [K
pulling bdbf939b402e:  62% ▕███████████       ▏ 2.1 GB/3.3 GB  3.7 MB/s   5m33s[K[A[1Gpulling manifest [K
pulling bdbf939b402e:  62% ▕███████████       ▏ 2.1 GB/3.3 GB  3.7 MB/s   5m33s[K[A[1Gpulling manifest [K
pulling bdbf939b402e:  62% ▕███████████       ▏ 2.1 GB/3.3 GB  3.7 MB/s   5m33s[K[A[1Gpulling manifest [K
pulling bdbf939b402e:  62% ▕███████████       ▏ 2.1 GB/3.3 GB  3.7 MB/s   5m33s[K[A[1Gpulling manifest [K
pulling bdbf939b402e:  62% ▕███████████       ▏ 2.1 GB/3.3 GB  3.7 MB/s   5m37s[K[A[1Gpulling manifest [K
pulling bdbf939b402e:  62% ▕███████████       ▏ 2.1 GB/3.3 GB  3.7 MB/s   5m37s[K[A[1Gpulling manifest [K
pulling bdbf939b402e:  62% ▕███████████       ▏ 2.1 GB/3.3 GB  3.7 MB/s   5m37s[K[A[1Gpulling manifest [K
pulling bdbf939b402e:  62% ▕███████████       ▏ 2.1 GB/3.3 GB  3.7 MB/s   5m36s[K[A[1Gpulling manifest [K
pulling bdbf939b402e:  62% ▕███████████       ▏ 2.1 GB/3.3 GB  3.7 MB/s   5m36s[K[A[1Gpulling manifest [K
pulling bdbf939b402e:  62% ▕███████████       ▏ 2.1 GB/3.3 GB  3.7 MB/s   5m36s[K[A[1Gpulling manifest [K
pulling bdbf939b402e:  62% ▕███████████       ▏ 2.1 GB/3.3 GB  3.7 MB/s   5m36s[K[A[1Gpulling manifest [K
pulling bdbf939b402e:  62% ▕███████████       ▏ 2.1 GB/3.3 GB  3.7 MB/s   5m36s[K[A[1Gpulling manifest [K
pulling bdbf939b402e:  62% ▕███████████       ▏ 2.1 GB/3.3 GB  3.7 MB/s   5m36s[K[A[1Gpulling manifest [K
pulling bdbf939b402e:  62% ▕███████████       ▏ 2.1 GB/3.3 GB  3.7 MB/s   5m36s[K[A[1Gpulling manifest [K
pulling bdbf939b402e:  62% ▕███████████       ▏ 2.1 GB/3.3 GB  3.7 MB/s   5m36s[K[A[1Gpulling manifest [K
pulling bdbf939b402e:  62% ▕███████████       ▏ 2.1 GB/3.3 GB  3.7 MB/s   5m34s[K[A[1Gpulling manifest [K
pulling bdbf939b402e:  62% ▕███████████       ▏ 2.1 GB/3.3 GB  3.7 MB/s   5m34s[K[A[1Gpulling manifest [K
pulling bdbf939b402e:  62% ▕███████████       ▏ 2.1 GB/3.3 GB  3.7 MB/s   5m34s[K[A[1Gpulling manifest [K
pulling bdbf939b402e:  62% ▕███████████       ▏ 2.1 GB/3.3 GB  3.7 MB/s   5m34s[K[A[1Gpulling manifest [K
pulling bdbf939b402e:  62% ▕███████████       ▏ 2.1 GB/3.3 GB  3.7 MB/s   5m34s[K[A[1Gpulling manifest [K
pulling bdbf939b402e:  62% ▕███████████       ▏ 2.1 GB/3.3 GB  3.7 MB/s   5m34s[K[A[1Gpulling manifest [K
pulling bdbf939b402e:  62% ▕███████████       ▏ 2.1 GB/3.3 GB  3.7 MB/s   5m34s[K[A[1Gpulling manifest [K
pulling bdbf939b402e:  62% ▕███████████       ▏ 2.1 GB/3.3 GB  3.7 MB/s   5m33s[K[A[1Gpulling manifest [K
pulling bdbf939b402e:  62% ▕███████████       ▏ 2.1 GB/3.3 GB  3.7 MB/s   5m33s[K[A[1Gpulling manifest [K
pulling bdbf939b402e:  62% ▕███████████       ▏ 2.1 GB/3.3 GB  3.7 MB/s   5m33s[K[A[1Gpulling manifest [K
pulling bdbf939b402e:  62% ▕███████████       ▏ 2.1 GB/3.3 GB  3.7 MB/s   5m33s[K[A[1Gpulling manifest [K
pulling bdbf939b402e:  62% ▕███████████       ▏ 2.1 GB/3.3 GB  3.7 MB/s   5m32s[K[A[1Gpulling manifest [K
pulling bdbf939b402e:  62% ▕███████████       ▏ 2.1 GB/3.3 GB  3.7 MB/s   5m32s[K[A[1Gpulling manifest [K
pulling bdbf939b402e:  62% ▕███████████       ▏ 2.1 GB/3.3 GB  3.7 MB/s   5m32s[K[A[1Gpulling manifest [K
pulling bdbf939b402e:  62% ▕███████████       ▏ 2.1 GB/3.3 GB  3.7 MB/s   5m32s[K[A[1Gpulling manifest [K
pulling bdbf939b402e:  63% ▕███████████       ▏ 2.1 GB/3.3 GB  3.7 MB/s   5m32s[K[A[1Gpulling manifest [K
pulling bdbf939b402e:  63% ▕███████████       ▏ 2.1 GB/3.3 GB  3.7 MB/s   5m32s[K[A[1Gpulling manifest [K
pulling bdbf939b402e:  63% ▕███████████       ▏ 2.1 GB/3.3 GB  3.7 MB/s   5m32s[K[A[1Gpulling manifest [K
pulling bdbf939b402e:  63% ▕███████████       ▏ 2.1 GB/3.3 GB  3.7 MB/s   5m32s[K[A[1Gpulling manifest [K
pulling bdbf939b402e:  63% ▕███████████       ▏ 2.1 GB/3.3 GB  3.7 MB/s   5m32s[K[A[1Gpulling manifest [K
pulling bdbf939b402e:  63% ▕███████████       ▏ 2.1 GB/3.3 GB  3.7 MB/s   5m33s[K[A[1Gpulling manifest [K
pulling bdbf939b402e:  63% ▕███████████       ▏ 2.1 GB/3.3 GB  3.7 MB/s   5m33s[K[A[1Gpulling manifest [K
pulling bdbf939b402e:  63% ▕███████████       ▏ 2.1 GB/3.3 GB  3.7 MB/s   5m33s[K[A[1Gpulling manifest [K
pulling bdbf939b402e:  63% ▕███████████       ▏ 2.1 GB/3.3 GB  3.7 MB/s   5m33s[K[A[1Gpulling manifest [K
pulling bdbf939b402e:  63% ▕███████████       ▏ 2.1 GB/3.3 GB  3.7 MB/s   5m33s[K[A[1Gpulling manifest [K
pulling bdbf939b402e:  63% ▕███████████       ▏ 2.1 GB/3.3 GB  3.7 MB/s   5m32s[K[A[1Gpulling manifest [K
pulling bdbf939b402e:  63% ▕███████████       ▏ 2.1 GB/3.3 GB  3.7 MB/s   5m32s[K[A[1Gpulling manifest [K
pulling bdbf939b402e:  63% ▕███████████       ▏ 2.1 GB/3.3 GB  3.7 MB/s   5m32s[K[A[1Gpulling manifest [K
pulling bdbf939b402e:  63% ▕███████████       ▏ 2.1 GB/3.3 GB  3.7 MB/s   5m32s[K[A[1Gpulling manifest [K
pulling bdbf939b402e:  63% ▕███████████       ▏ 2.1 GB/3.3 GB  3.7 MB/s   5m32s[K[A[1Gpulling manifest [K
pulling bdbf939b402e:  63% ▕███████████       ▏ 2.1 GB/3.3 GB  3.7 MB/s   5m37s[K[A[1Gpulling manifest [K
pulling bdbf939b402e:  63% ▕███████████       ▏ 2.1 GB/3.3 GB  3.7 MB/s   5m37s[K[A[1Gpulling manifest [K
pulling bdbf939b402e:  63% ▕███████████       ▏ 2.1 GB/3.3 GB  3.7 MB/s   5m36s[K[A[1Gpulling manifest [K
pulling bdbf939b402e:  63% ▕███████████       ▏ 2.1 GB/3.3 GB  3.7 MB/s   5m36s[K[A[1Gpulling manifest [K
pulling bdbf939b402e:  63% ▕███████████       ▏ 2.1 GB/3.3 GB  3.7 MB/s   5m36s[K[A[1Gpulling manifest [K
pulling bdbf939b402e:  63% ▕███████████       ▏ 2.1 GB/3.3 GB  3.7 MB/s   5m36s[K[A[1Gpulling manifest [K
pulling bdbf939b402e:  63% ▕███████████       ▏ 2.1 GB/3.3 GB  3.7 MB/s   5m36s[K[A[1Gpulling manifest [K
pulling bdbf939b402e:  63% ▕███████████       ▏ 2.1 GB/3.3 GB  3.7 MB/s   5m36s[K[A[1Gpulling manifest [K
pulling bdbf939b402e:  63% ▕███████████       ▏ 2.1 GB/3.3 GB  3.7 MB/s   5m36s[K[A[1Gpulling manifest [K
pulling bdbf939b402e:  63% ▕███████████       ▏ 2.1 GB/3.3 GB  3.7 MB/s   5m36s[K[A[1Gpulling manifest [K
pulling bdbf939b402e:  63% ▕███████████       ▏ 2.1 GB/3.3 GB  3.6 MB/s   5m37s[K[A[1Gpulling manifest [K
pulling bdbf939b402e:  63% ▕███████████       ▏ 2.1 GB/3.3 GB  3.6 MB/s   5m37s[K[A[1Gpulling manifest [K
pulling bdbf939b402e:  63% ▕███████████       ▏ 2.1 GB/3.3 GB  3.6 MB/s   5m37s[K[A[1Gpulling manifest [K
pulling bdbf939b402e:  63% ▕███████████       ▏ 2.1 GB/3.3 GB  3.6 MB/s   5m37s[K[A[1Gpulling manifest [K
pulling bdbf939b402e:  63% ▕███████████       ▏ 2.1 GB/3.3 GB  3.6 MB/s   5m37s[K[A[1Gpulling manifest [K
pulling bdbf939b402e:  63% ▕███████████       ▏ 2.1 GB/3.3 GB  3.6 MB/s   5m36s[K[A[1Gpulling manifest [K
pulling bdbf939b402e:  63% ▕███████████       ▏ 2.1 GB/3.3 GB  3.6 MB/s   5m36s[K[A[1Gpulling manifest [K
pulling bdbf939b402e:  63% ▕███████████       ▏ 2.1 GB/3.3 GB  3.6 MB/s   5m36s[K[A[1Gpulling manifest [K
pulling bdbf939b402e:  63% ▕███████████       ▏ 2.1 GB/3.3 GB  3.6 MB/s   5m36s[K[A[1Gpulling manifest [K
pulling bdbf939b402e:  63% ▕███████████       ▏ 2.1 GB/3.3 GB  3.6 MB/s   5m36s[K[A[1Gpulling manifest [K
pulling bdbf939b402e:  63% ▕███████████       ▏ 2.1 GB/3.3 GB  3.6 MB/s   5m36s[K[A[1Gpulling manifest [K
pulling bdbf939b402e:  63% ▕███████████       ▏ 2.1 GB/3.3 GB  3.6 MB/s   5m38s[K[A[1Gpulling manifest [K
pulling bdbf939b402e:  63% ▕███████████       ▏ 2.1 GB/3.3 GB  3.6 MB/s   5m37s[K[A[1Gpulling manifest [K
pulling bdbf939b402e:  63% ▕███████████       ▏ 2.1 GB/3.3 GB  3.6 MB/s   5m37s[K[A[1Gpulling manifest [K
pulling bdbf939b402e:  63% ▕███████████       ▏ 2.1 GB/3.3 GB  3.6 MB/s   5m37s[K[A[1Gpulling manifest [K
pulling bdbf939b402e:  63% ▕███████████       ▏ 2.1 GB/3.3 GB  3.6 MB/s   5m37s[K[A[1Gpulling manifest [K
pulling bdbf939b402e:  63% ▕███████████       ▏ 2.1 GB/3.3 GB  3.6 MB/s   5m37s[K[A[1Gpulling manifest [K
pulling bdbf939b402e:  63% ▕███████████       ▏ 2.1 GB/3.3 GB  3.6 MB/s   5m37s[K[A[1Gpulling manifest [K
pulling bdbf939b402e:  63% ▕███████████       ▏ 2.1 GB/3.3 GB  3.6 MB/s   5m37s[K[A[1Gpulling manifest [K
pulling bdbf939b402e:  63% ▕███████████       ▏ 2.1 GB/3.3 GB  3.6 MB/s   5m37s[K[A[1Gpulling manifest [K
pulling bdbf939b402e:  63% ▕███████████       ▏ 2.1 GB/3.3 GB  3.6 MB/s   5m37s[K[A[1Gpulling manifest [K
pulling bdbf939b402e:  63% ▕███████████       ▏ 2.1 GB/3.3 GB  3.7 MB/s   5m34s[K[A[1Gpulling manifest [K
pulling bdbf939b402e:  63% ▕███████████       ▏ 2.1 GB/3.3 GB  3.7 MB/s   5m34s[K[A[1Gpulling manifest [K
pulling bdbf939b402e:  63% ▕███████████       ▏ 2.1 GB/3.3 GB  3.7 MB/s   5m33s[K[A[1Gpulling manifest [K
pulling bdbf939b402e:  63% ▕███████████       ▏ 2.1 GB/3.3 GB  3.7 MB/s   5m33s[K[A[1Gpulling manifest [K
pulling bdbf939b402e:  63% ▕███████████       ▏ 2.1 GB/3.3 GB  3.7 MB/s   5m33s[K[A[1Gpulling manifest [K
pulling bdbf939b402e:  63% ▕███████████       ▏ 2.1 GB/3.3 GB  3.7 MB/s   5m33s[K[A[1Gpulling manifest [K
pulling bdbf939b402e:  63% ▕███████████       ▏ 2.1 GB/3.3 GB  3.7 MB/s   5m33s[K[A[1Gpulling manifest [K
pulling bdbf939b402e:  63% ▕███████████       ▏ 2.1 GB/3.3 GB  3.7 MB/s   5m33s[K[A[1Gpulling manifest [K
pulling bdbf939b402e:  63% ▕███████████       ▏ 2.1 GB/3.3 GB  3.7 MB/s   5m33s[K[A[1Gpulling manifest [K
pulling bdbf939b402e:  63% ▕███████████       ▏ 2.1 GB/3.3 GB  3.7 MB/s   5m33s[K[A[1Gpulling manifest [K
pulling bdbf939b402e:  63% ▕███████████       ▏ 2.1 GB/3.3 GB  3.7 MB/s   5m32s[K[A[1Gpulling manifest [K
pulling bdbf939b402e:  63% ▕███████████       ▏ 2.1 GB/3.3 GB  3.7 MB/s   5m32s[K[A[1Gpulling manifest [K
pulling bdbf939b402e:  63% ▕███████████       ▏ 2.1 GB/3.3 GB  3.7 MB/s   5m32s[K[A[1Gpulling manifest [K
pulling bdbf939b402e:  63% ▕███████████       ▏ 2.1 GB/3.3 GB  3.7 MB/s   5m32s[K[A[1Gpulling manifest [K
pulling bdbf939b402e:  63% ▕███████████       ▏ 2.1 GB/3.3 GB  3.7 MB/s   5m32s[K[A[1Gpulling manifest [K
pulling bdbf939b402e:  63% ▕███████████       ▏ 2.1 GB/3.3 GB  3.7 MB/s   5m32s[K[A[1Gpulling manifest [K
pulling bdbf939b402e:  63% ▕███████████       ▏ 2.1 GB/3.3 GB  3.7 MB/s   5m32s[K[A[1Gpulling manifest [K
pulling bdbf939b402e:  63% ▕███████████       ▏ 2.1 GB/3.3 GB  3.7 MB/s   5m31s[K[A[1Gpulling manifest [K
pulling bdbf939b402e:  63% ▕███████████       ▏ 2.1 GB/3.3 GB  3.7 MB/s   5m31s[K[A[1Gpulling manifest [K
pulling bdbf939b402e:  63% ▕███████████       ▏ 2.1 GB/3.3 GB  3.7 MB/s   5m31s[K[A[1Gpulling manifest [K
pulling bdbf939b402e:  63% ▕███████████       ▏ 2.1 GB/3.3 GB  3.7 MB/s   5m29s[K[A[1Gpulling manifest [K
pulling bdbf939b402e:  63% ▕███████████       ▏ 2.1 GB/3.3 GB  3.7 MB/s   5m29s[K[A[1Gpulling manifest [K
pulling bdbf939b402e:  63% ▕███████████       ▏ 2.1 GB/3.3 GB  3.7 MB/s   5m29s[K[A[1Gpulling manifest [K
pulling bdbf939b402e:  63% ▕███████████       ▏ 2.1 GB/3.3 GB  3.7 MB/s   5m29s[K[A[1Gpulling manifest [K
pulling bdbf939b402e:  63% ▕███████████       ▏ 2.1 GB/3.3 GB  3.7 MB/s   5m29s[K[A[1Gpulling manifest [K
pulling bdbf939b402e:  63% ▕███████████       ▏ 2.1 GB/3.3 GB  3.7 MB/s   5m29s[K[A[1Gpulling manifest [K
pulling bdbf939b402e:  63% ▕███████████       ▏ 2.1 GB/3.3 GB  3.7 MB/s   5m29s[K[A[1Gpulling manifest [K
pulling bdbf939b402e:  63% ▕███████████       ▏ 2.1 GB/3.3 GB  3.7 MB/s   5m29s[K[A[1Gpulling manifest [K
pulling bdbf939b402e:  63% ▕███████████       ▏ 2.1 GB/3.3 GB  3.7 MB/s   5m29s[K[A[1Gpulling manifest [K
pulling bdbf939b402e:  63% ▕███████████       ▏ 2.1 GB/3.3 GB  3.7 MB/s   5m28s[K[A[1Gpulling manifest [K
pulling bdbf939b402e:  63% ▕███████████       ▏ 2.1 GB/3.3 GB  3.6 MB/s   5m32s[K[A[1Gpulling manifest [K
pulling bdbf939b402e:  63% ▕███████████       ▏ 2.1 GB/3.3 GB  3.6 MB/s   5m32s[K[A[1Gpulling manifest [K
pulling bdbf939b402e:  63% ▕███████████       ▏ 2.1 GB/3.3 GB  3.6 MB/s   5m32s[K[A[1Gpulling manifest [K
pulling bdbf939b402e:  63% ▕███████████       ▏ 2.1 GB/3.3 GB  3.6 MB/s   5m32s[K[A[1Gpulling manifest [K
pulling bdbf939b402e:  63% ▕███████████       ▏ 2.1 GB/3.3 GB  3.6 MB/s   5m32s[K[A[1Gpulling manifest [K
pulling bdbf939b402e:  63% ▕███████████       ▏ 2.1 GB/3.3 GB  3.6 MB/s   5m32s[K[A[1Gpulling manifest [K
pulling bdbf939b402e:  63% ▕███████████       ▏ 2.1 GB/3.3 GB  3.6 MB/s   5m32s[K[A[1Gpulling manifest [K
pulling bdbf939b402e:  63% ▕███████████       ▏ 2.1 GB/3.3 GB  3.6 MB/s   5m32s[K[A[1Gpulling manifest [K
pulling bdbf939b402e:  63% ▕███████████       ▏ 2.1 GB/3.3 GB  3.6 MB/s   5m31s[K[A[1Gpulling manifest [K
pulling bdbf939b402e:  63% ▕███████████       ▏ 2.1 GB/3.3 GB  3.6 MB/s   5m31s[K[A[1Gpulling manifest [K
pulling bdbf939b402e:  63% ▕███████████       ▏ 2.1 GB/3.3 GB  3.6 MB/s   5m31s[K[A[1Gpulling manifest [K
pulling bdbf939b402e:  63% ▕███████████       ▏ 2.1 GB/3.3 GB  3.6 MB/s   5m31s[K[A[1Gpulling manifest [K
pulling bdbf939b402e:  63% ▕███████████       ▏ 2.1 GB/3.3 GB  3.6 MB/s   5m31s[K[A[1Gpulling manifest [K
pulling bdbf939b402e:  63% ▕███████████       ▏ 2.1 GB/3.3 GB  3.6 MB/s   5m31s[K[A[1Gpulling manifest [K
pulling bdbf939b402e:  63% ▕███████████       ▏ 2.1 GB/3.3 GB  3.6 MB/s   5m31s[K[A[1Gpulling manifest [K
pulling bdbf939b402e:  63% ▕███████████       ▏ 2.1 GB/3.3 GB  3.6 MB/s   5m31s[K[A[1Gpulling manifest [K
pulling bdbf939b402e:  64% ▕███████████       ▏ 2.1 GB/3.3 GB  3.6 MB/s   5m31s[K[A[1Gpulling manifest [K
pulling bdbf939b402e:  64% ▕███████████       ▏ 2.1 GB/3.3 GB  3.6 MB/s   5m31s[K[A[1Gpulling manifest [K
pulling bdbf939b402e:  64% ▕███████████       ▏ 2.1 GB/3.3 GB  3.6 MB/s   5m30s[K[A[1Gpulling manifest [K
pulling bdbf939b402e:  64% ▕███████████       ▏ 2.1 GB/3.3 GB  3.6 MB/s   5m30s[K[A[1Gpulling manifest [K
pulling bdbf939b402e:  64% ▕███████████       ▏ 2.1 GB/3.3 GB  3.6 MB/s   5m30s[K[A[1Gpulling manifest [K
pulling bdbf939b402e:  64% ▕███████████       ▏ 2.1 GB/3.3 GB  3.7 MB/s   5m27s[K[A[1Gpulling manifest [K
pulling bdbf939b402e:  64% ▕███████████       ▏ 2.1 GB/3.3 GB  3.7 MB/s   5m27s[K[A[1Gpulling manifest [K
pulling bdbf939b402e:  64% ▕███████████       ▏ 2.1 GB/3.3 GB  3.7 MB/s   5m27s[K[A[1Gpulling manifest [K
pulling bdbf939b402e:  64% ▕███████████       ▏ 2.1 GB/3.3 GB  3.7 MB/s   5m27s[K[A[1Gpulling manifest [K
pulling bdbf939b402e:  64% ▕███████████       ▏ 2.1 GB/3.3 GB  3.7 MB/s   5m27s[K[A[1Gpulling manifest [K
pulling bdbf939b402e:  64% ▕███████████       ▏ 2.1 GB/3.3 GB  3.7 MB/s   5m26s[K[A[1Gpulling manifest [K
pulling bdbf939b402e:  64% ▕███████████       ▏ 2.1 GB/3.3 GB  3.7 MB/s   5m26s[K[A[1Gpulling manifest [K
pulling bdbf939b402e:  64% ▕███████████       ▏ 2.1 GB/3.3 GB  3.7 MB/s   5m26s[K[A[1Gpulling manifest [K
pulling bdbf939b402e:  64% ▕███████████       ▏ 2.1 GB/3.3 GB  3.7 MB/s   5m26s[K[A[1Gpulling manifest [K
pulling bdbf939b402e:  64% ▕███████████       ▏ 2.1 GB/3.3 GB  3.7 MB/s   5m26s[K[A[1Gpulling manifest [K
pulling bdbf939b402e:  64% ▕███████████       ▏ 2.1 GB/3.3 GB  3.7 MB/s   5m25s[K[A[1Gpulling manifest [K
pulling bdbf939b402e:  64% ▕███████████       ▏ 2.1 GB/3.3 GB  3.7 MB/s   5m25s[K[A[1Gpulling manifest [K
pulling bdbf939b402e:  64% ▕███████████       ▏ 2.1 GB/3.3 GB  3.7 MB/s   5m25s[K[A[1Gpulling manifest [K
pulling bdbf939b402e:  64% ▕███████████       ▏ 2.1 GB/3.3 GB  3.7 MB/s   5m25s[K[A[1Gpulling manifest [K
pulling bdbf939b402e:  64% ▕███████████       ▏ 2.1 GB/3.3 GB  3.7 MB/s   5m25s[K[A[1Gpulling manifest [K
pulling bdbf939b402e:  64% ▕███████████       ▏ 2.1 GB/3.3 GB  3.7 MB/s   5m25s[K[A[1Gpulling manifest [K
pulling bdbf939b402e:  64% ▕███████████       ▏ 2.1 GB/3.3 GB  3.7 MB/s   5m25s[K[A[1Gpulling manifest [K
pulling bdbf939b402e:  64% ▕███████████       ▏ 2.1 GB/3.3 GB  3.7 MB/s   5m25s[K[A[1Gpulling manifest [K
pulling bdbf939b402e:  64% ▕███████████       ▏ 2.1 GB/3.3 GB  3.7 MB/s   5m24s[K[A[1Gpulling manifest [K
pulling bdbf939b402e:  64% ▕███████████       ▏ 2.1 GB/3.3 GB  3.7 MB/s   5m24s[K[A[1Gpulling manifest [K
pulling bdbf939b402e:  64% ▕███████████       ▏ 2.1 GB/3.3 GB  3.7 MB/s   5m21s[K[A[1Gpulling manifest [K
pulling bdbf939b402e:  64% ▕███████████       ▏ 2.1 GB/3.3 GB  3.7 MB/s   5m21s[K[A[1Gpulling manifest [K
pulling bdbf939b402e:  64% ▕███████████       ▏ 2.1 GB/3.3 GB  3.7 MB/s   5m21s[K[A[1Gpulling manifest [K
pulling bdbf939b402e:  64% ▕███████████       ▏ 2.1 GB/3.3 GB  3.7 MB/s   5m20s[K[A[1Gpulling manifest [K
pulling bdbf939b402e:  64% ▕███████████       ▏ 2.1 GB/3.3 GB  3.7 MB/s   5m20s[K[A[1Gpulling manifest [K
pulling bdbf939b402e:  64% ▕███████████       ▏ 2.1 GB/3.3 GB  3.7 MB/s   5m20s[K[A[1Gpulling manifest [K
pulling bdbf939b402e:  64% ▕███████████       ▏ 2.1 GB/3.3 GB  3.7 MB/s   5m20s[K[A[1Gpulling manifest [K
pulling bdbf939b402e:  64% ▕███████████       ▏ 2.1 GB/3.3 GB  3.7 MB/s   5m20s[K[A[1Gpulling manifest [K
pulling bdbf939b402e:  64% ▕███████████       ▏ 2.1 GB/3.3 GB  3.7 MB/s   5m20s[K[A[1Gpulling manifest [K
pulling bdbf939b402e:  64% ▕███████████       ▏ 2.1 GB/3.3 GB  3.7 MB/s   5m20s[K[A[1Gpulling manifest [K
pulling bdbf939b402e:  64% ▕███████████       ▏ 2.1 GB/3.3 GB  3.7 MB/s   5m19s[K[A[1Gpulling manifest [K
pulling bdbf939b402e:  64% ▕███████████       ▏ 2.1 GB/3.3 GB  3.7 MB/s   5m19s[K[A[1Gpulling manifest [K
pulling bdbf939b402e:  64% ▕███████████       ▏ 2.1 GB/3.3 GB  3.7 MB/s   5m19s[K[A[1Gpulling manifest [K
pulling bdbf939b402e:  64% ▕███████████       ▏ 2.1 GB/3.3 GB  3.7 MB/s   5m19s[K[A[1Gpulling manifest [K
pulling bdbf939b402e:  64% ▕███████████       ▏ 2.1 GB/3.3 GB  3.7 MB/s   5m19s[K[A[1Gpulling manifest [K
pulling bdbf939b402e:  64% ▕███████████       ▏ 2.1 GB/3.3 GB  3.7 MB/s   5m18s[K[A[1Gpulling manifest [K
pulling bdbf939b402e:  64% ▕███████████       ▏ 2.1 GB/3.3 GB  3.7 MB/s   5m18s[K[A[1Gpulling manifest [K
pulling bdbf939b402e:  64% ▕███████████       ▏ 2.1 GB/3.3 GB  3.7 MB/s   5m18s[K[A[1Gpulling manifest [K
pulling bdbf939b402e:  64% ▕███████████       ▏ 2.1 GB/3.3 GB  3.7 MB/s   5m18s[K[A[1Gpulling manifest [K
pulling bdbf939b402e:  64% ▕███████████       ▏ 2.1 GB/3.3 GB  3.7 MB/s   5m18s[K[A[1Gpulling manifest [K
pulling bdbf939b402e:  64% ▕███████████       ▏ 2.1 GB/3.3 GB  3.7 MB/s   5m18s[K[A[1Gpulling manifest [K
pulling bdbf939b402e:  64% ▕███████████       ▏ 2.1 GB/3.3 GB  3.7 MB/s   5m17s[K[A[1Gpulling manifest [K
pulling bdbf939b402e:  64% ▕███████████       ▏ 2.1 GB/3.3 GB  3.7 MB/s   5m17s[K[A[1Gpulling manifest [K
pulling bdbf939b402e:  64% ▕███████████       ▏ 2.1 GB/3.3 GB  3.7 MB/s   5m17s[K[A[1Gpulling manifest [K
pulling bdbf939b402e:  64% ▕███████████       ▏ 2.1 GB/3.3 GB  3.7 MB/s   5m17s[K[A[1Gpulling manifest [K
pulling bdbf939b402e:  64% ▕███████████       ▏ 2.1 GB/3.3 GB  3.7 MB/s   5m17s[K[A[1Gpulling manifest [K
pulling bdbf939b402e:  64% ▕███████████       ▏ 2.1 GB/3.3 GB  3.7 MB/s   5m17s[K[A[1Gpulling manifest [K
pulling bdbf939b402e:  64% ▕███████████       ▏ 2.1 GB/3.3 GB  3.7 MB/s   5m17s[K[A[1Gpulling manifest [K
pulling bdbf939b402e:  64% ▕███████████       ▏ 2.1 GB/3.3 GB  3.7 MB/s   5m17s[K[A[1Gpulling manifest [K
pulling bdbf939b402e:  64% ▕███████████       ▏ 2.1 GB/3.3 GB  3.7 MB/s   5m17s[K[A[1Gpulling manifest [K
pulling bdbf939b402e:  64% ▕███████████       ▏ 2.1 GB/3.3 GB  3.7 MB/s   5m16s[K[A[1Gpulling manifest [K
pulling bdbf939b402e:  64% ▕███████████       ▏ 2.1 GB/3.3 GB  3.7 MB/s   5m18s[K[A[1Gpulling manifest [K
pulling bdbf939b402e:  64% ▕███████████       ▏ 2.1 GB/3.3 GB  3.7 MB/s   5m18s[K[A[1Gpulling manifest [K
pulling bdbf939b402e:  64% ▕███████████       ▏ 2.1 GB/3.3 GB  3.7 MB/s   5m17s[K[A[1Gpulling manifest [K
pulling bdbf939b402e:  64% ▕███████████       ▏ 2.1 GB/3.3 GB  3.7 MB/s   5m17s[K[A[1Gpulling manifest [K
pulling bdbf939b402e:  64% ▕███████████       ▏ 2.1 GB/3.3 GB  3.7 MB/s   5m17s[K[A[1Gpulling manifest [K
pulling bdbf939b402e:  64% ▕███████████       ▏ 2.1 GB/3.3 GB  3.7 MB/s   5m17s[K[A[1Gpulling manifest [K
pulling bdbf939b402e:  64% ▕███████████       ▏ 2.1 GB/3.3 GB  3.7 MB/s   5m17s[K[A[1Gpulling manifest [K
pulling bdbf939b402e:  64% ▕███████████       ▏ 2.1 GB/3.3 GB  3.7 MB/s   5m17s[K[A[1Gpulling manifest [K
pulling bdbf939b402e:  64% ▕███████████       ▏ 2.1 GB/3.3 GB  3.7 MB/s   5m17s[K[A[1Gpulling manifest [K
pulling bdbf939b402e:  64% ▕███████████       ▏ 2.1 GB/3.3 GB  3.7 MB/s   5m17s[K[A[1Gpulling manifest [K
pulling bdbf939b402e:  64% ▕███████████       ▏ 2.1 GB/3.3 GB  3.8 MB/s   5m14s[K[A[1Gpulling manifest [K
pulling bdbf939b402e:  64% ▕███████████       ▏ 2.1 GB/3.3 GB  3.8 MB/s   5m14s[K[A[1Gpulling manifest [K
pulling bdbf939b402e:  64% ▕███████████       ▏ 2.1 GB/3.3 GB  3.8 MB/s   5m14s[K[A[1Gpulling manifest [K
pulling bdbf939b402e:  64% ▕███████████       ▏ 2.1 GB/3.3 GB  3.8 MB/s   5m14s[K[A[1Gpulling manifest [K
pulling bdbf939b402e:  64% ▕███████████       ▏ 2.1 GB/3.3 GB  3.8 MB/s   5m14s[K[A[1Gpulling manifest [K
pulling bdbf939b402e:  64% ▕███████████       ▏ 2.1 GB/3.3 GB  3.8 MB/s   5m14s[K[A[1Gpulling manifest [K
pulling bdbf939b402e:  64% ▕███████████       ▏ 2.1 GB/3.3 GB  3.8 MB/s   5m13s[K[A[1Gpulling manifest [K
pulling bdbf939b402e:  64% ▕███████████       ▏ 2.1 GB/3.3 GB  3.8 MB/s   5m13s[K[A[1Gpulling manifest [K
pulling bdbf939b402e:  64% ▕███████████       ▏ 2.1 GB/3.3 GB  3.8 MB/s   5m13s[K[A[1Gpulling manifest [K
pulling bdbf939b402e:  64% ▕███████████       ▏ 2.1 GB/3.3 GB  3.8 MB/s   5m13s[K[A[1Gpulling manifest [K
pulling bdbf939b402e:  64% ▕███████████       ▏ 2.1 GB/3.3 GB  3.8 MB/s   5m12s[K[A[1Gpulling manifest [K
pulling bdbf939b402e:  64% ▕███████████       ▏ 2.1 GB/3.3 GB  3.8 MB/s   5m12s[K[A[1Gpulling manifest [K
pulling bdbf939b402e:  64% ▕███████████       ▏ 2.1 GB/3.3 GB  3.8 MB/s   5m12s[K[A[1Gpulling manifest [K
pulling bdbf939b402e:  64% ▕███████████       ▏ 2.1 GB/3.3 GB  3.8 MB/s   5m12s[K[A[1Gpulling manifest [K
pulling bdbf939b402e:  64% ▕███████████       ▏ 2.1 GB/3.3 GB  3.8 MB/s   5m12s[K[A[1Gpulling manifest [K
pulling bdbf939b402e:  64% ▕███████████       ▏ 2.1 GB/3.3 GB  3.8 MB/s   5m12s[K[A[1Gpulling manifest [K
pulling bdbf939b402e:  64% ▕███████████       ▏ 2.1 GB/3.3 GB  3.8 MB/s   5m12s[K[A[1Gpulling manifest [K
pulling bdbf939b402e:  64% ▕███████████       ▏ 2.1 GB/3.3 GB  3.8 MB/s   5m12s[K[A[1Gpulling manifest [K
pulling bdbf939b402e:  64% ▕███████████       ▏ 2.1 GB/3.3 GB  3.8 MB/s   5m11s[K[A[1Gpulling manifest [K
pulling bdbf939b402e:  64% ▕███████████       ▏ 2.1 GB/3.3 GB  3.8 MB/s   5m11s[K[A[1Gpulling manifest [K
pulling bdbf939b402e:  64% ▕███████████       ▏ 2.1 GB/3.3 GB  3.7 MB/s   5m12s[K[A[1Gpulling manifest [K
pulling bdbf939b402e:  64% ▕███████████       ▏ 2.1 GB/3.3 GB  3.7 MB/s   5m12s[K[A[1Gpulling manifest [K
pulling bdbf939b402e:  64% ▕███████████       ▏ 2.1 GB/3.3 GB  3.7 MB/s   5m12s[K[A[1Gpulling manifest [K
pulling bdbf939b402e:  64% ▕███████████       ▏ 2.1 GB/3.3 GB  3.7 MB/s   5m12s[K[A[1Gpulling manifest [K
pulling bdbf939b402e:  64% ▕███████████       ▏ 2.1 GB/3.3 GB  3.7 MB/s   5m12s[K[A[1Gpulling manifest [K
pulling bdbf939b402e:  65% ▕███████████       ▏ 2.1 GB/3.3 GB  3.7 MB/s   5m12s[K[A[1Gpulling manifest [K
pulling bdbf939b402e:  65% ▕███████████       ▏ 2.1 GB/3.3 GB  3.7 MB/s   5m12s[K[A[1Gpulling manifest [K
pulling bdbf939b402e:  65% ▕███████████       ▏ 2.1 GB/3.3 GB  3.7 MB/s   5m12s[K[A[1Gpulling manifest [K
pulling bdbf939b402e:  65% ▕███████████       ▏ 2.1 GB/3.3 GB  3.7 MB/s   5m12s[K[A[1Gpulling manifest [K
pulling bdbf939b402e:  65% ▕███████████       ▏ 2.1 GB/3.3 GB  3.7 MB/s   5m12s[K[A[1Gpulling manifest [K
pulling bdbf939b402e:  65% ▕███████████       ▏ 2.1 GB/3.3 GB  3.7 MB/s   5m11s[K[A[1Gpulling manifest [K
pulling bdbf939b402e:  65% ▕███████████       ▏ 2.1 GB/3.3 GB  3.7 MB/s   5m15s[K[A[1Gpulling manifest [K
pulling bdbf939b402e:  65% ▕███████████       ▏ 2.1 GB/3.3 GB  3.7 MB/s   5m15s[K[A[1Gpulling manifest [K
pulling bdbf939b402e:  65% ▕███████████       ▏ 2.1 GB/3.3 GB  3.7 MB/s   5m15s[K[A[1Gpulling manifest [K
pulling bdbf939b402e:  65% ▕███████████       ▏ 2.1 GB/3.3 GB  3.7 MB/s   5m15s[K[A[1Gpulling manifest [K
pulling bdbf939b402e:  65% ▕███████████       ▏ 2.1 GB/3.3 GB  3.7 MB/s   5m15s[K[A[1Gpulling manifest [K
pulling bdbf939b402e:  65% ▕███████████       ▏ 2.1 GB/3.3 GB  3.7 MB/s   5m15s[K[A[1Gpulling manifest [K
pulling bdbf939b402e:  65% ▕███████████       ▏ 2.1 GB/3.3 GB  3.7 MB/s   5m15s[K[A[1Gpulling manifest [K
pulling bdbf939b402e:  65% ▕███████████       ▏ 2.1 GB/3.3 GB  3.7 MB/s   5m15s[K[A[1Gpulling manifest [K
pulling bdbf939b402e:  65% ▕███████████       ▏ 2.1 GB/3.3 GB  3.7 MB/s   5m14s[K[A[1Gpulling manifest [K
pulling bdbf939b402e:  65% ▕███████████       ▏ 2.1 GB/3.3 GB  3.7 MB/s   5m14s[K[A[1Gpulling manifest [K
pulling bdbf939b402e:  65% ▕███████████       ▏ 2.1 GB/3.3 GB  3.7 MB/s   5m14s[K[A[1Gpulling manifest [K
pulling bdbf939b402e:  65% ▕███████████       ▏ 2.1 GB/3.3 GB  3.7 MB/s   5m14s[K[A[1Gpulling manifest [K
pulling bdbf939b402e:  65% ▕███████████       ▏ 2.1 GB/3.3 GB  3.7 MB/s   5m14s[K[A[1Gpulling manifest [K
pulling bdbf939b402e:  65% ▕███████████       ▏ 2.1 GB/3.3 GB  3.7 MB/s   5m14s[K[A[1Gpulling manifest [K
pulling bdbf939b402e:  65% ▕███████████       ▏ 2.1 GB/3.3 GB  3.7 MB/s   5m14s[K[A[1Gpulling manifest [K
pulling bdbf939b402e:  65% ▕███████████       ▏ 2.1 GB/3.3 GB  3.7 MB/s   5m14s[K[A[1Gpulling manifest [K
pulling bdbf939b402e:  65% ▕███████████       ▏ 2.1 GB/3.3 GB  3.7 MB/s   5m14s[K[A[1Gpulling manifest [K
pulling bdbf939b402e:  65% ▕███████████       ▏ 2.1 GB/3.3 GB  3.7 MB/s   5m14s[K[A[1Gpulling manifest [K
pulling bdbf939b402e:  65% ▕███████████       ▏ 2.1 GB/3.3 GB  3.7 MB/s   5m13s[K[A[1Gpulling manifest [K
pulling bdbf939b402e:  65% ▕███████████       ▏ 2.1 GB/3.3 GB  3.7 MB/s   5m13s[K[A[1Gpulling manifest [K
pulling bdbf939b402e:  65% ▕███████████       ▏ 2.1 GB/3.3 GB  3.7 MB/s   5m12s[K[A[1Gpulling manifest [K
pulling bdbf939b402e:  65% ▕███████████       ▏ 2.1 GB/3.3 GB  3.7 MB/s   5m12s[K[A[1Gpulling manifest [K
pulling bdbf939b402e:  65% ▕███████████       ▏ 2.1 GB/3.3 GB  3.7 MB/s   5m12s[K[A[1Gpulling manifest [K
pulling bdbf939b402e:  65% ▕███████████       ▏ 2.1 GB/3.3 GB  3.7 MB/s   5m12s[K[A[1Gpulling manifest [K
pulling bdbf939b402e:  65% ▕███████████       ▏ 2.1 GB/3.3 GB  3.7 MB/s   5m12s[K[A[1Gpulling manifest [K
pulling bdbf939b402e:  65% ▕███████████       ▏ 2.1 GB/3.3 GB  3.7 MB/s   5m12s[K[A[1Gpulling manifest [K
pulling bdbf939b402e:  65% ▕███████████       ▏ 2.1 GB/3.3 GB  3.7 MB/s   5m12s[K[A[1Gpulling manifest [K
pulling bdbf939b402e:  65% ▕███████████       ▏ 2.1 GB/3.3 GB  3.7 MB/s   5m11s[K[A[1Gpulling manifest [K
pulling bdbf939b402e:  65% ▕███████████       ▏ 2.1 GB/3.3 GB  3.7 MB/s   5m11s[K[A[1Gpulling manifest [K
pulling bdbf939b402e:  65% ▕███████████       ▏ 2.1 GB/3.3 GB  3.7 MB/s   5m11s[K[A[1Gpulling manifest [K
pulling bdbf939b402e:  65% ▕███████████       ▏ 2.1 GB/3.3 GB  3.7 MB/s   5m11s[K[A[1Gpulling manifest [K
pulling bdbf939b402e:  65% ▕███████████       ▏ 2.1 GB/3.3 GB  3.7 MB/s   5m11s[K[A[1Gpulling manifest [K
pulling bdbf939b402e:  65% ▕███████████       ▏ 2.1 GB/3.3 GB  3.7 MB/s   5m11s[K[A[1Gpulling manifest [K
pulling bdbf939b402e:  65% ▕███████████       ▏ 2.1 GB/3.3 GB  3.7 MB/s   5m11s[K[A[1Gpulling manifest [K
pulling bdbf939b402e:  65% ▕███████████       ▏ 2.1 GB/3.3 GB  3.7 MB/s   5m11s[K[A[1Gpulling manifest [K
pulling bdbf939b402e:  65% ▕███████████       ▏ 2.1 GB/3.3 GB  3.7 MB/s   5m11s[K[A[1Gpulling manifest [K
pulling bdbf939b402e:  65% ▕███████████       ▏ 2.1 GB/3.3 GB  3.7 MB/s   5m11s[K[A[1Gpulling manifest [K
pulling bdbf939b402e:  65% ▕███████████       ▏ 2.1 GB/3.3 GB  3.7 MB/s   5m10s[K[A[1Gpulling manifest [K
pulling bdbf939b402e:  65% ▕███████████       ▏ 2.1 GB/3.3 GB  3.7 MB/s   5m10s[K[A[1Gpulling manifest [K
pulling bdbf939b402e:  65% ▕███████████       ▏ 2.1 GB/3.3 GB  3.7 MB/s   5m10s[K[A[1Gpulling manifest [K
pulling bdbf939b402e:  65% ▕███████████       ▏ 2.1 GB/3.3 GB  3.7 MB/s    5m9s[K[A[1Gpulling manifest [K
pulling bdbf939b402e:  65% ▕███████████       ▏ 2.1 GB/3.3 GB  3.7 MB/s    5m9s[K[A[1Gpulling manifest [K
pulling bdbf939b402e:  65% ▕███████████       ▏ 2.1 GB/3.3 GB  3.7 MB/s    5m9s[K[A[1Gpulling manifest [K
pulling bdbf939b402e:  65% ▕███████████       ▏ 2.1 GB/3.3 GB  3.7 MB/s    5m9s[K[A[1Gpulling manifest [K
pulling bdbf939b402e:  65% ▕███████████       ▏ 2.1 GB/3.3 GB  3.7 MB/s    5m9s[K[A[1Gpulling manifest [K
pulling bdbf939b402e:  65% ▕███████████       ▏ 2.1 GB/3.3 GB  3.7 MB/s    5m9s[K[A[1Gpulling manifest [K
pulling bdbf939b402e:  65% ▕███████████       ▏ 2.1 GB/3.3 GB  3.7 MB/s    5m9s[K[A[1Gpulling manifest [K
pulling bdbf939b402e:  65% ▕███████████       ▏ 2.1 GB/3.3 GB  3.7 MB/s    5m9s[K[A[1Gpulling manifest [K
pulling bdbf939b402e:  65% ▕███████████       ▏ 2.1 GB/3.3 GB  3.7 MB/s    5m9s[K[A[1Gpulling manifest [K
pulling bdbf939b402e:  65% ▕███████████       ▏ 2.1 GB/3.3 GB  3.7 MB/s    5m9s[K[A[1Gpulling manifest [K
pulling bdbf939b402e:  65% ▕███████████       ▏ 2.1 GB/3.3 GB  3.7 MB/s    5m8s[K[A[1Gpulling manifest [K
pulling bdbf939b402e:  65% ▕███████████       ▏ 2.1 GB/3.3 GB  3.7 MB/s    5m7s[K[A[1Gpulling manifest [K
pulling bdbf939b402e:  65% ▕███████████       ▏ 2.1 GB/3.3 GB  3.7 MB/s    5m7s[K[A[1Gpulling manifest [K
pulling bdbf939b402e:  65% ▕███████████       ▏ 2.1 GB/3.3 GB  3.7 MB/s    5m7s[K[A[1Gpulling manifest [K
pulling bdbf939b402e:  65% ▕███████████       ▏ 2.2 GB/3.3 GB  3.7 MB/s    5m7s[K[A[1Gpulling manifest [K
pulling bdbf939b402e:  65% ▕███████████       ▏ 2.2 GB/3.3 GB  3.7 MB/s    5m7s[K[A[1Gpulling manifest [K
pulling bdbf939b402e:  65% ▕███████████       ▏ 2.2 GB/3.3 GB  3.7 MB/s    5m7s[K[A[1Gpulling manifest [K
pulling bdbf939b402e:  65% ▕███████████       ▏ 2.2 GB/3.3 GB  3.7 MB/s    5m7s[K[A[1Gpulling manifest [K
pulling bdbf939b402e:  65% ▕███████████       ▏ 2.2 GB/3.3 GB  3.7 MB/s    5m7s[K[A[1Gpulling manifest [K
pulling bdbf939b402e:  65% ▕███████████       ▏ 2.2 GB/3.3 GB  3.7 MB/s    5m6s[K[A[1Gpulling manifest [K
pulling bdbf939b402e:  65% ▕███████████       ▏ 2.2 GB/3.3 GB  3.7 MB/s    5m6s[K[A[1Gpulling manifest [K
pulling bdbf939b402e:  65% ▕███████████       ▏ 2.2 GB/3.3 GB  3.7 MB/s    5m7s[K[A[1Gpulling manifest [K
pulling bdbf939b402e:  65% ▕███████████       ▏ 2.2 GB/3.3 GB  3.7 MB/s    5m7s[K[A[1Gpulling manifest [K
pulling bdbf939b402e:  65% ▕███████████       ▏ 2.2 GB/3.3 GB  3.7 MB/s    5m7s[K[A[1Gpulling manifest [K
pulling bdbf939b402e:  65% ▕███████████       ▏ 2.2 GB/3.3 GB  3.7 MB/s    5m7s[K[A[1Gpulling manifest [K
pulling bdbf939b402e:  65% ▕███████████       ▏ 2.2 GB/3.3 GB  3.7 MB/s    5m7s[K[A[1Gpulling manifest [K
pulling bdbf939b402e:  65% ▕███████████       ▏ 2.2 GB/3.3 GB  3.7 MB/s    5m6s[K[A[1Gpulling manifest [K
pulling bdbf939b402e:  65% ▕███████████       ▏ 2.2 GB/3.3 GB  3.7 MB/s    5m6s[K[A[1Gpulling manifest [K
pulling bdbf939b402e:  65% ▕███████████       ▏ 2.2 GB/3.3 GB  3.7 MB/s    5m6s[K[A[1Gpulling manifest [K
pulling bdbf939b402e:  65% ▕███████████       ▏ 2.2 GB/3.3 GB  3.7 MB/s    5m6s[K[A[1Gpulling manifest [K
pulling bdbf939b402e:  65% ▕███████████       ▏ 2.2 GB/3.3 GB  3.7 MB/s    5m6s[K[A[1Gpulling manifest [K
pulling bdbf939b402e:  65% ▕███████████       ▏ 2.2 GB/3.3 GB  3.8 MB/s    5m2s[K[A[1Gpulling manifest [K
pulling bdbf939b402e:  65% ▕███████████       ▏ 2.2 GB/3.3 GB  3.8 MB/s    5m2s[K[A[1Gpulling manifest [K
pulling bdbf939b402e:  65% ▕███████████       ▏ 2.2 GB/3.3 GB  3.8 MB/s    5m2s[K[A[1Gpulling manifest [K
pulling bdbf939b402e:  65% ▕███████████       ▏ 2.2 GB/3.3 GB  3.8 MB/s    5m2s[K[A[1Gpulling manifest [K
pulling bdbf939b402e:  65% ▕███████████       ▏ 2.2 GB/3.3 GB  3.8 MB/s    5m2s[K[A[1Gpulling manifest [K
pulling bdbf939b402e:  65% ▕███████████       ▏ 2.2 GB/3.3 GB  3.8 MB/s    5m2s[K[A[1Gpulling manifest [K
pulling bdbf939b402e:  65% ▕███████████       ▏ 2.2 GB/3.3 GB  3.8 MB/s    5m2s[K[A[1Gpulling manifest [K
pulling bdbf939b402e:  65% ▕███████████       ▏ 2.2 GB/3.3 GB  3.8 MB/s    5m2s[K[A[1Gpulling manifest [K
pulling bdbf939b402e:  65% ▕███████████       ▏ 2.2 GB/3.3 GB  3.8 MB/s    5m2s[K[A[1Gpulling manifest [K
pulling bdbf939b402e:  65% ▕███████████       ▏ 2.2 GB/3.3 GB  3.8 MB/s    5m2s[K[A[1Gpulling manifest [K
pulling bdbf939b402e:  65% ▕███████████       ▏ 2.2 GB/3.3 GB  3.7 MB/s    5m3s[K[A[1Gpulling manifest [K
pulling bdbf939b402e:  65% ▕███████████       ▏ 2.2 GB/3.3 GB  3.7 MB/s    5m3s[K[A[1Gpulling manifest [K
pulling bdbf939b402e:  65% ▕███████████       ▏ 2.2 GB/3.3 GB  3.7 MB/s    5m3s[K[A[1Gpulling manifest [K
pulling bdbf939b402e:  66% ▕███████████       ▏ 2.2 GB/3.3 GB  3.7 MB/s    5m3s[K[A[1Gpulling manifest [K
pulling bdbf939b402e:  66% ▕███████████       ▏ 2.2 GB/3.3 GB  3.7 MB/s    5m3s[K[A[1Gpulling manifest [K
pulling bdbf939b402e:  66% ▕███████████       ▏ 2.2 GB/3.3 GB  3.7 MB/s    5m3s[K[A[1Gpulling manifest [K
pulling bdbf939b402e:  66% ▕███████████       ▏ 2.2 GB/3.3 GB  3.7 MB/s    5m3s[K[A[1Gpulling manifest [K
pulling bdbf939b402e:  66% ▕███████████       ▏ 2.2 GB/3.3 GB  3.7 MB/s    5m3s[K[A[1Gpulling manifest [K
pulling bdbf939b402e:  66% ▕███████████       ▏ 2.2 GB/3.3 GB  3.7 MB/s    5m3s[K[A[1Gpulling manifest [K
pulling bdbf939b402e:  66% ▕███████████       ▏ 2.2 GB/3.3 GB  3.7 MB/s    5m2s[K[A[1Gpulling manifest [K
pulling bdbf939b402e:  66% ▕███████████       ▏ 2.2 GB/3.3 GB  3.7 MB/s    5m6s[K[A[1Gpulling manifest [K
pulling bdbf939b402e:  66% ▕███████████       ▏ 2.2 GB/3.3 GB  3.7 MB/s    5m6s[K[A[1Gpulling manifest [K
pulling bdbf939b402e:  66% ▕███████████       ▏ 2.2 GB/3.3 GB  3.7 MB/s    5m6s[K[A[1Gpulling manifest [K
pulling bdbf939b402e:  66% ▕███████████       ▏ 2.2 GB/3.3 GB  3.7 MB/s    5m6s[K[A[1Gpulling manifest [K
pulling bdbf939b402e:  66% ▕███████████       ▏ 2.2 GB/3.3 GB  3.7 MB/s    5m6s[K[A[1Gpulling manifest [K
pulling bdbf939b402e:  66% ▕███████████       ▏ 2.2 GB/3.3 GB  3.7 MB/s    5m6s[K[A[1Gpulling manifest [K
pulling bdbf939b402e:  66% ▕███████████       ▏ 2.2 GB/3.3 GB  3.7 MB/s    5m6s[K[A[1Gpulling manifest [K
pulling bdbf939b402e:  66% ▕███████████       ▏ 2.2 GB/3.3 GB  3.7 MB/s    5m5s[K[A[1Gpulling manifest [K
pulling bdbf939b402e:  66% ▕███████████       ▏ 2.2 GB/3.3 GB  3.7 MB/s    5m5s[K[A[1Gpulling manifest [K
pulling bdbf939b402e:  66% ▕███████████       ▏ 2.2 GB/3.3 GB  3.7 MB/s    5m5s[K[A[1Gpulling manifest [K
pulling bdbf939b402e:  66% ▕███████████       ▏ 2.2 GB/3.3 GB  3.7 MB/s    5m5s[K[A[1Gpulling manifest [K
pulling bdbf939b402e:  66% ▕███████████       ▏ 2.2 GB/3.3 GB  3.7 MB/s    5m2s[K[A[1Gpulling manifest [K
pulling bdbf939b402e:  66% ▕███████████       ▏ 2.2 GB/3.3 GB  3.7 MB/s    5m2s[K[A[1Gpulling manifest [K
pulling bdbf939b402e:  66% ▕███████████       ▏ 2.2 GB/3.3 GB  3.7 MB/s    5m2s[K[A[1Gpulling manifest [K
pulling bdbf939b402e:  66% ▕███████████       ▏ 2.2 GB/3.3 GB  3.7 MB/s    5m2s[K[A[1Gpulling manifest [K
pulling bdbf939b402e:  66% ▕███████████       ▏ 2.2 GB/3.3 GB  3.7 MB/s    5m2s[K[A[1Gpulling manifest [K
pulling bdbf939b402e:  66% ▕███████████       ▏ 2.2 GB/3.3 GB  3.7 MB/s    5m2s[K[A[1Gpulling manifest [K
pulling bdbf939b402e:  66% ▕███████████       ▏ 2.2 GB/3.3 GB  3.7 MB/s    5m2s[K[A[1Gpulling manifest [K
pulling bdbf939b402e:  66% ▕███████████       ▏ 2.2 GB/3.3 GB  3.7 MB/s    5m2s[K[A[1Gpulling manifest [K
pulling bdbf939b402e:  66% ▕███████████       ▏ 2.2 GB/3.3 GB  3.7 MB/s    5m2s[K[A[1Gpulling manifest [K
pulling bdbf939b402e:  66% ▕███████████       ▏ 2.2 GB/3.3 GB  3.7 MB/s    5m2s[K[A[1Gpulling manifest [K
pulling bdbf939b402e:  66% ▕███████████       ▏ 2.2 GB/3.3 GB  3.7 MB/s    5m4s[K[A[1Gpulling manifest [K
pulling bdbf939b402e:  66% ▕███████████       ▏ 2.2 GB/3.3 GB  3.7 MB/s    5m4s[K[A[1Gpulling manifest [K
pulling bdbf939b402e:  66% ▕███████████       ▏ 2.2 GB/3.3 GB  3.7 MB/s    5m4s[K[A[1Gpulling manifest [K
pulling bdbf939b402e:  66% ▕███████████       ▏ 2.2 GB/3.3 GB  3.7 MB/s    5m4s[K[A[1Gpulling manifest [K
pulling bdbf939b402e:  66% ▕███████████       ▏ 2.2 GB/3.3 GB  3.7 MB/s    5m3s[K[A[1Gpulling manifest [K
pulling bdbf939b402e:  66% ▕███████████       ▏ 2.2 GB/3.3 GB  3.7 MB/s    5m3s[K[A[1Gpulling manifest [K
pulling bdbf939b402e:  66% ▕███████████       ▏ 2.2 GB/3.3 GB  3.7 MB/s    5m3s[K[A[1Gpulling manifest [K
pulling bdbf939b402e:  66% ▕███████████       ▏ 2.2 GB/3.3 GB  3.7 MB/s    5m3s[K[A[1Gpulling manifest [K
pulling bdbf939b402e:  66% ▕███████████       ▏ 2.2 GB/3.3 GB  3.7 MB/s    5m3s[K[A[1Gpulling manifest [K
pulling bdbf939b402e:  66% ▕███████████       ▏ 2.2 GB/3.3 GB  3.7 MB/s    5m3s[K[A[1Gpulling manifest [K
pulling bdbf939b402e:  66% ▕███████████       ▏ 2.2 GB/3.3 GB  3.7 MB/s    5m4s[K[A[1Gpulling manifest [K
pulling bdbf939b402e:  66% ▕███████████       ▏ 2.2 GB/3.3 GB  3.7 MB/s    5m4s[K[A[1Gpulling manifest [K
pulling bdbf939b402e:  66% ▕███████████       ▏ 2.2 GB/3.3 GB  3.7 MB/s    5m4s[K[A[1Gpulling manifest [K
pulling bdbf939b402e:  66% ▕███████████       ▏ 2.2 GB/3.3 GB  3.7 MB/s    5m4s[K[A[1Gpulling manifest [K
pulling bdbf939b402e:  66% ▕███████████       ▏ 2.2 GB/3.3 GB  3.7 MB/s    5m3s[K[A[1Gpulling manifest [K
pulling bdbf939b402e:  66% ▕███████████       ▏ 2.2 GB/3.3 GB  3.7 MB/s    5m3s[K[A[1Gpulling manifest [K
pulling bdbf939b402e:  66% ▕███████████       ▏ 2.2 GB/3.3 GB  3.7 MB/s    5m3s[K[A[1Gpulling manifest [K
pulling bdbf939b402e:  66% ▕███████████       ▏ 2.2 GB/3.3 GB  3.7 MB/s    5m3s[K[A[1Gpulling manifest [K
pulling bdbf939b402e:  66% ▕███████████       ▏ 2.2 GB/3.3 GB  3.7 MB/s    5m3s[K[A[1Gpulling manifest [K
pulling bdbf939b402e:  66% ▕███████████       ▏ 2.2 GB/3.3 GB  3.7 MB/s    5m3s[K[A[1Gpulling manifest [K
pulling bdbf939b402e:  66% ▕███████████       ▏ 2.2 GB/3.3 GB  3.7 MB/s    5m4s[K[A[1Gpulling manifest [K
pulling bdbf939b402e:  66% ▕███████████       ▏ 2.2 GB/3.3 GB  3.7 MB/s    5m3s[K[A[1Gpulling manifest [K
pulling bdbf939b402e:  66% ▕███████████       ▏ 2.2 GB/3.3 GB  3.7 MB/s    5m3s[K[A[1Gpulling manifest [K
pulling bdbf939b402e:  66% ▕███████████       ▏ 2.2 GB/3.3 GB  3.7 MB/s    5m3s[K[A[1Gpulling manifest [K
pulling bdbf939b402e:  66% ▕███████████       ▏ 2.2 GB/3.3 GB  3.7 MB/s    5m3s[K[A[1Gpulling manifest [K
pulling bdbf939b402e:  66% ▕███████████       ▏ 2.2 GB/3.3 GB  3.7 MB/s    5m3s[K[A[1Gpulling manifest [K
pulling bdbf939b402e:  66% ▕███████████       ▏ 2.2 GB/3.3 GB  3.7 MB/s    5m3s[K[A[1Gpulling manifest [K
pulling bdbf939b402e:  66% ▕███████████       ▏ 2.2 GB/3.3 GB  3.7 MB/s    5m3s[K[A[1Gpulling manifest [K
pulling bdbf939b402e:  66% ▕███████████       ▏ 2.2 GB/3.3 GB  3.7 MB/s    5m3s[K[A[1Gpulling manifest [K
pulling bdbf939b402e:  66% ▕███████████       ▏ 2.2 GB/3.3 GB  3.7 MB/s    5m3s[K[A[1Gpulling manifest [K
pulling bdbf939b402e:  66% ▕███████████       ▏ 2.2 GB/3.3 GB  3.7 MB/s    5m1s[K[A[1Gpulling manifest [K
pulling bdbf939b402e:  66% ▕███████████       ▏ 2.2 GB/3.3 GB  3.7 MB/s    5m1s[K[A[1Gpulling manifest [K
pulling bdbf939b402e:  66% ▕███████████       ▏ 2.2 GB/3.3 GB  3.7 MB/s    5m1s[K[A[1Gpulling manifest [K
pulling bdbf939b402e:  66% ▕███████████       ▏ 2.2 GB/3.3 GB  3.7 MB/s    5m1s[K[A[1Gpulling manifest [K
pulling bdbf939b402e:  66% ▕███████████       ▏ 2.2 GB/3.3 GB  3.7 MB/s    5m1s[K[A[1Gpulling manifest [K
pulling bdbf939b402e:  66% ▕███████████       ▏ 2.2 GB/3.3 GB  3.7 MB/s    5m1s[K[A[1Gpulling manifest [K
pulling bdbf939b402e:  66% ▕███████████       ▏ 2.2 GB/3.3 GB  3.7 MB/s    5m1s[K[A[1Gpulling manifest [K
pulling bdbf939b402e:  66% ▕███████████       ▏ 2.2 GB/3.3 GB  3.7 MB/s    5m0s[K[A[1Gpulling manifest [K
pulling bdbf939b402e:  66% ▕███████████       ▏ 2.2 GB/3.3 GB  3.7 MB/s    5m0s[K[A[1Gpulling manifest [K
pulling bdbf939b402e:  66% ▕███████████       ▏ 2.2 GB/3.3 GB  3.7 MB/s    5m0s[K[A[1Gpulling manifest [K
pulling bdbf939b402e:  66% ▕███████████       ▏ 2.2 GB/3.3 GB  3.7 MB/s    5m0s[K[A[1Gpulling manifest [K
pulling bdbf939b402e:  66% ▕███████████       ▏ 2.2 GB/3.3 GB  3.7 MB/s    5m2s[K[A[1Gpulling manifest [K
pulling bdbf939b402e:  66% ▕███████████       ▏ 2.2 GB/3.3 GB  3.7 MB/s    5m2s[K[A[1Gpulling manifest [K
pulling bdbf939b402e:  66% ▕███████████       ▏ 2.2 GB/3.3 GB  3.7 MB/s    5m2s[K[A[1Gpulling manifest [K
pulling bdbf939b402e:  66% ▕███████████       ▏ 2.2 GB/3.3 GB  3.7 MB/s    5m2s[K[A[1Gpulling manifest [K
pulling bdbf939b402e:  66% ▕███████████       ▏ 2.2 GB/3.3 GB  3.7 MB/s    5m1s[K[A[1Gpulling manifest [K
pulling bdbf939b402e:  66% ▕███████████       ▏ 2.2 GB/3.3 GB  3.7 MB/s    5m1s[K[A[1Gpulling manifest [K
pulling bdbf939b402e:  66% ▕███████████       ▏ 2.2 GB/3.3 GB  3.7 MB/s    5m1s[K[A[1Gpulling manifest [K
pulling bdbf939b402e:  66% ▕███████████       ▏ 2.2 GB/3.3 GB  3.7 MB/s    5m1s[K[A[1Gpulling manifest [K
pulling bdbf939b402e:  66% ▕███████████       ▏ 2.2 GB/3.3 GB  3.7 MB/s    5m1s[K[A[1Gpulling manifest [K
pulling bdbf939b402e:  66% ▕███████████       ▏ 2.2 GB/3.3 GB  3.7 MB/s    5m1s[K[A[1Gpulling manifest [K
pulling bdbf939b402e:  66% ▕███████████       ▏ 2.2 GB/3.3 GB  3.6 MB/s    5m7s[K[A[1Gpulling manifest [K
pulling bdbf939b402e:  66% ▕███████████       ▏ 2.2 GB/3.3 GB  3.6 MB/s    5m7s[K[A[1Gpulling manifest [K
pulling bdbf939b402e:  66% ▕███████████       ▏ 2.2 GB/3.3 GB  3.6 MB/s    5m7s[K[A[1Gpulling manifest [K
pulling bdbf939b402e:  66% ▕███████████       ▏ 2.2 GB/3.3 GB  3.6 MB/s    5m7s[K[A[1Gpulling manifest [K
pulling bdbf939b402e:  66% ▕███████████       ▏ 2.2 GB/3.3 GB  3.6 MB/s    5m7s[K[A[1Gpulling manifest [K
pulling bdbf939b402e:  66% ▕███████████       ▏ 2.2 GB/3.3 GB  3.6 MB/s    5m7s[K[A[1Gpulling manifest [K
pulling bdbf939b402e:  66% ▕███████████       ▏ 2.2 GB/3.3 GB  3.6 MB/s    5m6s[K[A[1Gpulling manifest [K
pulling bdbf939b402e:  66% ▕███████████       ▏ 2.2 GB/3.3 GB  3.6 MB/s    5m6s[K[A[1Gpulling manifest [K
pulling bdbf939b402e:  66% ▕███████████       ▏ 2.2 GB/3.3 GB  3.6 MB/s    5m6s[K[A[1Gpulling manifest [K
pulling bdbf939b402e:  66% ▕███████████       ▏ 2.2 GB/3.3 GB  3.6 MB/s    5m6s[K[A[1Gpulling manifest [K
pulling bdbf939b402e:  66% ▕███████████       ▏ 2.2 GB/3.3 GB  3.6 MB/s    5m5s[K[A[1Gpulling manifest [K
pulling bdbf939b402e:  66% ▕███████████       ▏ 2.2 GB/3.3 GB  3.6 MB/s    5m5s[K[A[1Gpulling manifest [K
pulling bdbf939b402e:  66% ▕███████████       ▏ 2.2 GB/3.3 GB  3.6 MB/s    5m5s[K[A[1Gpulling manifest [K
pulling bdbf939b402e:  67% ▕███████████       ▏ 2.2 GB/3.3 GB  3.6 MB/s    5m5s[K[A[1Gpulling manifest [K
pulling bdbf939b402e:  67% ▕███████████       ▏ 2.2 GB/3.3 GB  3.6 MB/s    5m5s[K[A[1Gpulling manifest [K
pulling bdbf939b402e:  67% ▕███████████       ▏ 2.2 GB/3.3 GB  3.6 MB/s    5m4s[K[A[1Gpulling manifest [K
pulling bdbf939b402e:  67% ▕███████████       ▏ 2.2 GB/3.3 GB  3.6 MB/s    5m4s[K[A[1Gpulling manifest [K
pulling bdbf939b402e:  67% ▕███████████       ▏ 2.2 GB/3.3 GB  3.6 MB/s    5m4s[K[A[1Gpulling manifest [K
pulling bdbf939b402e:  67% ▕███████████       ▏ 2.2 GB/3.3 GB  3.6 MB/s    5m4s[K[A[1Gpulling manifest [K
pulling bdbf939b402e:  67% ▕███████████       ▏ 2.2 GB/3.3 GB  3.6 MB/s    5m4s[K[A[1Gpulling manifest [K
pulling bdbf939b402e:  67% ▕███████████       ▏ 2.2 GB/3.3 GB  3.7 MB/s    5m0s[K[A[1Gpulling manifest [K
pulling bdbf939b402e:  67% ▕███████████       ▏ 2.2 GB/3.3 GB  3.7 MB/s    5m0s[K[A[1Gpulling manifest [K
pulling bdbf939b402e:  67% ▕███████████       ▏ 2.2 GB/3.3 GB  3.7 MB/s    5m0s[K[A[1Gpulling manifest [K
pulling bdbf939b402e:  67% ▕███████████       ▏ 2.2 GB/3.3 GB  3.7 MB/s    5m0s[K[A[1Gpulling manifest [K
pulling bdbf939b402e:  67% ▕███████████       ▏ 2.2 GB/3.3 GB  3.7 MB/s   4m59s[K[A[1Gpulling manifest [K
pulling bdbf939b402e:  67% ▕███████████       ▏ 2.2 GB/3.3 GB  3.7 MB/s   4m59s[K[A[1Gpulling manifest [K
pulling bdbf939b402e:  67% ▕███████████       ▏ 2.2 GB/3.3 GB  3.7 MB/s   4m59s[K[A[1Gpulling manifest [K
pulling bdbf939b402e:  67% ▕███████████       ▏ 2.2 GB/3.3 GB  3.7 MB/s   4m59s[K[A[1Gpulling manifest [K
pulling bdbf939b402e:  67% ▕███████████       ▏ 2.2 GB/3.3 GB  3.7 MB/s   4m59s[K[A[1Gpulling manifest [K
pulling bdbf939b402e:  67% ▕████████████      ▏ 2.2 GB/3.3 GB  3.7 MB/s   4m59s[K[A[1Gpulling manifest [K
pulling bdbf939b402e:  67% ▕████████████      ▏ 2.2 GB/3.3 GB  3.6 MB/s    5m3s[K[A[1Gpulling manifest [K
pulling bdbf939b402e:  67% ▕████████████      ▏ 2.2 GB/3.3 GB  3.6 MB/s    5m3s[K[A[1Gpulling manifest [K
pulling bdbf939b402e:  67% ▕████████████      ▏ 2.2 GB/3.3 GB  3.6 MB/s    5m3s[K[A[1Gpulling manifest [K
pulling bdbf939b402e:  67% ▕████████████      ▏ 2.2 GB/3.3 GB  3.6 MB/s    5m3s[K[A[1Gpulling manifest [K
pulling bdbf939b402e:  67% ▕████████████      ▏ 2.2 GB/3.3 GB  3.6 MB/s    5m3s[K[A[1Gpulling manifest [K
pulling bdbf939b402e:  67% ▕████████████      ▏ 2.2 GB/3.3 GB  3.6 MB/s    5m2s[K[A[1Gpulling manifest [K
pulling bdbf939b402e:  67% ▕████████████      ▏ 2.2 GB/3.3 GB  3.6 MB/s    5m2s[K[A[1Gpulling manifest [K
pulling bdbf939b402e:  67% ▕████████████      ▏ 2.2 GB/3.3 GB  3.6 MB/s    5m2s[K[A[1Gpulling manifest [K
pulling bdbf939b402e:  67% ▕████████████      ▏ 2.2 GB/3.3 GB  3.6 MB/s    5m2s[K[A[1Gpulling manifest [K
pulling bdbf939b402e:  67% ▕████████████      ▏ 2.2 GB/3.3 GB  3.6 MB/s    5m2s[K[A[1Gpulling manifest [K
pulling bdbf939b402e:  67% ▕████████████      ▏ 2.2 GB/3.3 GB  3.6 MB/s    5m2s[K[A[1Gpulling manifest [K
pulling bdbf939b402e:  67% ▕████████████      ▏ 2.2 GB/3.3 GB  3.6 MB/s    5m4s[K[A[1Gpulling manifest [K
pulling bdbf939b402e:  67% ▕████████████      ▏ 2.2 GB/3.3 GB  3.6 MB/s    5m4s[K[A[1Gpulling manifest [K
pulling bdbf939b402e:  67% ▕████████████      ▏ 2.2 GB/3.3 GB  3.6 MB/s    5m4s[K[A[1Gpulling manifest [K
pulling bdbf939b402e:  67% ▕████████████      ▏ 2.2 GB/3.3 GB  3.6 MB/s    5m4s[K[A[1Gpulling manifest [K
pulling bdbf939b402e:  67% ▕████████████      ▏ 2.2 GB/3.3 GB  3.6 MB/s    5m4s[K[A[1Gpulling manifest [K
pulling bdbf939b402e:  67% ▕████████████      ▏ 2.2 GB/3.3 GB  3.6 MB/s    5m4s[K[A[1Gpulling manifest [K
pulling bdbf939b402e:  67% ▕████████████      ▏ 2.2 GB/3.3 GB  3.6 MB/s    5m4s[K[A[1Gpulling manifest [K
pulling bdbf939b402e:  67% ▕████████████      ▏ 2.2 GB/3.3 GB  3.6 MB/s    5m3s[K[A[1Gpulling manifest [K
pulling bdbf939b402e:  67% ▕████████████      ▏ 2.2 GB/3.3 GB  3.6 MB/s    5m3s[K[A[1Gpulling manifest [K
pulling bdbf939b402e:  67% ▕████████████      ▏ 2.2 GB/3.3 GB  3.6 MB/s    5m3s[K[A[1Gpulling manifest [K
pulling bdbf939b402e:  67% ▕████████████      ▏ 2.2 GB/3.3 GB  3.6 MB/s    5m2s[K[A[1Gpulling manifest [K
pulling bdbf939b402e:  67% ▕████████████      ▏ 2.2 GB/3.3 GB  3.6 MB/s    5m2s[K[A[1Gpulling manifest [K
pulling bdbf939b402e:  67% ▕████████████      ▏ 2.2 GB/3.3 GB  3.6 MB/s    5m2s[K[A[1Gpulling manifest [K
pulling bdbf939b402e:  67% ▕████████████      ▏ 2.2 GB/3.3 GB  3.6 MB/s    5m2s[K[A[1Gpulling manifest [K
pulling bdbf939b402e:  67% ▕████████████      ▏ 2.2 GB/3.3 GB  3.6 MB/s    5m2s[K[A[1Gpulling manifest [K
pulling bdbf939b402e:  67% ▕████████████      ▏ 2.2 GB/3.3 GB  3.6 MB/s    5m2s[K[A[1Gpulling manifest [K
pulling bdbf939b402e:  67% ▕████████████      ▏ 2.2 GB/3.3 GB  3.6 MB/s    5m2s[K[A[1Gpulling manifest [K
pulling bdbf939b402e:  67% ▕████████████      ▏ 2.2 GB/3.3 GB  3.6 MB/s    5m2s[K[A[1Gpulling manifest [K
pulling bdbf939b402e:  67% ▕████████████      ▏ 2.2 GB/3.3 GB  3.6 MB/s    5m1s[K[A[1Gpulling manifest [K
pulling bdbf939b402e:  67% ▕████████████      ▏ 2.2 GB/3.3 GB  3.6 MB/s    5m1s[K[A[1Gpulling manifest [K
pulling bdbf939b402e:  67% ▕████████████      ▏ 2.2 GB/3.3 GB  3.6 MB/s    5m4s[K[A[1Gpulling manifest [K
pulling bdbf939b402e:  67% ▕████████████      ▏ 2.2 GB/3.3 GB  3.6 MB/s    5m4s[K[A[1Gpulling manifest [K
pulling bdbf939b402e:  67% ▕████████████      ▏ 2.2 GB/3.3 GB  3.6 MB/s    5m4s[K[A[1Gpulling manifest [K
pulling bdbf939b402e:  67% ▕████████████      ▏ 2.2 GB/3.3 GB  3.6 MB/s    5m4s[K[A[1Gpulling manifest [K
pulling bdbf939b402e:  67% ▕████████████      ▏ 2.2 GB/3.3 GB  3.6 MB/s    5m4s[K[A[1Gpulling manifest [K
pulling bdbf939b402e:  67% ▕████████████      ▏ 2.2 GB/3.3 GB  3.6 MB/s    5m3s[K[A[1Gpulling manifest [K
pulling bdbf939b402e:  67% ▕████████████      ▏ 2.2 GB/3.3 GB  3.6 MB/s    5m3s[K[A[1Gpulling manifest [K
pulling bdbf939b402e:  67% ▕████████████      ▏ 2.2 GB/3.3 GB  3.6 MB/s    5m3s[K[A[1Gpulling manifest [K
pulling bdbf939b402e:  67% ▕████████████      ▏ 2.2 GB/3.3 GB  3.6 MB/s    5m3s[K[A[1Gpulling manifest [K
pulling bdbf939b402e:  67% ▕████████████      ▏ 2.2 GB/3.3 GB  3.6 MB/s    5m3s[K[A[1Gpulling manifest [K
pulling bdbf939b402e:  67% ▕████████████      ▏ 2.2 GB/3.3 GB  3.6 MB/s    5m1s[K[A[1Gpulling manifest [K
pulling bdbf939b402e:  67% ▕████████████      ▏ 2.2 GB/3.3 GB  3.6 MB/s    5m1s[K[A[1Gpulling manifest [K
pulling bdbf939b402e:  67% ▕████████████      ▏ 2.2 GB/3.3 GB  3.6 MB/s    5m1s[K[A[1Gpulling manifest [K
pulling bdbf939b402e:  67% ▕████████████      ▏ 2.2 GB/3.3 GB  3.6 MB/s    5m1s[K[A[1Gpulling manifest [K
pulling bdbf939b402e:  67% ▕████████████      ▏ 2.2 GB/3.3 GB  3.6 MB/s    5m1s[K[A[1Gpulling manifest [K
pulling bdbf939b402e:  67% ▕████████████      ▏ 2.2 GB/3.3 GB  3.6 MB/s    5m1s[K[A[1Gpulling manifest [K
pulling bdbf939b402e:  67% ▕████████████      ▏ 2.2 GB/3.3 GB  3.6 MB/s    5m1s[K[A[1Gpulling manifest [K
pulling bdbf939b402e:  67% ▕████████████      ▏ 2.2 GB/3.3 GB  3.6 MB/s    5m1s[K[A[1Gpulling manifest [K
pulling bdbf939b402e:  67% ▕████████████      ▏ 2.2 GB/3.3 GB  3.6 MB/s    5m1s[K[A[1Gpulling manifest [K
pulling bdbf939b402e:  67% ▕████████████      ▏ 2.2 GB/3.3 GB  3.6 MB/s    5m1s[K[A[1Gpulling manifest [K
pulling bdbf939b402e:  67% ▕████████████      ▏ 2.2 GB/3.3 GB  3.6 MB/s    5m4s[K[A[1Gpulling manifest [K
pulling bdbf939b402e:  67% ▕████████████      ▏ 2.2 GB/3.3 GB  3.6 MB/s    5m4s[K[A[1Gpulling manifest [K
pulling bdbf939b402e:  67% ▕████████████      ▏ 2.2 GB/3.3 GB  3.6 MB/s    5m4s[K[A[1Gpulling manifest [K
pulling bdbf939b402e:  67% ▕████████████      ▏ 2.2 GB/3.3 GB  3.6 MB/s    5m4s[K[A[1Gpulling manifest [K
pulling bdbf939b402e:  67% ▕████████████      ▏ 2.2 GB/3.3 GB  3.6 MB/s    5m3s[K[A[1Gpulling manifest [K
pulling bdbf939b402e:  67% ▕████████████      ▏ 2.2 GB/3.3 GB  3.6 MB/s    5m3s[K[A[1Gpulling manifest [K
pulling bdbf939b402e:  67% ▕████████████      ▏ 2.2 GB/3.3 GB  3.6 MB/s    5m3s[K[A[1Gpulling manifest [K
pulling bdbf939b402e:  67% ▕████████████      ▏ 2.2 GB/3.3 GB  3.6 MB/s    5m3s[K[A[1Gpulling manifest [K
pulling bdbf939b402e:  67% ▕████████████      ▏ 2.2 GB/3.3 GB  3.6 MB/s    5m3s[K[A[1Gpulling manifest [K
pulling bdbf939b402e:  67% ▕████████████      ▏ 2.2 GB/3.3 GB  3.6 MB/s    5m3s[K[A[1Gpulling manifest [K
pulling bdbf939b402e:  67% ▕████████████      ▏ 2.2 GB/3.3 GB  3.6 MB/s    5m3s[K[A[1Gpulling manifest [K
pulling bdbf939b402e:  67% ▕████████████      ▏ 2.2 GB/3.3 GB  3.6 MB/s   4m58s[K[A[1Gpulling manifest [K
pulling bdbf939b402e:  67% ▕████████████      ▏ 2.2 GB/3.3 GB  3.6 MB/s   4m58s[K[A[1Gpulling manifest [K
pulling bdbf939b402e:  67% ▕████████████      ▏ 2.2 GB/3.3 GB  3.6 MB/s   4m58s[K[A[1Gpulling manifest [K
pulling bdbf939b402e:  67% ▕████████████      ▏ 2.2 GB/3.3 GB  3.6 MB/s   4m58s[K[A[1Gpulling manifest [K
pulling bdbf939b402e:  67% ▕████████████      ▏ 2.2 GB/3.3 GB  3.6 MB/s   4m58s[K[A[1Gpulling manifest [K
pulling bdbf939b402e:  67% ▕████████████      ▏ 2.2 GB/3.3 GB  3.6 MB/s   4m58s[K[A[1Gpulling manifest [K
pulling bdbf939b402e:  67% ▕████████████      ▏ 2.2 GB/3.3 GB  3.6 MB/s   4m58s[K[A[1Gpulling manifest [K
pulling bdbf939b402e:  67% ▕████████████      ▏ 2.2 GB/3.3 GB  3.6 MB/s   4m58s[K[A[1Gpulling manifest [K
pulling bdbf939b402e:  67% ▕████████████      ▏ 2.2 GB/3.3 GB  3.6 MB/s   4m57s[K[A[1Gpulling manifest [K
pulling bdbf939b402e:  67% ▕████████████      ▏ 2.2 GB/3.3 GB  3.6 MB/s   4m57s[K[A[1Gpulling manifest [K
pulling bdbf939b402e:  67% ▕████████████      ▏ 2.2 GB/3.3 GB  3.6 MB/s   4m55s[K[A[1Gpulling manifest [K
pulling bdbf939b402e:  67% ▕████████████      ▏ 2.2 GB/3.3 GB  3.6 MB/s   4m55s[K[A[1Gpulling manifest [K
pulling bdbf939b402e:  67% ▕████████████      ▏ 2.2 GB/3.3 GB  3.6 MB/s   4m55s[K[A[1Gpulling manifest [K
pulling bdbf939b402e:  67% ▕████████████      ▏ 2.2 GB/3.3 GB  3.6 MB/s   4m54s[K[A[1Gpulling manifest [K
pulling bdbf939b402e:  67% ▕████████████      ▏ 2.2 GB/3.3 GB  3.6 MB/s   4m54s[K[A[1Gpulling manifest [K
pulling bdbf939b402e:  68% ▕████████████      ▏ 2.2 GB/3.3 GB  3.6 MB/s   4m54s[K[A[1Gpulling manifest [K
pulling bdbf939b402e:  68% ▕████████████      ▏ 2.2 GB/3.3 GB  3.6 MB/s   4m54s[K[A[1Gpulling manifest [K
pulling bdbf939b402e:  68% ▕████████████      ▏ 2.2 GB/3.3 GB  3.6 MB/s   4m54s[K[A[1Gpulling manifest [K
pulling bdbf939b402e:  68% ▕████████████      ▏ 2.2 GB/3.3 GB  3.6 MB/s   4m54s[K[A[1Gpulling manifest [K
pulling bdbf939b402e:  68% ▕████████████      ▏ 2.2 GB/3.3 GB  3.6 MB/s   4m54s[K[A[1Gpulling manifest [K
pulling bdbf939b402e:  68% ▕████████████      ▏ 2.2 GB/3.3 GB  3.6 MB/s   4m55s[K[A[1Gpulling manifest [K
pulling bdbf939b402e:  68% ▕████████████      ▏ 2.2 GB/3.3 GB  3.6 MB/s   4m55s[K[A[1Gpulling manifest [K
pulling bdbf939b402e:  68% ▕████████████      ▏ 2.2 GB/3.3 GB  3.6 MB/s   4m55s[K[A[1Gpulling manifest [K
pulling bdbf939b402e:  68% ▕████████████      ▏ 2.2 GB/3.3 GB  3.6 MB/s   4m55s[K[A[1Gpulling manifest [K
pulling bdbf939b402e:  68% ▕████████████      ▏ 2.2 GB/3.3 GB  3.6 MB/s   4m55s[K[A[1Gpulling manifest [K
pulling bdbf939b402e:  68% ▕████████████      ▏ 2.2 GB/3.3 GB  3.6 MB/s   4m55s[K[A[1Gpulling manifest [K
pulling bdbf939b402e:  68% ▕████████████      ▏ 2.2 GB/3.3 GB  3.6 MB/s   4m55s[K[A[1Gpulling manifest [K
pulling bdbf939b402e:  68% ▕████████████      ▏ 2.2 GB/3.3 GB  3.6 MB/s   4m55s[K[A[1Gpulling manifest [K
pulling bdbf939b402e:  68% ▕████████████      ▏ 2.2 GB/3.3 GB  3.6 MB/s   4m55s[K[A[1Gpulling manifest [K
pulling bdbf939b402e:  68% ▕████████████      ▏ 2.2 GB/3.3 GB  3.6 MB/s   4m55s[K[A[1Gpulling manifest [K
pulling bdbf939b402e:  68% ▕████████████      ▏ 2.2 GB/3.3 GB  3.6 MB/s   4m55s[K[A[1Gpulling manifest [K
pulling bdbf939b402e:  68% ▕████████████      ▏ 2.2 GB/3.3 GB  3.6 MB/s   4m55s[K[A[1Gpulling manifest [K
pulling bdbf939b402e:  68% ▕████████████      ▏ 2.2 GB/3.3 GB  3.6 MB/s   4m55s[K[A[1Gpulling manifest [K
pulling bdbf939b402e:  68% ▕████████████      ▏ 2.2 GB/3.3 GB  3.6 MB/s   4m55s[K[A[1Gpulling manifest [K
pulling bdbf939b402e:  68% ▕████████████      ▏ 2.2 GB/3.3 GB  3.6 MB/s   4m55s[K[A[1Gpulling manifest [K
pulling bdbf939b402e:  68% ▕████████████      ▏ 2.2 GB/3.3 GB  3.6 MB/s   4m55s[K[A[1Gpulling manifest [K
pulling bdbf939b402e:  68% ▕████████████      ▏ 2.2 GB/3.3 GB  3.6 MB/s   4m55s[K[A[1Gpulling manifest [K
pulling bdbf939b402e:  68% ▕████████████      ▏ 2.2 GB/3.3 GB  3.6 MB/s   4m55s[K[A[1Gpulling manifest [K
pulling bdbf939b402e:  68% ▕████████████      ▏ 2.2 GB/3.3 GB  3.6 MB/s   4m55s[K[A[1Gpulling manifest [K
pulling bdbf939b402e:  68% ▕████████████      ▏ 2.2 GB/3.3 GB  3.6 MB/s   4m55s[K[A[1Gpulling manifest [K
pulling bdbf939b402e:  68% ▕████████████      ▏ 2.2 GB/3.3 GB  3.7 MB/s   4m49s[K[A[1Gpulling manifest [K
pulling bdbf939b402e:  68% ▕████████████      ▏ 2.2 GB/3.3 GB  3.7 MB/s   4m49s[K[A[1Gpulling manifest [K
pulling bdbf939b402e:  68% ▕████████████      ▏ 2.2 GB/3.3 GB  3.7 MB/s   4m49s[K[A[1Gpulling manifest [K
pulling bdbf939b402e:  68% ▕████████████      ▏ 2.2 GB/3.3 GB  3.7 MB/s   4m49s[K[A[1Gpulling manifest [K
pulling bdbf939b402e:  68% ▕████████████      ▏ 2.2 GB/3.3 GB  3.7 MB/s   4m49s[K[A[1Gpulling manifest [K
pulling bdbf939b402e:  68% ▕████████████      ▏ 2.2 GB/3.3 GB  3.7 MB/s   4m49s[K[A[1Gpulling manifest [K
pulling bdbf939b402e:  68% ▕████████████      ▏ 2.2 GB/3.3 GB  3.7 MB/s   4m49s[K[A[1Gpulling manifest [K
pulling bdbf939b402e:  68% ▕████████████      ▏ 2.2 GB/3.3 GB  3.7 MB/s   4m49s[K[A[1Gpulling manifest [K
pulling bdbf939b402e:  68% ▕████████████      ▏ 2.2 GB/3.3 GB  3.7 MB/s   4m49s[K[A[1Gpulling manifest [K
pulling bdbf939b402e:  68% ▕████████████      ▏ 2.2 GB/3.3 GB  3.7 MB/s   4m48s[K[A[1Gpulling manifest [K
pulling bdbf939b402e:  68% ▕████████████      ▏ 2.2 GB/3.3 GB  3.7 MB/s   4m48s[K[A[1Gpulling manifest [K
pulling bdbf939b402e:  68% ▕████████████      ▏ 2.2 GB/3.3 GB  3.7 MB/s   4m47s[K[A[1Gpulling manifest [K
pulling bdbf939b402e:  68% ▕████████████      ▏ 2.2 GB/3.3 GB  3.7 MB/s   4m46s[K[A[1Gpulling manifest [K
pulling bdbf939b402e:  68% ▕████████████      ▏ 2.2 GB/3.3 GB  3.7 MB/s   4m46s[K[A[1Gpulling manifest [K
pulling bdbf939b402e:  68% ▕████████████      ▏ 2.2 GB/3.3 GB  3.7 MB/s   4m46s[K[A[1Gpulling manifest [K
pulling bdbf939b402e:  68% ▕████████████      ▏ 2.2 GB/3.3 GB  3.7 MB/s   4m46s[K[A[1Gpulling manifest [K
pulling bdbf939b402e:  68% ▕████████████      ▏ 2.2 GB/3.3 GB  3.7 MB/s   4m46s[K[A[1Gpulling manifest [K
pulling bdbf939b402e:  68% ▕████████████      ▏ 2.2 GB/3.3 GB  3.7 MB/s   4m46s[K[A[1Gpulling manifest [K
pulling bdbf939b402e:  68% ▕████████████      ▏ 2.2 GB/3.3 GB  3.7 MB/s   4m46s[K[A[1Gpulling manifest [K
pulling bdbf939b402e:  68% ▕████████████      ▏ 2.2 GB/3.3 GB  3.7 MB/s   4m46s[K[A[1Gpulling manifest [K
pulling bdbf939b402e:  68% ▕████████████      ▏ 2.2 GB/3.3 GB  3.7 MB/s   4m46s[K[A[1Gpulling manifest [K
pulling bdbf939b402e:  68% ▕████████████      ▏ 2.2 GB/3.3 GB  3.7 MB/s   4m42s[K[A[1Gpulling manifest [K
pulling bdbf939b402e:  68% ▕████████████      ▏ 2.2 GB/3.3 GB  3.7 MB/s   4m42s[K[A[1Gpulling manifest [K
pulling bdbf939b402e:  68% ▕████████████      ▏ 2.2 GB/3.3 GB  3.7 MB/s   4m42s[K[A[1Gpulling manifest [K
pulling bdbf939b402e:  68% ▕████████████      ▏ 2.2 GB/3.3 GB  3.7 MB/s   4m42s[K[A[1Gpulling manifest [K
pulling bdbf939b402e:  68% ▕████████████      ▏ 2.2 GB/3.3 GB  3.7 MB/s   4m41s[K[A[1Gpulling manifest [K
pulling bdbf939b402e:  68% ▕████████████      ▏ 2.2 GB/3.3 GB  3.7 MB/s   4m41s[K[A[1Gpulling manifest [K
pulling bdbf939b402e:  68% ▕████████████      ▏ 2.2 GB/3.3 GB  3.7 MB/s   4m41s[K[A[1Gpulling manifest [K
pulling bdbf939b402e:  68% ▕████████████      ▏ 2.2 GB/3.3 GB  3.7 MB/s   4m41s[K[A[1Gpulling manifest [K
pulling bdbf939b402e:  68% ▕████████████      ▏ 2.2 GB/3.3 GB  3.7 MB/s   4m41s[K[A[1Gpulling manifest [K
pulling bdbf939b402e:  68% ▕████████████      ▏ 2.2 GB/3.3 GB  3.7 MB/s   4m41s[K[A[1Gpulling manifest [K
pulling bdbf939b402e:  68% ▕████████████      ▏ 2.2 GB/3.3 GB  3.7 MB/s   4m44s[K[A[1Gpulling manifest [K
pulling bdbf939b402e:  68% ▕████████████      ▏ 2.2 GB/3.3 GB  3.7 MB/s   4m43s[K[A[1Gpulling manifest [K
pulling bdbf939b402e:  68% ▕████████████      ▏ 2.2 GB/3.3 GB  3.7 MB/s   4m43s[K[A[1Gpulling manifest [K
pulling bdbf939b402e:  68% ▕████████████      ▏ 2.2 GB/3.3 GB  3.7 MB/s   4m43s[K[A[1Gpulling manifest [K
pulling bdbf939b402e:  68% ▕████████████      ▏ 2.2 GB/3.3 GB  3.7 MB/s   4m43s[K[A[1Gpulling manifest [K
pulling bdbf939b402e:  68% ▕████████████      ▏ 2.2 GB/3.3 GB  3.7 MB/s   4m43s[K[A[1Gpulling manifest [K
pulling bdbf939b402e:  68% ▕████████████      ▏ 2.2 GB/3.3 GB  3.7 MB/s   4m43s[K[A[1Gpulling manifest [K
pulling bdbf939b402e:  68% ▕████████████      ▏ 2.3 GB/3.3 GB  3.7 MB/s   4m43s[K[A[1Gpulling manifest [K
pulling bdbf939b402e:  68% ▕████████████      ▏ 2.3 GB/3.3 GB  3.7 MB/s   4m43s[K[A[1Gpulling manifest [K
pulling bdbf939b402e:  68% ▕████████████      ▏ 2.3 GB/3.3 GB  3.7 MB/s   4m43s[K[A[1Gpulling manifest [K
pulling bdbf939b402e:  68% ▕████████████      ▏ 2.3 GB/3.3 GB  3.7 MB/s   4m40s[K[A[1Gpulling manifest [K
pulling bdbf939b402e:  68% ▕████████████      ▏ 2.3 GB/3.3 GB  3.7 MB/s   4m39s[K[A[1Gpulling manifest [K
pulling bdbf939b402e:  68% ▕████████████      ▏ 2.3 GB/3.3 GB  3.7 MB/s   4m39s[K[A[1Gpulling manifest [K
pulling bdbf939b402e:  68% ▕████████████      ▏ 2.3 GB/3.3 GB  3.7 MB/s   4m39s[K[A[1Gpulling manifest [K
pulling bdbf939b402e:  68% ▕████████████      ▏ 2.3 GB/3.3 GB  3.7 MB/s   4m39s[K[A[1Gpulling manifest [K
pulling bdbf939b402e:  68% ▕████████████      ▏ 2.3 GB/3.3 GB  3.7 MB/s   4m39s[K[A[1Gpulling manifest [K
pulling bdbf939b402e:  68% ▕████████████      ▏ 2.3 GB/3.3 GB  3.7 MB/s   4m39s[K[A[1Gpulling manifest [K
pulling bdbf939b402e:  68% ▕████████████      ▏ 2.3 GB/3.3 GB  3.7 MB/s   4m39s[K[A[1Gpulling manifest [K
pulling bdbf939b402e:  68% ▕████████████      ▏ 2.3 GB/3.3 GB  3.7 MB/s   4m39s[K[A[1Gpulling manifest [K
pulling bdbf939b402e:  68% ▕████████████      ▏ 2.3 GB/3.3 GB  3.7 MB/s   4m39s[K[A[1Gpulling manifest [K
pulling bdbf939b402e:  68% ▕████████████      ▏ 2.3 GB/3.3 GB  3.7 MB/s   4m40s[K[A[1Gpulling manifest [K
pulling bdbf939b402e:  68% ▕████████████      ▏ 2.3 GB/3.3 GB  3.7 MB/s   4m40s[K[A[1Gpulling manifest [K
pulling bdbf939b402e:  68% ▕████████████      ▏ 2.3 GB/3.3 GB  3.7 MB/s   4m40s[K[A[1Gpulling manifest [K
pulling bdbf939b402e:  68% ▕████████████      ▏ 2.3 GB/3.3 GB  3.7 MB/s   4m40s[K[A[1Gpulling manifest [K
pulling bdbf939b402e:  68% ▕████████████      ▏ 2.3 GB/3.3 GB  3.7 MB/s   4m40s[K[A[1Gpulling manifest [K
pulling bdbf939b402e:  68% ▕████████████      ▏ 2.3 GB/3.3 GB  3.7 MB/s   4m40s[K[A[1Gpulling manifest [K
pulling bdbf939b402e:  68% ▕████████████      ▏ 2.3 GB/3.3 GB  3.7 MB/s   4m40s[K[A[1Gpulling manifest [K
pulling bdbf939b402e:  68% ▕████████████      ▏ 2.3 GB/3.3 GB  3.7 MB/s   4m40s[K[A[1Gpulling manifest [K
pulling bdbf939b402e:  68% ▕████████████      ▏ 2.3 GB/3.3 GB  3.7 MB/s   4m40s[K[A[1Gpulling manifest [K
pulling bdbf939b402e:  68% ▕████████████      ▏ 2.3 GB/3.3 GB  3.7 MB/s   4m40s[K[A[1Gpulling manifest [K
pulling bdbf939b402e:  68% ▕████████████      ▏ 2.3 GB/3.3 GB  3.7 MB/s   4m40s[K[A[1Gpulling manifest [K
pulling bdbf939b402e:  68% ▕████████████      ▏ 2.3 GB/3.3 GB  3.7 MB/s   4m40s[K[A[1Gpulling manifest [K
pulling bdbf939b402e:  68% ▕████████████      ▏ 2.3 GB/3.3 GB  3.7 MB/s   4m40s[K[A[1Gpulling manifest [K
pulling bdbf939b402e:  69% ▕████████████      ▏ 2.3 GB/3.3 GB  3.7 MB/s   4m40s[K[A[1Gpulling manifest [K
pulling bdbf939b402e:  69% ▕████████████      ▏ 2.3 GB/3.3 GB  3.7 MB/s   4m40s[K[A[1Gpulling manifest [K
pulling bdbf939b402e:  69% ▕████████████      ▏ 2.3 GB/3.3 GB  3.7 MB/s   4m40s[K[A[1Gpulling manifest [K
pulling bdbf939b402e:  69% ▕████████████      ▏ 2.3 GB/3.3 GB  3.7 MB/s   4m39s[K[A[1Gpulling manifest [K
pulling bdbf939b402e:  69% ▕████████████      ▏ 2.3 GB/3.3 GB  3.7 MB/s   4m39s[K[A[1Gpulling manifest [K
pulling bdbf939b402e:  69% ▕████████████      ▏ 2.3 GB/3.3 GB  3.7 MB/s   4m39s[K[A[1Gpulling manifest [K
pulling bdbf939b402e:  69% ▕████████████      ▏ 2.3 GB/3.3 GB  3.7 MB/s   4m39s[K[A[1Gpulling manifest [K
pulling bdbf939b402e:  69% ▕████████████      ▏ 2.3 GB/3.3 GB  3.7 MB/s   4m39s[K[A[1Gpulling manifest [K
pulling bdbf939b402e:  69% ▕████████████      ▏ 2.3 GB/3.3 GB  3.8 MB/s   4m35s[K[A[1Gpulling manifest [K
pulling bdbf939b402e:  69% ▕████████████      ▏ 2.3 GB/3.3 GB  3.8 MB/s   4m35s[K[A[1Gpulling manifest [K
pulling bdbf939b402e:  69% ▕████████████      ▏ 2.3 GB/3.3 GB  3.8 MB/s   4m34s[K[A[1Gpulling manifest [K
pulling bdbf939b402e:  69% ▕████████████      ▏ 2.3 GB/3.3 GB  3.8 MB/s   4m34s[K[A[1Gpulling manifest [K
pulling bdbf939b402e:  69% ▕████████████      ▏ 2.3 GB/3.3 GB  3.8 MB/s   4m34s[K[A[1Gpulling manifest [K
pulling bdbf939b402e:  69% ▕████████████      ▏ 2.3 GB/3.3 GB  3.8 MB/s   4m34s[K[A[1Gpulling manifest [K
pulling bdbf939b402e:  69% ▕████████████      ▏ 2.3 GB/3.3 GB  3.8 MB/s   4m34s[K[A[1Gpulling manifest [K
pulling bdbf939b402e:  69% ▕████████████      ▏ 2.3 GB/3.3 GB  3.8 MB/s   4m34s[K[A[1Gpulling manifest [K
pulling bdbf939b402e:  69% ▕████████████      ▏ 2.3 GB/3.3 GB  3.8 MB/s   4m34s[K[A[1Gpulling manifest [K
pulling bdbf939b402e:  69% ▕████████████      ▏ 2.3 GB/3.3 GB  3.8 MB/s   4m34s[K[A[1Gpulling manifest [K
pulling bdbf939b402e:  69% ▕████████████      ▏ 2.3 GB/3.3 GB  3.8 MB/s   4m30s[K[A[1Gpulling manifest [K
pulling bdbf939b402e:  69% ▕████████████      ▏ 2.3 GB/3.3 GB  3.8 MB/s   4m30s[K[A[1Gpulling manifest [K
pulling bdbf939b402e:  69% ▕████████████      ▏ 2.3 GB/3.3 GB  3.8 MB/s   4m29s[K[A[1Gpulling manifest [K
pulling bdbf939b402e:  69% ▕████████████      ▏ 2.3 GB/3.3 GB  3.8 MB/s   4m29s[K[A[1Gpulling manifest [K
pulling bdbf939b402e:  69% ▕████████████      ▏ 2.3 GB/3.3 GB  3.8 MB/s   4m29s[K[A[1Gpulling manifest [K
pulling bdbf939b402e:  69% ▕████████████      ▏ 2.3 GB/3.3 GB  3.8 MB/s   4m29s[K[A[1Gpulling manifest [K
pulling bdbf939b402e:  69% ▕████████████      ▏ 2.3 GB/3.3 GB  3.8 MB/s   4m29s[K[A[1Gpulling manifest [K
pulling bdbf939b402e:  69% ▕████████████      ▏ 2.3 GB/3.3 GB  3.8 MB/s   4m29s[K[A[1Gpulling manifest [K
pulling bdbf939b402e:  69% ▕████████████      ▏ 2.3 GB/3.3 GB  3.8 MB/s   4m29s[K[A[1Gpulling manifest [K
pulling bdbf939b402e:  69% ▕████████████      ▏ 2.3 GB/3.3 GB  3.8 MB/s   4m29s[K[A[1Gpulling manifest [K
pulling bdbf939b402e:  69% ▕████████████      ▏ 2.3 GB/3.3 GB  3.8 MB/s   4m27s[K[A[1Gpulling manifest [K
pulling bdbf939b402e:  69% ▕████████████      ▏ 2.3 GB/3.3 GB  3.8 MB/s   4m27s[K[A[1Gpulling manifest [K
pulling bdbf939b402e:  69% ▕████████████      ▏ 2.3 GB/3.3 GB  3.8 MB/s   4m27s[K[A[1Gpulling manifest [K
pulling bdbf939b402e:  69% ▕████████████      ▏ 2.3 GB/3.3 GB  3.8 MB/s   4m27s[K[A[1Gpulling manifest [K
pulling bdbf939b402e:  69% ▕████████████      ▏ 2.3 GB/3.3 GB  3.8 MB/s   4m27s[K[A[1Gpulling manifest [K
pulling bdbf939b402e:  69% ▕████████████      ▏ 2.3 GB/3.3 GB  3.8 MB/s   4m27s[K[A[1Gpulling manifest [K
pulling bdbf939b402e:  69% ▕████████████      ▏ 2.3 GB/3.3 GB  3.8 MB/s   4m26s[K[A[1Gpulling manifest [K
pulling bdbf939b402e:  69% ▕████████████      ▏ 2.3 GB/3.3 GB  3.8 MB/s   4m26s[K[A[1Gpulling manifest [K
pulling bdbf939b402e:  69% ▕████████████      ▏ 2.3 GB/3.3 GB  3.8 MB/s   4m26s[K[A[1Gpulling manifest [K
pulling bdbf939b402e:  69% ▕████████████      ▏ 2.3 GB/3.3 GB  3.8 MB/s   4m26s[K[A[1Gpulling manifest [K
pulling bdbf939b402e:  69% ▕████████████      ▏ 2.3 GB/3.3 GB  3.8 MB/s   4m28s[K[A[1Gpulling manifest [K
pulling bdbf939b402e:  69% ▕████████████      ▏ 2.3 GB/3.3 GB  3.8 MB/s   4m28s[K[A[1Gpulling manifest [K
pulling bdbf939b402e:  69% ▕████████████      ▏ 2.3 GB/3.3 GB  3.8 MB/s   4m28s[K[A[1Gpulling manifest [K
pulling bdbf939b402e:  69% ▕████████████      ▏ 2.3 GB/3.3 GB  3.8 MB/s   4m27s[K[A[1Gpulling manifest [K
pulling bdbf939b402e:  69% ▕████████████      ▏ 2.3 GB/3.3 GB  3.8 MB/s   4m27s[K[A[1Gpulling manifest [K
pulling bdbf939b402e:  69% ▕████████████      ▏ 2.3 GB/3.3 GB  3.8 MB/s   4m27s[K[A[1Gpulling manifest [K
pulling bdbf939b402e:  69% ▕████████████      ▏ 2.3 GB/3.3 GB  3.8 MB/s   4m27s[K[A[1Gpulling manifest [K
pulling bdbf939b402e:  69% ▕████████████      ▏ 2.3 GB/3.3 GB  3.8 MB/s   4m27s[K[A[1Gpulling manifest [K
pulling bdbf939b402e:  69% ▕████████████      ▏ 2.3 GB/3.3 GB  3.8 MB/s   4m27s[K[A[1Gpulling manifest [K
pulling bdbf939b402e:  69% ▕████████████      ▏ 2.3 GB/3.3 GB  3.8 MB/s   4m27s[K[A[1Gpulling manifest [K
pulling bdbf939b402e:  69% ▕████████████      ▏ 2.3 GB/3.3 GB  3.8 MB/s   4m27s[K[A[1Gpulling manifest [K
pulling bdbf939b402e:  69% ▕████████████      ▏ 2.3 GB/3.3 GB  3.8 MB/s   4m26s[K[A[1Gpulling manifest [K
pulling bdbf939b402e:  69% ▕████████████      ▏ 2.3 GB/3.3 GB  3.8 MB/s   4m26s[K[A[1Gpulling manifest [K
pulling bdbf939b402e:  69% ▕████████████      ▏ 2.3 GB/3.3 GB  3.8 MB/s   4m26s[K[A[1Gpulling manifest [K
pulling bdbf939b402e:  69% ▕████████████      ▏ 2.3 GB/3.3 GB  3.8 MB/s   4m26s[K[A[1Gpulling manifest [K
pulling bdbf939b402e:  69% ▕████████████      ▏ 2.3 GB/3.3 GB  3.8 MB/s   4m26s[K[A[1Gpulling manifest [K
pulling bdbf939b402e:  69% ▕████████████      ▏ 2.3 GB/3.3 GB  3.8 MB/s   4m26s[K[A[1Gpulling manifest [K
pulling bdbf939b402e:  69% ▕████████████      ▏ 2.3 GB/3.3 GB  3.8 MB/s   4m26s[K[A[1Gpulling manifest [K
pulling bdbf939b402e:  69% ▕████████████      ▏ 2.3 GB/3.3 GB  3.8 MB/s   4m25s[K[A[1Gpulling manifest [K
pulling bdbf939b402e:  69% ▕████████████      ▏ 2.3 GB/3.3 GB  3.8 MB/s   4m25s[K[A[1Gpulling manifest [K
pulling bdbf939b402e:  69% ▕████████████      ▏ 2.3 GB/3.3 GB  3.8 MB/s   4m25s[K[A[1Gpulling manifest [K
pulling bdbf939b402e:  69% ▕████████████      ▏ 2.3 GB/3.3 GB  3.9 MB/s   4m23s[K[A[1Gpulling manifest [K
pulling bdbf939b402e:  69% ▕████████████      ▏ 2.3 GB/3.3 GB  3.9 MB/s   4m23s[K[A[1Gpulling manifest [K
pulling bdbf939b402e:  69% ▕████████████      ▏ 2.3 GB/3.3 GB  3.9 MB/s   4m22s[K[A[1Gpulling manifest [K
pulling bdbf939b402e:  69% ▕████████████      ▏ 2.3 GB/3.3 GB  3.9 MB/s   4m22s[K[A[1Gpulling manifest [K
pulling bdbf939b402e:  69% ▕████████████      ▏ 2.3 GB/3.3 GB  3.9 MB/s   4m22s[K[A[1Gpulling manifest [K
pulling bdbf939b402e:  69% ▕████████████      ▏ 2.3 GB/3.3 GB  3.9 MB/s   4m22s[K[A[1Gpulling manifest [K
pulling bdbf939b402e:  69% ▕████████████      ▏ 2.3 GB/3.3 GB  3.9 MB/s   4m22s[K[A[1Gpulling manifest [K
pulling bdbf939b402e:  69% ▕████████████      ▏ 2.3 GB/3.3 GB  3.9 MB/s   4m22s[K[A[1Gpulling manifest [K
pulling bdbf939b402e:  69% ▕████████████      ▏ 2.3 GB/3.3 GB  3.9 MB/s   4m22s[K[A[1Gpulling manifest [K
pulling bdbf939b402e:  69% ▕████████████      ▏ 2.3 GB/3.3 GB  3.9 MB/s   4m22s[K[A[1Gpulling manifest [K
pulling bdbf939b402e:  69% ▕████████████      ▏ 2.3 GB/3.3 GB  3.9 MB/s   4m22s[K[A[1Gpulling manifest [K
pulling bdbf939b402e:  69% ▕████████████      ▏ 2.3 GB/3.3 GB  3.9 MB/s   4m22s[K[A[1Gpulling manifest [K
pulling bdbf939b402e:  69% ▕████████████      ▏ 2.3 GB/3.3 GB  3.9 MB/s   4m22s[K[A[1Gpulling manifest [K
pulling bdbf939b402e:  69% ▕████████████      ▏ 2.3 GB/3.3 GB  3.9 MB/s   4m22s[K[A[1Gpulling manifest [K
pulling bdbf939b402e:  69% ▕████████████      ▏ 2.3 GB/3.3 GB  3.9 MB/s   4m22s[K[A[1Gpulling manifest [K
pulling bdbf939b402e:  69% ▕████████████      ▏ 2.3 GB/3.3 GB  3.9 MB/s   4m22s[K[A[1Gpulling manifest [K
pulling bdbf939b402e:  69% ▕████████████      ▏ 2.3 GB/3.3 GB  3.9 MB/s   4m22s[K[A[1Gpulling manifest [K
pulling bdbf939b402e:  69% ▕████████████      ▏ 2.3 GB/3.3 GB  3.9 MB/s   4m22s[K[A[1Gpulling manifest [K
pulling bdbf939b402e:  69% ▕████████████      ▏ 2.3 GB/3.3 GB  3.9 MB/s   4m21s[K[A[1Gpulling manifest [K
pulling bdbf939b402e:  69% ▕████████████      ▏ 2.3 GB/3.3 GB  3.9 MB/s   4m21s[K[A[1Gpulling manifest [K
pulling bdbf939b402e:  69% ▕████████████      ▏ 2.3 GB/3.3 GB  3.8 MB/s   4m22s[K[A[1Gpulling manifest [K
pulling bdbf939b402e:  69% ▕████████████      ▏ 2.3 GB/3.3 GB  3.8 MB/s   4m22s[K[A[1Gpulling manifest [K
pulling bdbf939b402e:  69% ▕████████████      ▏ 2.3 GB/3.3 GB  3.8 MB/s   4m22s[K[A[1Gpulling manifest [K
pulling bdbf939b402e:  69% ▕████████████      ▏ 2.3 GB/3.3 GB  3.8 MB/s   4m22s[K[A[1Gpulling manifest [K
pulling bdbf939b402e:  69% ▕████████████      ▏ 2.3 GB/3.3 GB  3.8 MB/s   4m22s[K[A[1Gpulling manifest [K
pulling bdbf939b402e:  69% ▕████████████      ▏ 2.3 GB/3.3 GB  3.8 MB/s   4m22s[K[A[1Gpulling manifest [K
pulling bdbf939b402e:  69% ▕████████████      ▏ 2.3 GB/3.3 GB  3.8 MB/s   4m22s[K[A[1Gpulling manifest [K
pulling bdbf939b402e:  69% ▕████████████      ▏ 2.3 GB/3.3 GB  3.8 MB/s   4m22s[K[A[1Gpulling manifest [K
pulling bdbf939b402e:  69% ▕████████████      ▏ 2.3 GB/3.3 GB  3.8 MB/s   4m21s[K[A[1Gpulling manifest [K
pulling bdbf939b402e:  70% ▕████████████      ▏ 2.3 GB/3.3 GB  3.8 MB/s   4m21s[K[A[1Gpulling manifest [K
pulling bdbf939b402e:  70% ▕████████████      ▏ 2.3 GB/3.3 GB  3.8 MB/s   4m22s[K[A[1Gpulling manifest [K
pulling bdbf939b402e:  70% ▕████████████      ▏ 2.3 GB/3.3 GB  3.8 MB/s   4m22s[K[A[1Gpulling manifest [K
pulling bdbf939b402e:  70% ▕████████████      ▏ 2.3 GB/3.3 GB  3.8 MB/s   4m22s[K[A[1Gpulling manifest [K
pulling bdbf939b402e:  70% ▕████████████      ▏ 2.3 GB/3.3 GB  3.8 MB/s   4m22s[K[A[1Gpulling manifest [K
pulling bdbf939b402e:  70% ▕████████████      ▏ 2.3 GB/3.3 GB  3.8 MB/s   4m22s[K[A[1Gpulling manifest [K
pulling bdbf939b402e:  70% ▕████████████      ▏ 2.3 GB/3.3 GB  3.8 MB/s   4m22s[K[A[1Gpulling manifest [K
pulling bdbf939b402e:  70% ▕████████████      ▏ 2.3 GB/3.3 GB  3.8 MB/s   4m21s[K[A[1Gpulling manifest [K
pulling bdbf939b402e:  70% ▕████████████      ▏ 2.3 GB/3.3 GB  3.8 MB/s   4m21s[K[A[1Gpulling manifest [K
pulling bdbf939b402e:  70% ▕████████████      ▏ 2.3 GB/3.3 GB  3.8 MB/s   4m21s[K[A[1Gpulling manifest [K
pulling bdbf939b402e:  70% ▕████████████      ▏ 2.3 GB/3.3 GB  3.8 MB/s   4m21s[K[A[1Gpulling manifest [K
pulling bdbf939b402e:  70% ▕████████████      ▏ 2.3 GB/3.3 GB  3.8 MB/s   4m21s[K[A[1Gpulling manifest [K
pulling bdbf939b402e:  70% ▕████████████      ▏ 2.3 GB/3.3 GB  3.8 MB/s   4m21s[K[A[1Gpulling manifest [K
pulling bdbf939b402e:  70% ▕████████████      ▏ 2.3 GB/3.3 GB  3.8 MB/s   4m21s[K[A[1Gpulling manifest [K
pulling bdbf939b402e:  70% ▕████████████      ▏ 2.3 GB/3.3 GB  3.8 MB/s   4m21s[K[A[1Gpulling manifest [K
pulling bdbf939b402e:  70% ▕████████████      ▏ 2.3 GB/3.3 GB  3.8 MB/s   4m21s[K[A[1Gpulling manifest [K
pulling bdbf939b402e:  70% ▕████████████      ▏ 2.3 GB/3.3 GB  3.8 MB/s   4m21s[K[A[1Gpulling manifest [K
pulling bdbf939b402e:  70% ▕████████████      ▏ 2.3 GB/3.3 GB  3.8 MB/s   4m21s[K[A[1Gpulling manifest [K
pulling bdbf939b402e:  70% ▕████████████      ▏ 2.3 GB/3.3 GB  3.8 MB/s   4m21s[K[A[1Gpulling manifest [K
pulling bdbf939b402e:  70% ▕████████████      ▏ 2.3 GB/3.3 GB  3.8 MB/s   4m21s[K[A[1Gpulling manifest [K
pulling bdbf939b402e:  70% ▕████████████      ▏ 2.3 GB/3.3 GB  3.8 MB/s   4m21s[K[A[1Gpulling manifest [K
pulling bdbf939b402e:  70% ▕████████████      ▏ 2.3 GB/3.3 GB  3.8 MB/s   4m20s[K[A[1Gpulling manifest [K
pulling bdbf939b402e:  70% ▕████████████      ▏ 2.3 GB/3.3 GB  3.7 MB/s   4m28s[K[A[1Gpulling manifest [K
pulling bdbf939b402e:  70% ▕████████████      ▏ 2.3 GB/3.3 GB  3.7 MB/s   4m28s[K[A[1Gpulling manifest [K
pulling bdbf939b402e:  70% ▕████████████      ▏ 2.3 GB/3.3 GB  3.7 MB/s   4m28s[K[A[1Gpulling manifest [K
pulling bdbf939b402e:  70% ▕████████████      ▏ 2.3 GB/3.3 GB  3.7 MB/s   4m28s[K[A[1Gpulling manifest [K
pulling bdbf939b402e:  70% ▕████████████      ▏ 2.3 GB/3.3 GB  3.7 MB/s   4m27s[K[A[1Gpulling manifest [K
pulling bdbf939b402e:  70% ▕████████████      ▏ 2.3 GB/3.3 GB  3.7 MB/s   4m27s[K[A[1Gpulling manifest [K
pulling bdbf939b402e:  70% ▕████████████      ▏ 2.3 GB/3.3 GB  3.7 MB/s   4m27s[K[A[1Gpulling manifest [K
pulling bdbf939b402e:  70% ▕████████████      ▏ 2.3 GB/3.3 GB  3.7 MB/s   4m27s[K[A[1Gpulling manifest [K
pulling bdbf939b402e:  70% ▕████████████      ▏ 2.3 GB/3.3 GB  3.7 MB/s   4m27s[K[A[1Gpulling manifest [K
pulling bdbf939b402e:  70% ▕████████████      ▏ 2.3 GB/3.3 GB  3.7 MB/s   4m27s[K[A[1Gpulling manifest [K
pulling bdbf939b402e:  70% ▕████████████      ▏ 2.3 GB/3.3 GB  3.7 MB/s   4m31s[K[A[1Gpulling manifest [K
pulling bdbf939b402e:  70% ▕████████████      ▏ 2.3 GB/3.3 GB  3.7 MB/s   4m31s[K[A[1Gpulling manifest [K
pulling bdbf939b402e:  70% ▕████████████      ▏ 2.3 GB/3.3 GB  3.7 MB/s   4m31s[K[A[1Gpulling manifest [K
pulling bdbf939b402e:  70% ▕████████████      ▏ 2.3 GB/3.3 GB  3.7 MB/s   4m31s[K[A[1Gpulling manifest [K
pulling bdbf939b402e:  70% ▕████████████      ▏ 2.3 GB/3.3 GB  3.7 MB/s   4m30s[K[A[1Gpulling manifest [K
pulling bdbf939b402e:  70% ▕████████████      ▏ 2.3 GB/3.3 GB  3.7 MB/s   4m30s[K[A[1Gpulling manifest [K
pulling bdbf939b402e:  70% ▕████████████      ▏ 2.3 GB/3.3 GB  3.7 MB/s   4m30s[K[A[1Gpulling manifest [K
pulling bdbf939b402e:  70% ▕████████████      ▏ 2.3 GB/3.3 GB  3.7 MB/s   4m30s[K[A[1Gpulling manifest [K
pulling bdbf939b402e:  70% ▕████████████      ▏ 2.3 GB/3.3 GB  3.7 MB/s   4m30s[K[A[1Gpulling manifest [K
pulling bdbf939b402e:  70% ▕████████████      ▏ 2.3 GB/3.3 GB  3.7 MB/s   4m30s[K[A[1Gpulling manifest [K
pulling bdbf939b402e:  70% ▕████████████      ▏ 2.3 GB/3.3 GB  3.7 MB/s   4m28s[K[A[1Gpulling manifest [K
pulling bdbf939b402e:  70% ▕████████████      ▏ 2.3 GB/3.3 GB  3.7 MB/s   4m28s[K[A[1Gpulling manifest [K
pulling bdbf939b402e:  70% ▕████████████      ▏ 2.3 GB/3.3 GB  3.7 MB/s   4m28s[K[A[1Gpulling manifest [K
pulling bdbf939b402e:  70% ▕████████████      ▏ 2.3 GB/3.3 GB  3.7 MB/s   4m28s[K[A[1Gpulling manifest [K
pulling bdbf939b402e:  70% ▕████████████      ▏ 2.3 GB/3.3 GB  3.7 MB/s   4m28s[K[A[1Gpulling manifest [K
pulling bdbf939b402e:  70% ▕████████████      ▏ 2.3 GB/3.3 GB  3.7 MB/s   4m28s[K[A[1Gpulling manifest [K
pulling bdbf939b402e:  70% ▕████████████      ▏ 2.3 GB/3.3 GB  3.7 MB/s   4m28s[K[A[1Gpulling manifest [K
pulling bdbf939b402e:  70% ▕████████████      ▏ 2.3 GB/3.3 GB  3.7 MB/s   4m27s[K[A[1Gpulling manifest [K
pulling bdbf939b402e:  70% ▕████████████      ▏ 2.3 GB/3.3 GB  3.7 MB/s   4m27s[K[A[1Gpulling manifest [K
pulling bdbf939b402e:  70% ▕████████████      ▏ 2.3 GB/3.3 GB  3.7 MB/s   4m27s[K[A[1Gpulling manifest [K
pulling bdbf939b402e:  70% ▕████████████      ▏ 2.3 GB/3.3 GB  3.6 MB/s   4m31s[K[A[1Gpulling manifest [K
pulling bdbf939b402e:  70% ▕████████████      ▏ 2.3 GB/3.3 GB  3.6 MB/s   4m31s[K[A[1Gpulling manifest [K
pulling bdbf939b402e:  70% ▕████████████      ▏ 2.3 GB/3.3 GB  3.6 MB/s   4m31s[K[A[1Gpulling manifest [K
pulling bdbf939b402e:  70% ▕████████████      ▏ 2.3 GB/3.3 GB  3.6 MB/s   4m31s[K[A[1Gpulling manifest [K
pulling bdbf939b402e:  70% ▕████████████      ▏ 2.3 GB/3.3 GB  3.6 MB/s   4m30s[K[A[1Gpulling manifest [K
pulling bdbf939b402e:  70% ▕████████████      ▏ 2.3 GB/3.3 GB  3.6 MB/s   4m30s[K[A[1Gpulling manifest [K
pulling bdbf939b402e:  70% ▕████████████      ▏ 2.3 GB/3.3 GB  3.6 MB/s   4m30s[K[A[1Gpulling manifest [K
pulling bdbf939b402e:  70% ▕████████████      ▏ 2.3 GB/3.3 GB  3.6 MB/s   4m30s[K[A[1Gpulling manifest [K
pulling bdbf939b402e:  70% ▕████████████      ▏ 2.3 GB/3.3 GB  3.6 MB/s   4m30s[K[A[1Gpulling manifest [K
pulling bdbf939b402e:  70% ▕████████████      ▏ 2.3 GB/3.3 GB  3.6 MB/s   4m30s[K[A[1Gpulling manifest [K
pulling bdbf939b402e:  70% ▕████████████      ▏ 2.3 GB/3.3 GB  3.6 MB/s   4m30s[K[A[1Gpulling manifest [K
pulling bdbf939b402e:  70% ▕████████████      ▏ 2.3 GB/3.3 GB  3.6 MB/s   4m34s[K[A[1Gpulling manifest [K
pulling bdbf939b402e:  70% ▕████████████      ▏ 2.3 GB/3.3 GB  3.6 MB/s   4m34s[K[A[1Gpulling manifest [K
pulling bdbf939b402e:  70% ▕████████████      ▏ 2.3 GB/3.3 GB  3.6 MB/s   4m34s[K[A[1Gpulling manifest [K
pulling bdbf939b402e:  70% ▕████████████      ▏ 2.3 GB/3.3 GB  3.6 MB/s   4m34s[K[A[1Gpulling manifest [K
pulling bdbf939b402e:  70% ▕████████████      ▏ 2.3 GB/3.3 GB  3.6 MB/s   4m34s[K[A[1Gpulling manifest [K
pulling bdbf939b402e:  70% ▕████████████      ▏ 2.3 GB/3.3 GB  3.6 MB/s   4m34s[K[A[1Gpulling manifest [K
pulling bdbf939b402e:  70% ▕████████████      ▏ 2.3 GB/3.3 GB  3.6 MB/s   4m34s[K[A[1Gpulling manifest [K
pulling bdbf939b402e:  70% ▕████████████      ▏ 2.3 GB/3.3 GB  3.6 MB/s   4m33s[K[A[1Gpulling manifest [K
pulling bdbf939b402e:  70% ▕████████████      ▏ 2.3 GB/3.3 GB  3.6 MB/s   4m33s[K[A[1Gpulling manifest [K
pulling bdbf939b402e:  70% ▕████████████      ▏ 2.3 GB/3.3 GB  3.6 MB/s   4m33s[K[A[1Gpulling manifest [K
pulling bdbf939b402e:  70% ▕████████████      ▏ 2.3 GB/3.3 GB  3.6 MB/s   4m35s[K[A[1Gpulling manifest [K
pulling bdbf939b402e:  70% ▕████████████      ▏ 2.3 GB/3.3 GB  3.6 MB/s   4m35s[K[A[1Gpulling manifest [K
pulling bdbf939b402e:  70% ▕████████████      ▏ 2.3 GB/3.3 GB  3.6 MB/s   4m35s[K[A[1Gpulling manifest [K
pulling bdbf939b402e:  70% ▕████████████      ▏ 2.3 GB/3.3 GB  3.6 MB/s   4m35s[K[A[1Gpulling manifest [K
pulling bdbf939b402e:  70% ▕████████████      ▏ 2.3 GB/3.3 GB  3.6 MB/s   4m35s[K[A[1Gpulling manifest [K
pulling bdbf939b402e:  70% ▕████████████      ▏ 2.3 GB/3.3 GB  3.6 MB/s   4m35s[K[A[1Gpulling manifest [K
pulling bdbf939b402e:  70% ▕████████████      ▏ 2.3 GB/3.3 GB  3.6 MB/s   4m35s[K[A[1Gpulling manifest [K
pulling bdbf939b402e:  70% ▕████████████      ▏ 2.3 GB/3.3 GB  3.6 MB/s   4m35s[K[A[1Gpulling manifest [K
pulling bdbf939b402e:  70% ▕████████████      ▏ 2.3 GB/3.3 GB  3.6 MB/s   4m34s[K[A[1Gpulling manifest [K
pulling bdbf939b402e:  70% ▕████████████      ▏ 2.3 GB/3.3 GB  3.6 MB/s   4m34s[K[A[1Gpulling manifest [K
pulling bdbf939b402e:  70% ▕████████████      ▏ 2.3 GB/3.3 GB  3.6 MB/s   4m34s[K[A[1Gpulling manifest [K
pulling bdbf939b402e:  70% ▕████████████      ▏ 2.3 GB/3.3 GB  3.6 MB/s   4m34s[K[A[1Gpulling manifest [K
pulling bdbf939b402e:  70% ▕████████████      ▏ 2.3 GB/3.3 GB  3.6 MB/s   4m34s[K[A[1Gpulling manifest [K
pulling bdbf939b402e:  70% ▕████████████      ▏ 2.3 GB/3.3 GB  3.6 MB/s   4m34s[K[A[1Gpulling manifest [K
pulling bdbf939b402e:  70% ▕████████████      ▏ 2.3 GB/3.3 GB  3.6 MB/s   4m34s[K[A[1Gpulling manifest [K
pulling bdbf939b402e:  70% ▕████████████      ▏ 2.3 GB/3.3 GB  3.6 MB/s   4m34s[K[A[1Gpulling manifest [K
pulling bdbf939b402e:  70% ▕████████████      ▏ 2.3 GB/3.3 GB  3.6 MB/s   4m33s[K[A[1Gpulling manifest [K
pulling bdbf939b402e:  70% ▕████████████      ▏ 2.3 GB/3.3 GB  3.6 MB/s   4m33s[K[A[1Gpulling manifest [K
pulling bdbf939b402e:  70% ▕████████████      ▏ 2.3 GB/3.3 GB  3.6 MB/s   4m33s[K[A[1Gpulling manifest [K
pulling bdbf939b402e:  70% ▕████████████      ▏ 2.3 GB/3.3 GB  3.6 MB/s   4m33s[K[A[1Gpulling manifest [K
pulling bdbf939b402e:  70% ▕████████████      ▏ 2.3 GB/3.3 GB  3.6 MB/s   4m33s[K[A[1Gpulling manifest [K
pulling bdbf939b402e:  70% ▕████████████      ▏ 2.3 GB/3.3 GB  3.6 MB/s   4m32s[K[A[1Gpulling manifest [K
pulling bdbf939b402e:  71% ▕████████████      ▏ 2.3 GB/3.3 GB  3.6 MB/s   4m32s[K[A[1Gpulling manifest [K
pulling bdbf939b402e:  71% ▕████████████      ▏ 2.3 GB/3.3 GB  3.6 MB/s   4m32s[K[A[1Gpulling manifest [K
pulling bdbf939b402e:  71% ▕████████████      ▏ 2.3 GB/3.3 GB  3.6 MB/s   4m32s[K[A[1Gpulling manifest [K
pulling bdbf939b402e:  71% ▕████████████      ▏ 2.3 GB/3.3 GB  3.6 MB/s   4m32s[K[A[1Gpulling manifest [K
pulling bdbf939b402e:  71% ▕████████████      ▏ 2.3 GB/3.3 GB  3.6 MB/s   4m32s[K[A[1Gpulling manifest [K
pulling bdbf939b402e:  71% ▕████████████      ▏ 2.3 GB/3.3 GB  3.6 MB/s   4m32s[K[A[1Gpulling manifest [K
pulling bdbf939b402e:  71% ▕████████████      ▏ 2.3 GB/3.3 GB  3.6 MB/s   4m32s[K[A[1Gpulling manifest [K
pulling bdbf939b402e:  71% ▕████████████      ▏ 2.3 GB/3.3 GB  3.6 MB/s   4m32s[K[A[1Gpulling manifest [K
pulling bdbf939b402e:  71% ▕████████████      ▏ 2.3 GB/3.3 GB  3.5 MB/s   4m36s[K[A[1Gpulling manifest [K
pulling bdbf939b402e:  71% ▕████████████      ▏ 2.3 GB/3.3 GB  3.5 MB/s   4m36s[K[A[1Gpulling manifest [K
pulling bdbf939b402e:  71% ▕████████████      ▏ 2.3 GB/3.3 GB  3.5 MB/s   4m36s[K[A[1Gpulling manifest [K
pulling bdbf939b402e:  71% ▕████████████      ▏ 2.3 GB/3.3 GB  3.5 MB/s   4m36s[K[A[1Gpulling manifest [K
pulling bdbf939b402e:  71% ▕████████████      ▏ 2.3 GB/3.3 GB  3.5 MB/s   4m36s[K[A[1Gpulling manifest [K
pulling bdbf939b402e:  71% ▕████████████      ▏ 2.3 GB/3.3 GB  3.5 MB/s   4m36s[K[A[1Gpulling manifest [K
pulling bdbf939b402e:  71% ▕████████████      ▏ 2.3 GB/3.3 GB  3.5 MB/s   4m36s[K[A[1Gpulling manifest [K
pulling bdbf939b402e:  71% ▕████████████      ▏ 2.3 GB/3.3 GB  3.5 MB/s   4m36s[K[A[1Gpulling manifest [K
pulling bdbf939b402e:  71% ▕████████████      ▏ 2.3 GB/3.3 GB  3.5 MB/s   4m36s[K[A[1Gpulling manifest [K
pulling bdbf939b402e:  71% ▕████████████      ▏ 2.3 GB/3.3 GB  3.5 MB/s   4m36s[K[A[1Gpulling manifest [K
pulling bdbf939b402e:  71% ▕████████████      ▏ 2.3 GB/3.3 GB  3.5 MB/s   4m35s[K[A[1Gpulling manifest [K
pulling bdbf939b402e:  71% ▕████████████      ▏ 2.3 GB/3.3 GB  3.6 MB/s   4m32s[K[A[1Gpulling manifest [K
pulling bdbf939b402e:  71% ▕████████████      ▏ 2.3 GB/3.3 GB  3.6 MB/s   4m31s[K[A[1Gpulling manifest [K
pulling bdbf939b402e:  71% ▕████████████      ▏ 2.3 GB/3.3 GB  3.6 MB/s   4m31s[K[A[1Gpulling manifest [K
pulling bdbf939b402e:  71% ▕████████████      ▏ 2.3 GB/3.3 GB  3.6 MB/s   4m31s[K[A[1Gpulling manifest [K
pulling bdbf939b402e:  71% ▕████████████      ▏ 2.3 GB/3.3 GB  3.6 MB/s   4m31s[K[A[1Gpulling manifest [K
pulling bdbf939b402e:  71% ▕████████████      ▏ 2.3 GB/3.3 GB  3.6 MB/s   4m31s[K[A[1Gpulling manifest [K
pulling bdbf939b402e:  71% ▕████████████      ▏ 2.3 GB/3.3 GB  3.6 MB/s   4m31s[K[A[1Gpulling manifest [K
pulling bdbf939b402e:  71% ▕████████████      ▏ 2.3 GB/3.3 GB  3.6 MB/s   4m31s[K[A[1Gpulling manifest [K
pulling bdbf939b402e:  71% ▕████████████      ▏ 2.3 GB/3.3 GB  3.6 MB/s   4m31s[K[A[1Gpulling manifest [K
pulling bdbf939b402e:  71% ▕████████████      ▏ 2.3 GB/3.3 GB  3.6 MB/s   4m31s[K[A[1Gpulling manifest [K
pulling bdbf939b402e:  71% ▕████████████      ▏ 2.3 GB/3.3 GB  3.5 MB/s   4m32s[K[A[1Gpulling manifest [K
pulling bdbf939b402e:  71% ▕████████████      ▏ 2.3 GB/3.3 GB  3.5 MB/s   4m32s[K[A[1Gpulling manifest [K
pulling bdbf939b402e:  71% ▕████████████      ▏ 2.3 GB/3.3 GB  3.5 MB/s   4m32s[K[A[1Gpulling manifest [K
pulling bdbf939b402e:  71% ▕████████████      ▏ 2.3 GB/3.3 GB  3.5 MB/s   4m31s[K[A[1Gpulling manifest [K
pulling bdbf939b402e:  71% ▕████████████      ▏ 2.3 GB/3.3 GB  3.5 MB/s   4m31s[K[A[1Gpulling manifest [K
pulling bdbf939b402e:  71% ▕████████████      ▏ 2.3 GB/3.3 GB  3.5 MB/s   4m31s[K[A[1Gpulling manifest [K
pulling bdbf939b402e:  71% ▕████████████      ▏ 2.3 GB/3.3 GB  3.5 MB/s   4m31s[K[A[1Gpulling manifest [K
pulling bdbf939b402e:  71% ▕████████████      ▏ 2.3 GB/3.3 GB  3.5 MB/s   4m31s[K[A[1Gpulling manifest [K
pulling bdbf939b402e:  71% ▕████████████      ▏ 2.3 GB/3.3 GB  3.5 MB/s   4m31s[K[A[1Gpulling manifest [K
pulling bdbf939b402e:  71% ▕████████████      ▏ 2.3 GB/3.3 GB  3.5 MB/s   4m31s[K[A[1Gpulling manifest [K
pulling bdbf939b402e:  71% ▕████████████      ▏ 2.3 GB/3.3 GB  3.5 MB/s   4m34s[K[A[1Gpulling manifest [K
pulling bdbf939b402e:  71% ▕████████████      ▏ 2.3 GB/3.3 GB  3.5 MB/s   4m34s[K[A[1Gpulling manifest [K
pulling bdbf939b402e:  71% ▕████████████      ▏ 2.3 GB/3.3 GB  3.5 MB/s   4m34s[K[A[1Gpulling manifest [K
pulling bdbf939b402e:  71% ▕████████████      ▏ 2.3 GB/3.3 GB  3.5 MB/s   4m34s[K[A[1Gpulling manifest [K
pulling bdbf939b402e:  71% ▕████████████      ▏ 2.3 GB/3.3 GB  3.5 MB/s   4m34s[K[A[1Gpulling manifest [K
pulling bdbf939b402e:  71% ▕████████████      ▏ 2.3 GB/3.3 GB  3.5 MB/s   4m34s[K[A[1Gpulling manifest [K
pulling bdbf939b402e:  71% ▕████████████      ▏ 2.3 GB/3.3 GB  3.5 MB/s   4m34s[K[A[1Gpulling manifest [K
pulling bdbf939b402e:  71% ▕████████████      ▏ 2.3 GB/3.3 GB  3.5 MB/s   4m33s[K[A[1Gpulling manifest [K
pulling bdbf939b402e:  71% ▕████████████      ▏ 2.3 GB/3.3 GB  3.5 MB/s   4m33s[K[A[1Gpulling manifest [K
pulling bdbf939b402e:  71% ▕████████████      ▏ 2.3 GB/3.3 GB  3.5 MB/s   4m33s[K[A[1Gpulling manifest [K
pulling bdbf939b402e:  71% ▕████████████      ▏ 2.3 GB/3.3 GB  3.5 MB/s   4m32s[K[A[1Gpulling manifest [K
pulling bdbf939b402e:  71% ▕████████████      ▏ 2.3 GB/3.3 GB  3.5 MB/s   4m32s[K[A[1Gpulling manifest [K
pulling bdbf939b402e:  71% ▕████████████      ▏ 2.3 GB/3.3 GB  3.5 MB/s   4m32s[K[A[1Gpulling manifest [K
pulling bdbf939b402e:  71% ▕████████████      ▏ 2.3 GB/3.3 GB  3.5 MB/s   4m31s[K[A[1Gpulling manifest [K
pulling bdbf939b402e:  71% ▕████████████      ▏ 2.3 GB/3.3 GB  3.5 MB/s   4m31s[K[A[1Gpulling manifest [K
pulling bdbf939b402e:  71% ▕████████████      ▏ 2.3 GB/3.3 GB  3.5 MB/s   4m31s[K[A[1Gpulling manifest [K
pulling bdbf939b402e:  71% ▕████████████      ▏ 2.3 GB/3.3 GB  3.5 MB/s   4m31s[K[A[1Gpulling manifest [K
pulling bdbf939b402e:  71% ▕████████████      ▏ 2.3 GB/3.3 GB  3.5 MB/s   4m31s[K[A[1Gpulling manifest [K
pulling bdbf939b402e:  71% ▕████████████      ▏ 2.3 GB/3.3 GB  3.5 MB/s   4m31s[K[A[1Gpulling manifest [K
pulling bdbf939b402e:  71% ▕████████████      ▏ 2.3 GB/3.3 GB  3.5 MB/s   4m31s[K[A[1Gpulling manifest [K
pulling bdbf939b402e:  71% ▕████████████      ▏ 2.3 GB/3.3 GB  3.5 MB/s   4m30s[K[A[1Gpulling manifest [K
pulling bdbf939b402e:  71% ▕████████████      ▏ 2.3 GB/3.3 GB  3.5 MB/s   4m30s[K[A[1Gpulling manifest [K
pulling bdbf939b402e:  71% ▕████████████      ▏ 2.3 GB/3.3 GB  3.5 MB/s   4m30s[K[A[1Gpulling manifest [K
pulling bdbf939b402e:  71% ▕████████████      ▏ 2.3 GB/3.3 GB  3.5 MB/s   4m29s[K[A[1Gpulling manifest [K
pulling bdbf939b402e:  71% ▕████████████      ▏ 2.3 GB/3.3 GB  3.5 MB/s   4m29s[K[A[1Gpulling manifest [K
pulling bdbf939b402e:  71% ▕████████████      ▏ 2.3 GB/3.3 GB  3.5 MB/s   4m29s[K[A[1Gpulling manifest [K
pulling bdbf939b402e:  71% ▕████████████      ▏ 2.3 GB/3.3 GB  3.5 MB/s   4m29s[K[A[1Gpulling manifest [K
pulling bdbf939b402e:  71% ▕████████████      ▏ 2.3 GB/3.3 GB  3.5 MB/s   4m29s[K[A[1Gpulling manifest [K
pulling bdbf939b402e:  71% ▕████████████      ▏ 2.3 GB/3.3 GB  3.5 MB/s   4m29s[K[A[1Gpulling manifest [K
pulling bdbf939b402e:  71% ▕████████████      ▏ 2.3 GB/3.3 GB  3.5 MB/s   4m29s[K[A[1Gpulling manifest [K
pulling bdbf939b402e:  71% ▕████████████      ▏ 2.4 GB/3.3 GB  3.5 MB/s   4m29s[K[A[1Gpulling manifest [K
pulling bdbf939b402e:  71% ▕████████████      ▏ 2.4 GB/3.3 GB  3.6 MB/s   4m26s[K[A[1Gpulling manifest [K
pulling bdbf939b402e:  71% ▕████████████      ▏ 2.4 GB/3.3 GB  3.6 MB/s   4m26s[K[A[1Gpulling manifest [K
pulling bdbf939b402e:  71% ▕████████████      ▏ 2.4 GB/3.3 GB  3.6 MB/s   4m26s[K[A[1Gpulling manifest [K
pulling bdbf939b402e:  71% ▕████████████      ▏ 2.4 GB/3.3 GB  3.6 MB/s   4m25s[K[A[1Gpulling manifest [K
pulling bdbf939b402e:  71% ▕████████████      ▏ 2.4 GB/3.3 GB  3.6 MB/s   4m25s[K[A[1Gpulling manifest [K
pulling bdbf939b402e:  71% ▕████████████      ▏ 2.4 GB/3.3 GB  3.6 MB/s   4m25s[K[A[1Gpulling manifest [K
pulling bdbf939b402e:  71% ▕████████████      ▏ 2.4 GB/3.3 GB  3.6 MB/s   4m25s[K[A[1Gpulling manifest [K
pulling bdbf939b402e:  71% ▕████████████      ▏ 2.4 GB/3.3 GB  3.6 MB/s   4m25s[K[A[1Gpulling manifest [K
pulling bdbf939b402e:  71% ▕████████████      ▏ 2.4 GB/3.3 GB  3.6 MB/s   4m25s[K[A[1Gpulling manifest [K
pulling bdbf939b402e:  71% ▕████████████      ▏ 2.4 GB/3.3 GB  3.6 MB/s   4m25s[K[A[1Gpulling manifest [K
pulling bdbf939b402e:  71% ▕████████████      ▏ 2.4 GB/3.3 GB  3.6 MB/s   4m25s[K[A[1Gpulling manifest [K
pulling bdbf939b402e:  71% ▕████████████      ▏ 2.4 GB/3.3 GB  3.6 MB/s   4m25s[K[A[1Gpulling manifest [K
pulling bdbf939b402e:  71% ▕████████████      ▏ 2.4 GB/3.3 GB  3.6 MB/s   4m25s[K[A[1Gpulling manifest [K
pulling bdbf939b402e:  71% ▕████████████      ▏ 2.4 GB/3.3 GB  3.6 MB/s   4m24s[K[A[1Gpulling manifest [K
pulling bdbf939b402e:  71% ▕████████████      ▏ 2.4 GB/3.3 GB  3.6 MB/s   4m24s[K[A[1Gpulling manifest [K
pulling bdbf939b402e:  71% ▕████████████      ▏ 2.4 GB/3.3 GB  3.6 MB/s   4m24s[K[A[1Gpulling manifest [K
pulling bdbf939b402e:  71% ▕████████████      ▏ 2.4 GB/3.3 GB  3.6 MB/s   4m24s[K[A[1Gpulling manifest [K
pulling bdbf939b402e:  71% ▕████████████      ▏ 2.4 GB/3.3 GB  3.6 MB/s   4m24s[K[A[1Gpulling manifest [K
pulling bdbf939b402e:  71% ▕████████████      ▏ 2.4 GB/3.3 GB  3.6 MB/s   4m24s[K[A[1Gpulling manifest [K
pulling bdbf939b402e:  71% ▕████████████      ▏ 2.4 GB/3.3 GB  3.6 MB/s   4m24s[K[A[1Gpulling manifest [K
pulling bdbf939b402e:  71% ▕████████████      ▏ 2.4 GB/3.3 GB  3.6 MB/s   4m21s[K[A[1Gpulling manifest [K
pulling bdbf939b402e:  71% ▕████████████      ▏ 2.4 GB/3.3 GB  3.6 MB/s   4m21s[K[A[1Gpulling manifest [K
pulling bdbf939b402e:  71% ▕████████████      ▏ 2.4 GB/3.3 GB  3.6 MB/s   4m21s[K[A[1Gpulling manifest [K
pulling bdbf939b402e:  72% ▕████████████      ▏ 2.4 GB/3.3 GB  3.6 MB/s   4m21s[K[A[1Gpulling manifest [K
pulling bdbf939b402e:  72% ▕████████████      ▏ 2.4 GB/3.3 GB  3.6 MB/s   4m21s[K[A[1Gpulling manifest [K
pulling bdbf939b402e:  72% ▕████████████      ▏ 2.4 GB/3.3 GB  3.6 MB/s   4m21s[K[A[1Gpulling manifest [K
pulling bdbf939b402e:  72% ▕████████████      ▏ 2.4 GB/3.3 GB  3.6 MB/s   4m21s[K[A[1Gpulling manifest [K
pulling bdbf939b402e:  72% ▕████████████      ▏ 2.4 GB/3.3 GB  3.6 MB/s   4m20s[K[A[1Gpulling manifest [K
pulling bdbf939b402e:  72% ▕████████████      ▏ 2.4 GB/3.3 GB  3.6 MB/s   4m20s[K[A[1Gpulling manifest [K
pulling bdbf939b402e:  72% ▕████████████      ▏ 2.4 GB/3.3 GB  3.6 MB/s   4m20s[K[A[1Gpulling manifest [K
pulling bdbf939b402e:  72% ▕████████████      ▏ 2.4 GB/3.3 GB  3.6 MB/s   4m17s[K[A[1Gpulling manifest [K
pulling bdbf939b402e:  72% ▕████████████      ▏ 2.4 GB/3.3 GB  3.6 MB/s   4m16s[K[A[1Gpulling manifest [K
pulling bdbf939b402e:  72% ▕████████████      ▏ 2.4 GB/3.3 GB  3.6 MB/s   4m16s[K[A[1Gpulling manifest [K
pulling bdbf939b402e:  72% ▕████████████      ▏ 2.4 GB/3.3 GB  3.6 MB/s   4m16s[K[A[1Gpulling manifest [K
pulling bdbf939b402e:  72% ▕████████████      ▏ 2.4 GB/3.3 GB  3.6 MB/s   4m16s[K[A[1Gpulling manifest [K
pulling bdbf939b402e:  72% ▕████████████      ▏ 2.4 GB/3.3 GB  3.6 MB/s   4m16s[K[A[1Gpulling manifest [K
pulling bdbf939b402e:  72% ▕████████████      ▏ 2.4 GB/3.3 GB  3.6 MB/s   4m16s[K[A[1Gpulling manifest [K
pulling bdbf939b402e:  72% ▕████████████      ▏ 2.4 GB/3.3 GB  3.6 MB/s   4m16s[K[A[1Gpulling manifest [K
pulling bdbf939b402e:  72% ▕████████████      ▏ 2.4 GB/3.3 GB  3.6 MB/s   4m16s[K[A[1Gpulling manifest [K
pulling bdbf939b402e:  72% ▕████████████      ▏ 2.4 GB/3.3 GB  3.6 MB/s   4m16s[K[A[1Gpulling manifest [K
pulling bdbf939b402e:  72% ▕████████████      ▏ 2.4 GB/3.3 GB  3.7 MB/s   4m15s[K[A[1Gpulling manifest [K
pulling bdbf939b402e:  72% ▕████████████      ▏ 2.4 GB/3.3 GB  3.7 MB/s   4m15s[K[A[1Gpulling manifest [K
pulling bdbf939b402e:  72% ▕████████████      ▏ 2.4 GB/3.3 GB  3.7 MB/s   4m15s[K[A[1Gpulling manifest [K
pulling bdbf939b402e:  72% ▕████████████      ▏ 2.4 GB/3.3 GB  3.7 MB/s   4m15s[K[A[1Gpulling manifest [K
pulling bdbf939b402e:  72% ▕████████████      ▏ 2.4 GB/3.3 GB  3.7 MB/s   4m14s[K[A[1Gpulling manifest [K
pulling bdbf939b402e:  72% ▕████████████      ▏ 2.4 GB/3.3 GB  3.7 MB/s   4m14s[K[A[1Gpulling manifest [K
pulling bdbf939b402e:  72% ▕████████████      ▏ 2.4 GB/3.3 GB  3.7 MB/s   4m14s[K[A[1Gpulling manifest [K
pulling bdbf939b402e:  72% ▕████████████      ▏ 2.4 GB/3.3 GB  3.7 MB/s   4m14s[K[A[1Gpulling manifest [K
pulling bdbf939b402e:  72% ▕████████████      ▏ 2.4 GB/3.3 GB  3.7 MB/s   4m14s[K[A[1Gpulling manifest [K
pulling bdbf939b402e:  72% ▕████████████      ▏ 2.4 GB/3.3 GB  3.7 MB/s   4m14s[K[A[1Gpulling manifest [K
pulling bdbf939b402e:  72% ▕████████████      ▏ 2.4 GB/3.3 GB  3.7 MB/s   4m14s[K[A[1Gpulling manifest [K
pulling bdbf939b402e:  72% ▕████████████      ▏ 2.4 GB/3.3 GB  3.7 MB/s    4m9s[K[A[1Gpulling manifest [K
pulling bdbf939b402e:  72% ▕████████████      ▏ 2.4 GB/3.3 GB  3.7 MB/s    4m9s[K[A[1Gpulling manifest [K
pulling bdbf939b402e:  72% ▕████████████      ▏ 2.4 GB/3.3 GB  3.7 MB/s    4m9s[K[A[1Gpulling manifest [K
pulling bdbf939b402e:  72% ▕████████████      ▏ 2.4 GB/3.3 GB  3.7 MB/s    4m8s[K[A[1Gpulling manifest [K
pulling bdbf939b402e:  72% ▕████████████      ▏ 2.4 GB/3.3 GB  3.7 MB/s    4m8s[K[A[1Gpulling manifest [K
pulling bdbf939b402e:  72% ▕████████████      ▏ 2.4 GB/3.3 GB  3.7 MB/s    4m8s[K[A[1Gpulling manifest [K
pulling bdbf939b402e:  72% ▕████████████      ▏ 2.4 GB/3.3 GB  3.7 MB/s    4m8s[K[A[1Gpulling manifest [K
pulling bdbf939b402e:  72% ▕████████████      ▏ 2.4 GB/3.3 GB  3.7 MB/s    4m8s[K[A[1Gpulling manifest [K
pulling bdbf939b402e:  72% ▕████████████      ▏ 2.4 GB/3.3 GB  3.7 MB/s    4m8s[K[A[1Gpulling manifest [K
pulling bdbf939b402e:  72% ▕████████████      ▏ 2.4 GB/3.3 GB  3.7 MB/s    4m8s[K[A[1Gpulling manifest [K
pulling bdbf939b402e:  72% ▕████████████      ▏ 2.4 GB/3.3 GB  3.8 MB/s    4m4s[K[A[1Gpulling manifest [K
pulling bdbf939b402e:  72% ▕████████████      ▏ 2.4 GB/3.3 GB  3.8 MB/s    4m4s[K[A[1Gpulling manifest [K
pulling bdbf939b402e:  72% ▕████████████      ▏ 2.4 GB/3.3 GB  3.8 MB/s    4m4s[K[A[1Gpulling manifest [K
pulling bdbf939b402e:  72% ▕████████████      ▏ 2.4 GB/3.3 GB  3.8 MB/s    4m4s[K[A[1Gpulling manifest [K
pulling bdbf939b402e:  72% ▕████████████      ▏ 2.4 GB/3.3 GB  3.8 MB/s    4m4s[K[A[1Gpulling manifest [K
pulling bdbf939b402e:  72% ▕████████████      ▏ 2.4 GB/3.3 GB  3.8 MB/s    4m4s[K[A[1Gpulling manifest [K
pulling bdbf939b402e:  72% ▕████████████      ▏ 2.4 GB/3.3 GB  3.8 MB/s    4m3s[K[A[1Gpulling manifest [K
pulling bdbf939b402e:  72% ▕████████████      ▏ 2.4 GB/3.3 GB  3.8 MB/s    4m3s[K[A[1Gpulling manifest [K
pulling bdbf939b402e:  72% ▕████████████      ▏ 2.4 GB/3.3 GB  3.8 MB/s    4m3s[K[A[1Gpulling manifest [K
pulling bdbf939b402e:  72% ▕████████████      ▏ 2.4 GB/3.3 GB  3.8 MB/s    4m3s[K[A[1Gpulling manifest [K
pulling bdbf939b402e:  72% ▕████████████      ▏ 2.4 GB/3.3 GB  3.8 MB/s    4m3s[K[A[1Gpulling manifest [K
pulling bdbf939b402e:  72% ▕████████████      ▏ 2.4 GB/3.3 GB  3.8 MB/s    4m3s[K[A[1Gpulling manifest [K
pulling bdbf939b402e:  72% ▕████████████      ▏ 2.4 GB/3.3 GB  3.8 MB/s    4m3s[K[A[1Gpulling manifest [K
pulling bdbf939b402e:  72% ▕████████████      ▏ 2.4 GB/3.3 GB  3.8 MB/s    4m3s[K[A[1Gpulling manifest [K
pulling bdbf939b402e:  72% ▕████████████      ▏ 2.4 GB/3.3 GB  3.8 MB/s    4m3s[K[A[1Gpulling manifest [K
pulling bdbf939b402e:  72% ▕████████████      ▏ 2.4 GB/3.3 GB  3.8 MB/s    4m3s[K[A[1Gpulling manifest [K
pulling bdbf939b402e:  72% ▕████████████      ▏ 2.4 GB/3.3 GB  3.8 MB/s    4m3s[K[A[1Gpulling manifest [K
pulling bdbf939b402e:  72% ▕████████████      ▏ 2.4 GB/3.3 GB  3.8 MB/s    4m3s[K[A[1Gpulling manifest [K
pulling bdbf939b402e:  72% ▕████████████      ▏ 2.4 GB/3.3 GB  3.8 MB/s    4m2s[K[A[1Gpulling manifest [K
pulling bdbf939b402e:  72% ▕████████████      ▏ 2.4 GB/3.3 GB  3.8 MB/s    4m2s[K[A[1Gpulling manifest [K
pulling bdbf939b402e:  72% ▕████████████      ▏ 2.4 GB/3.3 GB  3.8 MB/s    4m4s[K[A[1Gpulling manifest [K
pulling bdbf939b402e:  72% ▕████████████      ▏ 2.4 GB/3.3 GB  3.8 MB/s    4m4s[K[A[1Gpulling manifest [K
pulling bdbf939b402e:  72% ▕████████████      ▏ 2.4 GB/3.3 GB  3.8 MB/s    4m4s[K[A[1Gpulling manifest [K
pulling bdbf939b402e:  72% ▕████████████      ▏ 2.4 GB/3.3 GB  3.8 MB/s    4m4s[K[A[1Gpulling manifest [K
pulling bdbf939b402e:  72% ▕████████████      ▏ 2.4 GB/3.3 GB  3.8 MB/s    4m4s[K[A[1Gpulling manifest [K
pulling bdbf939b402e:  72% ▕████████████      ▏ 2.4 GB/3.3 GB  3.8 MB/s    4m4s[K[A[1Gpulling manifest [K
pulling bdbf939b402e:  72% ▕█████████████     ▏ 2.4 GB/3.3 GB  3.8 MB/s    4m4s[K[A[1Gpulling manifest [K
pulling bdbf939b402e:  72% ▕█████████████     ▏ 2.4 GB/3.3 GB  3.8 MB/s    4m4s[K[A[1Gpulling manifest [K
pulling bdbf939b402e:  72% ▕█████████████     ▏ 2.4 GB/3.3 GB  3.8 MB/s    4m3s[K[A[1Gpulling manifest [K
pulling bdbf939b402e:  72% ▕█████████████     ▏ 2.4 GB/3.3 GB  3.8 MB/s    4m3s[K[A[1Gpulling manifest [K
pulling bdbf939b402e:  72% ▕█████████████     ▏ 2.4 GB/3.3 GB  3.7 MB/s    4m4s[K[A[1Gpulling manifest [K
pulling bdbf939b402e:  72% ▕█████████████     ▏ 2.4 GB/3.3 GB  3.7 MB/s    4m4s[K[A[1Gpulling manifest [K
pulling bdbf939b402e:  72% ▕█████████████     ▏ 2.4 GB/3.3 GB  3.7 MB/s    4m4s[K[A[1Gpulling manifest [K
pulling bdbf939b402e:  72% ▕█████████████     ▏ 2.4 GB/3.3 GB  3.7 MB/s    4m3s[K[A[1Gpulling manifest [K
pulling bdbf939b402e:  72% ▕█████████████     ▏ 2.4 GB/3.3 GB  3.7 MB/s    4m3s[K[A[1Gpulling manifest [K
pulling bdbf939b402e:  72% ▕█████████████     ▏ 2.4 GB/3.3 GB  3.7 MB/s    4m3s[K[A[1Gpulling manifest [K
pulling bdbf939b402e:  72% ▕█████████████     ▏ 2.4 GB/3.3 GB  3.7 MB/s    4m3s[K[A[1Gpulling manifest [K
pulling bdbf939b402e:  72% ▕█████████████     ▏ 2.4 GB/3.3 GB  3.7 MB/s    4m3s[K[A[1Gpulling manifest [K
pulling bdbf939b402e:  72% ▕█████████████     ▏ 2.4 GB/3.3 GB  3.7 MB/s    4m3s[K[A[1Gpulling manifest [K
pulling bdbf939b402e:  72% ▕█████████████     ▏ 2.4 GB/3.3 GB  3.7 MB/s    4m3s[K[A[1Gpulling manifest [K
pulling bdbf939b402e:  72% ▕█████████████     ▏ 2.4 GB/3.3 GB  3.7 MB/s    4m3s[K[A[1Gpulling manifest [K
pulling bdbf939b402e:  72% ▕█████████████     ▏ 2.4 GB/3.3 GB  3.7 MB/s    4m3s[K[A[1Gpulling manifest [K
pulling bdbf939b402e:  72% ▕█████████████     ▏ 2.4 GB/3.3 GB  3.7 MB/s    4m2s[K[A[1Gpulling manifest [K
pulling bdbf939b402e:  72% ▕█████████████     ▏ 2.4 GB/3.3 GB  3.7 MB/s    4m2s[K[A[1Gpulling manifest [K
pulling bdbf939b402e:  72% ▕█████████████     ▏ 2.4 GB/3.3 GB  3.7 MB/s    4m2s[K[A[1Gpulling manifest [K
pulling bdbf939b402e:  72% ▕█████████████     ▏ 2.4 GB/3.3 GB  3.7 MB/s    4m2s[K[A[1Gpulling manifest [K
pulling bdbf939b402e:  72% ▕█████████████     ▏ 2.4 GB/3.3 GB  3.7 MB/s    4m2s[K[A[1Gpulling manifest [K
pulling bdbf939b402e:  72% ▕█████████████     ▏ 2.4 GB/3.3 GB  3.7 MB/s    4m2s[K[A[1Gpulling manifest [K
pulling bdbf939b402e:  72% ▕█████████████     ▏ 2.4 GB/3.3 GB  3.7 MB/s    4m2s[K[A[1Gpulling manifest [K
pulling bdbf939b402e:  72% ▕█████████████     ▏ 2.4 GB/3.3 GB  3.7 MB/s    4m2s[K[A[1Gpulling manifest [K
pulling bdbf939b402e:  72% ▕█████████████     ▏ 2.4 GB/3.3 GB  3.7 MB/s    4m2s[K[A[1Gpulling manifest [K
pulling bdbf939b402e:  72% ▕█████████████     ▏ 2.4 GB/3.3 GB  3.7 MB/s    4m3s[K[A[1Gpulling manifest [K
pulling bdbf939b402e:  72% ▕█████████████     ▏ 2.4 GB/3.3 GB  3.7 MB/s    4m3s[K[A[1Gpulling manifest [K
pulling bdbf939b402e:  73% ▕█████████████     ▏ 2.4 GB/3.3 GB  3.7 MB/s    4m3s[K[A[1Gpulling manifest [K
pulling bdbf939b402e:  73% ▕█████████████     ▏ 2.4 GB/3.3 GB  3.7 MB/s    4m3s[K[A[1Gpulling manifest [K
pulling bdbf939b402e:  73% ▕█████████████     ▏ 2.4 GB/3.3 GB  3.7 MB/s    4m3s[K[A[1Gpulling manifest [K
pulling bdbf939b402e:  73% ▕█████████████     ▏ 2.4 GB/3.3 GB  3.7 MB/s    4m3s[K[A[1Gpulling manifest [K
pulling bdbf939b402e:  73% ▕█████████████     ▏ 2.4 GB/3.3 GB  3.7 MB/s    4m3s[K[A[1Gpulling manifest [K
pulling bdbf939b402e:  73% ▕█████████████     ▏ 2.4 GB/3.3 GB  3.7 MB/s    4m3s[K[A[1Gpulling manifest [K
pulling bdbf939b402e:  73% ▕█████████████     ▏ 2.4 GB/3.3 GB  3.7 MB/s    4m3s[K[A[1Gpulling manifest [K
pulling bdbf939b402e:  73% ▕█████████████     ▏ 2.4 GB/3.3 GB  3.7 MB/s    4m3s[K[A[1Gpulling manifest [K
pulling bdbf939b402e:  73% ▕█████████████     ▏ 2.4 GB/3.3 GB  3.7 MB/s    4m4s[K[A[1Gpulling manifest [K
pulling bdbf939b402e:  73% ▕█████████████     ▏ 2.4 GB/3.3 GB  3.7 MB/s    4m4s[K[A[1Gpulling manifest [K
pulling bdbf939b402e:  73% ▕█████████████     ▏ 2.4 GB/3.3 GB  3.7 MB/s    4m4s[K[A[1Gpulling manifest [K
pulling bdbf939b402e:  73% ▕█████████████     ▏ 2.4 GB/3.3 GB  3.7 MB/s    4m4s[K[A[1Gpulling manifest [K
pulling bdbf939b402e:  73% ▕█████████████     ▏ 2.4 GB/3.3 GB  3.7 MB/s    4m4s[K[A[1Gpulling manifest [K
pulling bdbf939b402e:  73% ▕█████████████     ▏ 2.4 GB/3.3 GB  3.7 MB/s    4m3s[K[A[1Gpulling manifest [K
pulling bdbf939b402e:  73% ▕█████████████     ▏ 2.4 GB/3.3 GB  3.7 MB/s    4m3s[K[A[1Gpulling manifest [K
pulling bdbf939b402e:  73% ▕█████████████     ▏ 2.4 GB/3.3 GB  3.7 MB/s    4m3s[K[A[1Gpulling manifest [K
pulling bdbf939b402e:  73% ▕█████████████     ▏ 2.4 GB/3.3 GB  3.7 MB/s    4m3s[K[A[1Gpulling manifest [K
pulling bdbf939b402e:  73% ▕█████████████     ▏ 2.4 GB/3.3 GB  3.7 MB/s    4m3s[K[A[1Gpulling manifest [K
pulling bdbf939b402e:  73% ▕█████████████     ▏ 2.4 GB/3.3 GB  3.7 MB/s    4m4s[K[A[1Gpulling manifest [K
pulling bdbf939b402e:  73% ▕█████████████     ▏ 2.4 GB/3.3 GB  3.7 MB/s    4m4s[K[A[1Gpulling manifest [K
pulling bdbf939b402e:  73% ▕█████████████     ▏ 2.4 GB/3.3 GB  3.7 MB/s    4m4s[K[A[1Gpulling manifest [K
pulling bdbf939b402e:  73% ▕█████████████     ▏ 2.4 GB/3.3 GB  3.7 MB/s    4m4s[K[A[1Gpulling manifest [K
pulling bdbf939b402e:  73% ▕█████████████     ▏ 2.4 GB/3.3 GB  3.7 MB/s    4m4s[K[A[1Gpulling manifest [K
pulling bdbf939b402e:  73% ▕█████████████     ▏ 2.4 GB/3.3 GB  3.7 MB/s    4m4s[K[A[1Gpulling manifest [K
pulling bdbf939b402e:  73% ▕█████████████     ▏ 2.4 GB/3.3 GB  3.7 MB/s    4m4s[K[A[1Gpulling manifest [K
pulling bdbf939b402e:  73% ▕█████████████     ▏ 2.4 GB/3.3 GB  3.7 MB/s    4m4s[K[A[1Gpulling manifest [K
pulling bdbf939b402e:  73% ▕█████████████     ▏ 2.4 GB/3.3 GB  3.7 MB/s    4m3s[K[A[1Gpulling manifest [K
pulling bdbf939b402e:  73% ▕█████████████     ▏ 2.4 GB/3.3 GB  3.7 MB/s    4m3s[K[A[1Gpulling manifest [K
pulling bdbf939b402e:  73% ▕█████████████     ▏ 2.4 GB/3.3 GB  3.6 MB/s    4m6s[K[A[1Gpulling manifest [K
pulling bdbf939b402e:  73% ▕█████████████     ▏ 2.4 GB/3.3 GB  3.6 MB/s    4m6s[K[A[1Gpulling manifest [K
pulling bdbf939b402e:  73% ▕█████████████     ▏ 2.4 GB/3.3 GB  3.6 MB/s    4m6s[K[A[1Gpulling manifest [K
pulling bdbf939b402e:  73% ▕█████████████     ▏ 2.4 GB/3.3 GB  3.6 MB/s    4m6s[K[A[1Gpulling manifest [K
pulling bdbf939b402e:  73% ▕█████████████     ▏ 2.4 GB/3.3 GB  3.6 MB/s    4m6s[K[A[1Gpulling manifest [K
pulling bdbf939b402e:  73% ▕█████████████     ▏ 2.4 GB/3.3 GB  3.6 MB/s    4m6s[K[A[1Gpulling manifest [K
pulling bdbf939b402e:  73% ▕█████████████     ▏ 2.4 GB/3.3 GB  3.6 MB/s    4m6s[K[A[1Gpulling manifest [K
pulling bdbf939b402e:  73% ▕█████████████     ▏ 2.4 GB/3.3 GB  3.6 MB/s    4m6s[K[A[1Gpulling manifest [K
pulling bdbf939b402e:  73% ▕█████████████     ▏ 2.4 GB/3.3 GB  3.6 MB/s    4m6s[K[A[1Gpulling manifest [K
pulling bdbf939b402e:  73% ▕█████████████     ▏ 2.4 GB/3.3 GB  3.6 MB/s    4m6s[K[A[1Gpulling manifest [K
pulling bdbf939b402e:  73% ▕█████████████     ▏ 2.4 GB/3.3 GB  3.6 MB/s    4m6s[K[A[1Gpulling manifest [K
pulling bdbf939b402e:  73% ▕█████████████     ▏ 2.4 GB/3.3 GB  3.6 MB/s   4m10s[K[A[1Gpulling manifest [K
pulling bdbf939b402e:  73% ▕█████████████     ▏ 2.4 GB/3.3 GB  3.6 MB/s   4m10s[K[A[1Gpulling manifest [K
pulling bdbf939b402e:  73% ▕█████████████     ▏ 2.4 GB/3.3 GB  3.6 MB/s   4m10s[K[A[1Gpulling manifest [K
pulling bdbf939b402e:  73% ▕█████████████     ▏ 2.4 GB/3.3 GB  3.6 MB/s   4m10s[K[A[1Gpulling manifest [K
pulling bdbf939b402e:  73% ▕█████████████     ▏ 2.4 GB/3.3 GB  3.6 MB/s    4m9s[K[A[1Gpulling manifest [K
pulling bdbf939b402e:  73% ▕█████████████     ▏ 2.4 GB/3.3 GB  3.6 MB/s    4m9s[K[A[1Gpulling manifest [K
pulling bdbf939b402e:  73% ▕█████████████     ▏ 2.4 GB/3.3 GB  3.6 MB/s    4m9s[K[A[1Gpulling manifest [K
pulling bdbf939b402e:  73% ▕█████████████     ▏ 2.4 GB/3.3 GB  3.6 MB/s    4m9s[K[A[1Gpulling manifest [K
pulling bdbf939b402e:  73% ▕█████████████     ▏ 2.4 GB/3.3 GB  3.6 MB/s    4m9s[K[A[1Gpulling manifest [K
pulling bdbf939b402e:  73% ▕█████████████     ▏ 2.4 GB/3.3 GB  3.6 MB/s    4m9s[K[A[1Gpulling manifest [K
pulling bdbf939b402e:  73% ▕█████████████     ▏ 2.4 GB/3.3 GB  3.6 MB/s    4m8s[K[A[1Gpulling manifest [K
pulling bdbf939b402e:  73% ▕█████████████     ▏ 2.4 GB/3.3 GB  3.6 MB/s    4m8s[K[A[1Gpulling manifest [K
pulling bdbf939b402e:  73% ▕█████████████     ▏ 2.4 GB/3.3 GB  3.6 MB/s    4m8s[K[A[1Gpulling manifest [K
pulling bdbf939b402e:  73% ▕█████████████     ▏ 2.4 GB/3.3 GB  3.6 MB/s    4m8s[K[A[1Gpulling manifest [K
pulling bdbf939b402e:  73% ▕█████████████     ▏ 2.4 GB/3.3 GB  3.6 MB/s    4m8s[K[A[1Gpulling manifest [K
pulling bdbf939b402e:  73% ▕█████████████     ▏ 2.4 GB/3.3 GB  3.6 MB/s    4m8s[K[A[1Gpulling manifest [K
pulling bdbf939b402e:  73% ▕█████████████     ▏ 2.4 GB/3.3 GB  3.6 MB/s    4m7s[K[A[1Gpulling manifest [K
pulling bdbf939b402e:  73% ▕█████████████     ▏ 2.4 GB/3.3 GB  3.6 MB/s    4m7s[K[A[1Gpulling manifest [K
pulling bdbf939b402e:  73% ▕█████████████     ▏ 2.4 GB/3.3 GB  3.6 MB/s    4m7s[K[A[1Gpulling manifest [K
pulling bdbf939b402e:  73% ▕█████████████     ▏ 2.4 GB/3.3 GB  3.6 MB/s    4m7s[K[A[1Gpulling manifest [K
pulling bdbf939b402e:  73% ▕█████████████     ▏ 2.4 GB/3.3 GB  3.6 MB/s    4m3s[K[A[1Gpulling manifest [K
pulling bdbf939b402e:  73% ▕█████████████     ▏ 2.4 GB/3.3 GB  3.6 MB/s    4m3s[K[A[1Gpulling manifest [K
pulling bdbf939b402e:  73% ▕█████████████     ▏ 2.4 GB/3.3 GB  3.6 MB/s    4m3s[K[A[1Gpulling manifest [K
pulling bdbf939b402e:  73% ▕█████████████     ▏ 2.4 GB/3.3 GB  3.6 MB/s    4m3s[K[A[1Gpulling manifest [K
pulling bdbf939b402e:  73% ▕█████████████     ▏ 2.4 GB/3.3 GB  3.6 MB/s    4m2s[K[A[1Gpulling manifest [K
pulling bdbf939b402e:  73% ▕█████████████     ▏ 2.4 GB/3.3 GB  3.6 MB/s    4m2s[K[A[1Gpulling manifest [K
pulling bdbf939b402e:  73% ▕█████████████     ▏ 2.4 GB/3.3 GB  3.6 MB/s    4m2s[K[A[1Gpulling manifest [K
pulling bdbf939b402e:  73% ▕█████████████     ▏ 2.4 GB/3.3 GB  3.6 MB/s    4m2s[K[A[1Gpulling manifest [K
pulling bdbf939b402e:  73% ▕█████████████     ▏ 2.4 GB/3.3 GB  3.6 MB/s    4m2s[K[A[1Gpulling manifest [K
pulling bdbf939b402e:  73% ▕█████████████     ▏ 2.4 GB/3.3 GB  3.6 MB/s    4m2s[K[A[1Gpulling manifest [K
pulling bdbf939b402e:  73% ▕█████████████     ▏ 2.4 GB/3.3 GB  3.7 MB/s    4m1s[K[A[1Gpulling manifest [K
pulling bdbf939b402e:  73% ▕█████████████     ▏ 2.4 GB/3.3 GB  3.7 MB/s    4m1s[K[A[1Gpulling manifest [K
pulling bdbf939b402e:  73% ▕█████████████     ▏ 2.4 GB/3.3 GB  3.7 MB/s    4m1s[K[A[1Gpulling manifest [K
pulling bdbf939b402e:  73% ▕█████████████     ▏ 2.4 GB/3.3 GB  3.7 MB/s    4m0s[K[A[1Gpulling manifest [K
pulling bdbf939b402e:  73% ▕█████████████     ▏ 2.4 GB/3.3 GB  3.7 MB/s    4m0s[K[A[1Gpulling manifest [K
pulling bdbf939b402e:  73% ▕█████████████     ▏ 2.4 GB/3.3 GB  3.7 MB/s    4m0s[K[A[1Gpulling manifest [K
pulling bdbf939b402e:  73% ▕█████████████     ▏ 2.4 GB/3.3 GB  3.7 MB/s    4m0s[K[A[1Gpulling manifest [K
pulling bdbf939b402e:  73% ▕█████████████     ▏ 2.4 GB/3.3 GB  3.7 MB/s    4m0s[K[A[1Gpulling manifest [K
pulling bdbf939b402e:  73% ▕█████████████     ▏ 2.4 GB/3.3 GB  3.7 MB/s    4m0s[K[A[1Gpulling manifest [K
pulling bdbf939b402e:  73% ▕█████████████     ▏ 2.4 GB/3.3 GB  3.7 MB/s    4m0s[K[A[1Gpulling manifest [K
pulling bdbf939b402e:  73% ▕█████████████     ▏ 2.4 GB/3.3 GB  3.7 MB/s   3m56s[K[A[1Gpulling manifest [K
pulling bdbf939b402e:  73% ▕█████████████     ▏ 2.4 GB/3.3 GB  3.7 MB/s   3m56s[K[A[1Gpulling manifest [K
pulling bdbf939b402e:  73% ▕█████████████     ▏ 2.4 GB/3.3 GB  3.7 MB/s   3m55s[K[A[1Gpulling manifest [K
pulling bdbf939b402e:  73% ▕█████████████     ▏ 2.4 GB/3.3 GB  3.7 MB/s   3m55s[K[A[1Gpulling manifest [K
pulling bdbf939b402e:  73% ▕█████████████     ▏ 2.4 GB/3.3 GB  3.7 MB/s   3m55s[K[A[1Gpulling manifest [K
pulling bdbf939b402e:  73% ▕█████████████     ▏ 2.4 GB/3.3 GB  3.7 MB/s   3m55s[K[A[1Gpulling manifest [K
pulling bdbf939b402e:  73% ▕█████████████     ▏ 2.4 GB/3.3 GB  3.7 MB/s   3m55s[K[A[1Gpulling manifest [K
pulling bdbf939b402e:  73% ▕█████████████     ▏ 2.4 GB/3.3 GB  3.7 MB/s   3m55s[K[A[1Gpulling manifest [K
pulling bdbf939b402e:  73% ▕█████████████     ▏ 2.4 GB/3.3 GB  3.7 MB/s   3m55s[K[A[1Gpulling manifest [K
pulling bdbf939b402e:  73% ▕█████████████     ▏ 2.4 GB/3.3 GB  3.7 MB/s   3m55s[K[A[1Gpulling manifest [K
pulling bdbf939b402e:  73% ▕█████████████     ▏ 2.4 GB/3.3 GB  3.7 MB/s   3m55s[K[A[1Gpulling manifest [K
pulling bdbf939b402e:  74% ▕█████████████     ▏ 2.4 GB/3.3 GB  3.7 MB/s   3m56s[K[A[1Gpulling manifest [K
pulling bdbf939b402e:  74% ▕█████████████     ▏ 2.4 GB/3.3 GB  3.7 MB/s   3m56s[K[A[1Gpulling manifest [K
pulling bdbf939b402e:  74% ▕█████████████     ▏ 2.4 GB/3.3 GB  3.7 MB/s   3m56s[K[A[1Gpulling manifest [K
pulling bdbf939b402e:  74% ▕█████████████     ▏ 2.4 GB/3.3 GB  3.7 MB/s   3m56s[K[A[1Gpulling manifest [K
pulling bdbf939b402e:  74% ▕█████████████     ▏ 2.4 GB/3.3 GB  3.7 MB/s   3m55s[K[A[1Gpulling manifest [K
pulling bdbf939b402e:  74% ▕█████████████     ▏ 2.4 GB/3.3 GB  3.7 MB/s   3m55s[K[A[1Gpulling manifest [K
pulling bdbf939b402e:  74% ▕█████████████     ▏ 2.4 GB/3.3 GB  3.7 MB/s   3m55s[K[A[1Gpulling manifest [K
pulling bdbf939b402e:  74% ▕█████████████     ▏ 2.4 GB/3.3 GB  3.7 MB/s   3m55s[K[A[1Gpulling manifest [K
pulling bdbf939b402e:  74% ▕█████████████     ▏ 2.4 GB/3.3 GB  3.7 MB/s   3m55s[K[A[1Gpulling manifest [K
pulling bdbf939b402e:  74% ▕█████████████     ▏ 2.4 GB/3.3 GB  3.7 MB/s   3m55s[K[A[1Gpulling manifest [K
pulling bdbf939b402e:  74% ▕█████████████     ▏ 2.4 GB/3.3 GB  3.7 MB/s   3m52s[K[A[1Gpulling manifest [K
pulling bdbf939b402e:  74% ▕█████████████     ▏ 2.4 GB/3.3 GB  3.7 MB/s   3m52s[K[A[1Gpulling manifest [K
pulling bdbf939b402e:  74% ▕█████████████     ▏ 2.4 GB/3.3 GB  3.7 MB/s   3m52s[K[A[1Gpulling manifest [K
pulling bdbf939b402e:  74% ▕█████████████     ▏ 2.4 GB/3.3 GB  3.7 MB/s   3m52s[K[A[1Gpulling manifest [K
pulling bdbf939b402e:  74% ▕█████████████     ▏ 2.4 GB/3.3 GB  3.7 MB/s   3m52s[K[A[1Gpulling manifest [K
pulling bdbf939b402e:  74% ▕█████████████     ▏ 2.4 GB/3.3 GB  3.7 MB/s   3m51s[K[A[1Gpulling manifest [K
pulling bdbf939b402e:  74% ▕█████████████     ▏ 2.4 GB/3.3 GB  3.7 MB/s   3m51s[K[A[1Gpulling manifest [K
pulling bdbf939b402e:  74% ▕█████████████     ▏ 2.4 GB/3.3 GB  3.7 MB/s   3m51s[K[A[1Gpulling manifest [K
pulling bdbf939b402e:  74% ▕█████████████     ▏ 2.4 GB/3.3 GB  3.7 MB/s   3m51s[K[A[1Gpulling manifest [K
pulling bdbf939b402e:  74% ▕█████████████     ▏ 2.4 GB/3.3 GB  3.7 MB/s   3m51s[K[A[1Gpulling manifest [K
pulling bdbf939b402e:  74% ▕█████████████     ▏ 2.4 GB/3.3 GB  3.8 MB/s   3m50s[K[A[1Gpulling manifest [K
pulling bdbf939b402e:  74% ▕█████████████     ▏ 2.4 GB/3.3 GB  3.8 MB/s   3m49s[K[A[1Gpulling manifest [K
pulling bdbf939b402e:  74% ▕█████████████     ▏ 2.4 GB/3.3 GB  3.8 MB/s   3m49s[K[A[1Gpulling manifest [K
pulling bdbf939b402e:  74% ▕█████████████     ▏ 2.4 GB/3.3 GB  3.8 MB/s   3m49s[K[A[1Gpulling manifest [K
pulling bdbf939b402e:  74% ▕█████████████     ▏ 2.4 GB/3.3 GB  3.8 MB/s   3m49s[K[A[1Gpulling manifest [K
pulling bdbf939b402e:  74% ▕█████████████     ▏ 2.4 GB/3.3 GB  3.8 MB/s   3m49s[K[A[1Gpulling manifest [K
pulling bdbf939b402e:  74% ▕█████████████     ▏ 2.4 GB/3.3 GB  3.8 MB/s   3m49s[K[A[1Gpulling manifest [K
pulling bdbf939b402e:  74% ▕█████████████     ▏ 2.4 GB/3.3 GB  3.8 MB/s   3m49s[K[A[1Gpulling manifest [K
pulling bdbf939b402e:  74% ▕█████████████     ▏ 2.4 GB/3.3 GB  3.8 MB/s   3m49s[K[A[1Gpulling manifest [K
pulling bdbf939b402e:  74% ▕█████████████     ▏ 2.4 GB/3.3 GB  3.8 MB/s   3m49s[K[A[1Gpulling manifest [K
pulling bdbf939b402e:  74% ▕█████████████     ▏ 2.4 GB/3.3 GB  3.8 MB/s   3m46s[K[A[1Gpulling manifest [K
pulling bdbf939b402e:  74% ▕█████████████     ▏ 2.4 GB/3.3 GB  3.8 MB/s   3m46s[K[A[1Gpulling manifest [K
pulling bdbf939b402e:  74% ▕█████████████     ▏ 2.4 GB/3.3 GB  3.8 MB/s   3m46s[K[A[1Gpulling manifest [K
pulling bdbf939b402e:  74% ▕█████████████     ▏ 2.4 GB/3.3 GB  3.8 MB/s   3m46s[K[A[1Gpulling manifest [K
pulling bdbf939b402e:  74% ▕█████████████     ▏ 2.4 GB/3.3 GB  3.8 MB/s   3m46s[K[A[1Gpulling manifest [K
pulling bdbf939b402e:  74% ▕█████████████     ▏ 2.4 GB/3.3 GB  3.8 MB/s   3m46s[K[A[1Gpulling manifest [K
pulling bdbf939b402e:  74% ▕█████████████     ▏ 2.4 GB/3.3 GB  3.8 MB/s   3m45s[K[A[1Gpulling manifest [K
pulling bdbf939b402e:  74% ▕█████████████     ▏ 2.4 GB/3.3 GB  3.8 MB/s   3m45s[K[A[1Gpulling manifest [K
pulling bdbf939b402e:  74% ▕█████████████     ▏ 2.4 GB/3.3 GB  3.8 MB/s   3m45s[K[A[1Gpulling manifest [K
pulling bdbf939b402e:  74% ▕█████████████     ▏ 2.4 GB/3.3 GB  3.8 MB/s   3m45s[K[A[1Gpulling manifest [K
pulling bdbf939b402e:  74% ▕█████████████     ▏ 2.4 GB/3.3 GB  3.8 MB/s   3m43s[K[A[1Gpulling manifest [K
pulling bdbf939b402e:  74% ▕█████████████     ▏ 2.4 GB/3.3 GB  3.8 MB/s   3m43s[K[A[1Gpulling manifest [K
pulling bdbf939b402e:  74% ▕█████████████     ▏ 2.4 GB/3.3 GB  3.8 MB/s   3m42s[K[A[1Gpulling manifest [K
pulling bdbf939b402e:  74% ▕█████████████     ▏ 2.4 GB/3.3 GB  3.8 MB/s   3m42s[K[A[1Gpulling manifest [K
pulling bdbf939b402e:  74% ▕█████████████     ▏ 2.4 GB/3.3 GB  3.8 MB/s   3m42s[K[A[1Gpulling manifest [K
pulling bdbf939b402e:  74% ▕█████████████     ▏ 2.4 GB/3.3 GB  3.8 MB/s   3m42s[K[A[1Gpulling manifest [K
pulling bdbf939b402e:  74% ▕█████████████     ▏ 2.4 GB/3.3 GB  3.8 MB/s   3m42s[K[A[1Gpulling manifest [K
pulling bdbf939b402e:  74% ▕█████████████     ▏ 2.4 GB/3.3 GB  3.8 MB/s   3m42s[K[A[1Gpulling manifest [K
pulling bdbf939b402e:  74% ▕█████████████     ▏ 2.4 GB/3.3 GB  3.8 MB/s   3m42s[K[A[1Gpulling manifest [K
pulling bdbf939b402e:  74% ▕█████████████     ▏ 2.4 GB/3.3 GB  3.8 MB/s   3m42s[K[A[1Gpulling manifest [K
pulling bdbf939b402e:  74% ▕█████████████     ▏ 2.4 GB/3.3 GB  3.8 MB/s   3m42s[K[A[1Gpulling manifest [K
pulling bdbf939b402e:  74% ▕█████████████     ▏ 2.4 GB/3.3 GB  3.9 MB/s   3m39s[K[A[1Gpulling manifest [K
pulling bdbf939b402e:  74% ▕█████████████     ▏ 2.4 GB/3.3 GB  3.9 MB/s   3m39s[K[A[1Gpulling manifest [K
pulling bdbf939b402e:  74% ▕█████████████     ▏ 2.4 GB/3.3 GB  3.9 MB/s   3m39s[K[A[1Gpulling manifest [K
pulling bdbf939b402e:  74% ▕█████████████     ▏ 2.4 GB/3.3 GB  3.9 MB/s   3m39s[K[A[1Gpulling manifest [K
pulling bdbf939b402e:  74% ▕█████████████     ▏ 2.4 GB/3.3 GB  3.9 MB/s   3m39s[K[A[1Gpulling manifest [K
pulling bdbf939b402e:  74% ▕█████████████     ▏ 2.4 GB/3.3 GB  3.9 MB/s   3m39s[K[A[1Gpulling manifest [K
pulling bdbf939b402e:  74% ▕█████████████     ▏ 2.4 GB/3.3 GB  3.9 MB/s   3m39s[K[A[1Gpulling manifest [K
pulling bdbf939b402e:  74% ▕█████████████     ▏ 2.4 GB/3.3 GB  3.9 MB/s   3m39s[K[A[1Gpulling manifest [K
pulling bdbf939b402e:  74% ▕█████████████     ▏ 2.4 GB/3.3 GB  3.9 MB/s   3m39s[K[A[1Gpulling manifest [K
pulling bdbf939b402e:  74% ▕█████████████     ▏ 2.4 GB/3.3 GB  3.9 MB/s   3m39s[K[A[1Gpulling manifest [K
pulling bdbf939b402e:  74% ▕█████████████     ▏ 2.4 GB/3.3 GB  3.9 MB/s   3m39s[K[A[1Gpulling manifest [K
pulling bdbf939b402e:  74% ▕█████████████     ▏ 2.4 GB/3.3 GB  3.9 MB/s   3m39s[K[A[1Gpulling manifest [K
pulling bdbf939b402e:  74% ▕█████████████     ▏ 2.4 GB/3.3 GB  3.9 MB/s   3m38s[K[A[1Gpulling manifest [K
pulling bdbf939b402e:  74% ▕█████████████     ▏ 2.4 GB/3.3 GB  3.9 MB/s   3m38s[K[A[1Gpulling manifest [K
pulling bdbf939b402e:  74% ▕█████████████     ▏ 2.4 GB/3.3 GB  3.9 MB/s   3m38s[K[A[1Gpulling manifest [K
pulling bdbf939b402e:  74% ▕█████████████     ▏ 2.4 GB/3.3 GB  3.9 MB/s   3m38s[K[A[1Gpulling manifest [K
pulling bdbf939b402e:  74% ▕█████████████     ▏ 2.5 GB/3.3 GB  3.9 MB/s   3m38s[K[A[1Gpulling manifest [K
pulling bdbf939b402e:  74% ▕█████████████     ▏ 2.5 GB/3.3 GB  3.9 MB/s   3m38s[K[A[1Gpulling manifest [K
pulling bdbf939b402e:  74% ▕█████████████     ▏ 2.5 GB/3.3 GB  3.9 MB/s   3m38s[K[A[1Gpulling manifest [K
pulling bdbf939b402e:  74% ▕█████████████     ▏ 2.5 GB/3.3 GB  3.9 MB/s   3m38s[K[A[1Gpulling manifest [K
pulling bdbf939b402e:  74% ▕█████████████     ▏ 2.5 GB/3.3 GB  3.8 MB/s   3m41s[K[A[1Gpulling manifest [K
pulling bdbf939b402e:  74% ▕█████████████     ▏ 2.5 GB/3.3 GB  3.8 MB/s   3m41s[K[A[1Gpulling manifest [K
pulling bdbf939b402e:  74% ▕█████████████     ▏ 2.5 GB/3.3 GB  3.8 MB/s   3m40s[K[A[1Gpulling manifest [K
pulling bdbf939b402e:  74% ▕█████████████     ▏ 2.5 GB/3.3 GB  3.8 MB/s   3m40s[K[A[1Gpulling manifest [K
pulling bdbf939b402e:  74% ▕█████████████     ▏ 2.5 GB/3.3 GB  3.8 MB/s   3m40s[K[A[1Gpulling manifest [K
pulling bdbf939b402e:  74% ▕█████████████     ▏ 2.5 GB/3.3 GB  3.8 MB/s   3m40s[K[A[1Gpulling manifest [K
pulling bdbf939b402e:  74% ▕█████████████     ▏ 2.5 GB/3.3 GB  3.8 MB/s   3m40s[K[A[1Gpulling manifest [K
pulling bdbf939b402e:  74% ▕█████████████     ▏ 2.5 GB/3.3 GB  3.8 MB/s   3m40s[K[A[1Gpulling manifest [K
pulling bdbf939b402e:  74% ▕█████████████     ▏ 2.5 GB/3.3 GB  3.8 MB/s   3m40s[K[A[1Gpulling manifest [K
pulling bdbf939b402e:  74% ▕█████████████     ▏ 2.5 GB/3.3 GB  3.8 MB/s   3m40s[K[A[1Gpulling manifest [K
pulling bdbf939b402e:  74% ▕█████████████     ▏ 2.5 GB/3.3 GB  3.8 MB/s   3m44s[K[A[1Gpulling manifest [K
pulling bdbf939b402e:  74% ▕█████████████     ▏ 2.5 GB/3.3 GB  3.8 MB/s   3m43s[K[A[1Gpulling manifest [K
pulling bdbf939b402e:  74% ▕█████████████     ▏ 2.5 GB/3.3 GB  3.8 MB/s   3m43s[K[A[1Gpulling manifest [K
pulling bdbf939b402e:  74% ▕█████████████     ▏ 2.5 GB/3.3 GB  3.8 MB/s   3m43s[K[A[1Gpulling manifest [K
pulling bdbf939b402e:  74% ▕█████████████     ▏ 2.5 GB/3.3 GB  3.8 MB/s   3m43s[K[A[1Gpulling manifest [K
pulling bdbf939b402e:  74% ▕█████████████     ▏ 2.5 GB/3.3 GB  3.8 MB/s   3m43s[K[A[1Gpulling manifest [K
pulling bdbf939b402e:  74% ▕█████████████     ▏ 2.5 GB/3.3 GB  3.8 MB/s   3m43s[K[A[1Gpulling manifest [K
pulling bdbf939b402e:  74% ▕█████████████     ▏ 2.5 GB/3.3 GB  3.8 MB/s   3m43s[K[A[1Gpulling manifest [K
pulling bdbf939b402e:  75% ▕█████████████     ▏ 2.5 GB/3.3 GB  3.8 MB/s   3m43s[K[A[1Gpulling manifest [K
pulling bdbf939b402e:  75% ▕█████████████     ▏ 2.5 GB/3.3 GB  3.8 MB/s   3m43s[K[A[1Gpulling manifest [K
pulling bdbf939b402e:  75% ▕█████████████     ▏ 2.5 GB/3.3 GB  3.8 MB/s   3m41s[K[A[1Gpulling manifest [K
pulling bdbf939b402e:  75% ▕█████████████     ▏ 2.5 GB/3.3 GB  3.8 MB/s   3m41s[K[A[1Gpulling manifest [K
pulling bdbf939b402e:  75% ▕█████████████     ▏ 2.5 GB/3.3 GB  3.8 MB/s   3m41s[K[A[1Gpulling manifest [K
pulling bdbf939b402e:  75% ▕█████████████     ▏ 2.5 GB/3.3 GB  3.8 MB/s   3m41s[K[A[1Gpulling manifest [K
pulling bdbf939b402e:  75% ▕█████████████     ▏ 2.5 GB/3.3 GB  3.8 MB/s   3m41s[K[A[1Gpulling manifest [K
pulling bdbf939b402e:  75% ▕█████████████     ▏ 2.5 GB/3.3 GB  3.8 MB/s   3m41s[K[A[1Gpulling manifest [K
pulling bdbf939b402e:  75% ▕█████████████     ▏ 2.5 GB/3.3 GB  3.8 MB/s   3m40s[K[A[1Gpulling manifest [K
pulling bdbf939b402e:  75% ▕█████████████     ▏ 2.5 GB/3.3 GB  3.8 MB/s   3m40s[K[A[1Gpulling manifest [K
pulling bdbf939b402e:  75% ▕█████████████     ▏ 2.5 GB/3.3 GB  3.8 MB/s   3m40s[K[A[1Gpulling manifest [K
pulling bdbf939b402e:  75% ▕█████████████     ▏ 2.5 GB/3.3 GB  3.8 MB/s   3m40s[K[A[1Gpulling manifest [K
pulling bdbf939b402e:  75% ▕█████████████     ▏ 2.5 GB/3.3 GB  3.8 MB/s   3m40s[K[A[1Gpulling manifest [K
pulling bdbf939b402e:  75% ▕█████████████     ▏ 2.5 GB/3.3 GB  3.7 MB/s   3m43s[K[A[1Gpulling manifest [K
pulling bdbf939b402e:  75% ▕█████████████     ▏ 2.5 GB/3.3 GB  3.7 MB/s   3m43s[K[A[1Gpulling manifest [K
pulling bdbf939b402e:  75% ▕█████████████     ▏ 2.5 GB/3.3 GB  3.7 MB/s   3m43s[K[A[1Gpulling manifest [K
pulling bdbf939b402e:  75% ▕█████████████     ▏ 2.5 GB/3.3 GB  3.7 MB/s   3m42s[K[A[1Gpulling manifest [K
pulling bdbf939b402e:  75% ▕█████████████     ▏ 2.5 GB/3.3 GB  3.7 MB/s   3m42s[K[A[1Gpulling manifest [K
pulling bdbf939b402e:  75% ▕█████████████     ▏ 2.5 GB/3.3 GB  3.7 MB/s   3m42s[K[A[1Gpulling manifest [K
pulling bdbf939b402e:  75% ▕█████████████     ▏ 2.5 GB/3.3 GB  3.7 MB/s   3m42s[K[A[1Gpulling manifest [K
pulling bdbf939b402e:  75% ▕█████████████     ▏ 2.5 GB/3.3 GB  3.7 MB/s   3m42s[K[A[1Gpulling manifest [K
pulling bdbf939b402e:  75% ▕█████████████     ▏ 2.5 GB/3.3 GB  3.7 MB/s   3m42s[K[A[1Gpulling manifest [K
pulling bdbf939b402e:  75% ▕█████████████     ▏ 2.5 GB/3.3 GB  3.7 MB/s   3m42s[K[A[1Gpulling manifest [K
pulling bdbf939b402e:  75% ▕█████████████     ▏ 2.5 GB/3.3 GB  3.8 MB/s   3m40s[K[A[1Gpulling manifest [K
pulling bdbf939b402e:  75% ▕█████████████     ▏ 2.5 GB/3.3 GB  3.8 MB/s   3m40s[K[A[1Gpulling manifest [K
pulling bdbf939b402e:  75% ▕█████████████     ▏ 2.5 GB/3.3 GB  3.8 MB/s   3m40s[K[A[1Gpulling manifest [K
pulling bdbf939b402e:  75% ▕█████████████     ▏ 2.5 GB/3.3 GB  3.8 MB/s   3m40s[K[A[1Gpulling manifest [K
pulling bdbf939b402e:  75% ▕█████████████     ▏ 2.5 GB/3.3 GB  3.8 MB/s   3m40s[K[A[1Gpulling manifest [K
pulling bdbf939b402e:  75% ▕█████████████     ▏ 2.5 GB/3.3 GB  3.8 MB/s   3m40s[K[A[1Gpulling manifest [K
pulling bdbf939b402e:  75% ▕█████████████     ▏ 2.5 GB/3.3 GB  3.8 MB/s   3m40s[K[A[1Gpulling manifest [K
pulling bdbf939b402e:  75% ▕█████████████     ▏ 2.5 GB/3.3 GB  3.8 MB/s   3m40s[K[A[1Gpulling manifest [K
pulling bdbf939b402e:  75% ▕█████████████     ▏ 2.5 GB/3.3 GB  3.8 MB/s   3m40s[K[A[1Gpulling manifest [K
pulling bdbf939b402e:  75% ▕█████████████     ▏ 2.5 GB/3.3 GB  3.8 MB/s   3m39s[K[A[1Gpulling manifest [K
pulling bdbf939b402e:  75% ▕█████████████     ▏ 2.5 GB/3.3 GB  3.8 MB/s   3m40s[K[A[1Gpulling manifest [K
pulling bdbf939b402e:  75% ▕█████████████     ▏ 2.5 GB/3.3 GB  3.8 MB/s   3m40s[K[A[1Gpulling manifest [K
pulling bdbf939b402e:  75% ▕█████████████     ▏ 2.5 GB/3.3 GB  3.8 MB/s   3m40s[K[A[1Gpulling manifest [K
pulling bdbf939b402e:  75% ▕█████████████     ▏ 2.5 GB/3.3 GB  3.8 MB/s   3m40s[K[A[1Gpulling manifest [K
pulling bdbf939b402e:  75% ▕█████████████     ▏ 2.5 GB/3.3 GB  3.8 MB/s   3m40s[K[A[1Gpulling manifest [K
pulling bdbf939b402e:  75% ▕█████████████     ▏ 2.5 GB/3.3 GB  3.8 MB/s   3m40s[K[A[1Gpulling manifest [K
pulling bdbf939b402e:  75% ▕█████████████     ▏ 2.5 GB/3.3 GB  3.8 MB/s   3m40s[K[A[1Gpulling manifest [K
pulling bdbf939b402e:  75% ▕█████████████     ▏ 2.5 GB/3.3 GB  3.8 MB/s   3m40s[K[A[1Gpulling manifest [K
pulling bdbf939b402e:  75% ▕█████████████     ▏ 2.5 GB/3.3 GB  3.8 MB/s   3m39s[K[A[1Gpulling manifest [K
pulling bdbf939b402e:  75% ▕█████████████     ▏ 2.5 GB/3.3 GB  3.8 MB/s   3m39s[K[A[1Gpulling manifest [K
pulling bdbf939b402e:  75% ▕█████████████     ▏ 2.5 GB/3.3 GB  3.7 MB/s   3m43s[K[A[1Gpulling manifest [K
pulling bdbf939b402e:  75% ▕█████████████     ▏ 2.5 GB/3.3 GB  3.7 MB/s   3m43s[K[A[1Gpulling manifest [K
pulling bdbf939b402e:  75% ▕█████████████     ▏ 2.5 GB/3.3 GB  3.7 MB/s   3m43s[K[A[1Gpulling manifest [K
pulling bdbf939b402e:  75% ▕█████████████     ▏ 2.5 GB/3.3 GB  3.7 MB/s   3m43s[K[A[1Gpulling manifest [K
pulling bdbf939b402e:  75% ▕█████████████     ▏ 2.5 GB/3.3 GB  3.7 MB/s   3m42s[K[A[1Gpulling manifest [K
pulling bdbf939b402e:  75% ▕█████████████     ▏ 2.5 GB/3.3 GB  3.7 MB/s   3m42s[K[A[1Gpulling manifest [K
pulling bdbf939b402e:  75% ▕█████████████     ▏ 2.5 GB/3.3 GB  3.7 MB/s   3m42s[K[A[1Gpulling manifest [K
pulling bdbf939b402e:  75% ▕█████████████     ▏ 2.5 GB/3.3 GB  3.7 MB/s   3m42s[K[A[1Gpulling manifest [K
pulling bdbf939b402e:  75% ▕█████████████     ▏ 2.5 GB/3.3 GB  3.7 MB/s   3m42s[K[A[1Gpulling manifest [K
pulling bdbf939b402e:  75% ▕█████████████     ▏ 2.5 GB/3.3 GB  3.7 MB/s   3m42s[K[A[1Gpulling manifest [K
pulling bdbf939b402e:  75% ▕█████████████     ▏ 2.5 GB/3.3 GB  3.6 MB/s   3m45s[K[A[1Gpulling manifest [K
pulling bdbf939b402e:  75% ▕█████████████     ▏ 2.5 GB/3.3 GB  3.6 MB/s   3m45s[K[A[1Gpulling manifest [K
pulling bdbf939b402e:  75% ▕█████████████     ▏ 2.5 GB/3.3 GB  3.6 MB/s   3m45s[K[A[1Gpulling manifest [K
pulling bdbf939b402e:  75% ▕█████████████     ▏ 2.5 GB/3.3 GB  3.6 MB/s   3m45s[K[A[1Gpulling manifest [K
pulling bdbf939b402e:  75% ▕█████████████     ▏ 2.5 GB/3.3 GB  3.6 MB/s   3m45s[K[A[1Gpulling manifest [K
pulling bdbf939b402e:  75% ▕█████████████     ▏ 2.5 GB/3.3 GB  3.6 MB/s   3m45s[K[A[1Gpulling manifest [K
pulling bdbf939b402e:  75% ▕█████████████     ▏ 2.5 GB/3.3 GB  3.6 MB/s   3m44s[K[A[1Gpulling manifest [K
pulling bdbf939b402e:  75% ▕█████████████     ▏ 2.5 GB/3.3 GB  3.6 MB/s   3m44s[K[A[1Gpulling manifest [K
pulling bdbf939b402e:  75% ▕█████████████     ▏ 2.5 GB/3.3 GB  3.6 MB/s   3m44s[K[A[1Gpulling manifest [K
pulling bdbf939b402e:  75% ▕█████████████     ▏ 2.5 GB/3.3 GB  3.6 MB/s   3m44s[K[A[1Gpulling manifest [K
pulling bdbf939b402e:  75% ▕█████████████     ▏ 2.5 GB/3.3 GB  3.6 MB/s   3m44s[K[A[1Gpulling manifest [K
pulling bdbf939b402e:  75% ▕█████████████     ▏ 2.5 GB/3.3 GB  3.6 MB/s   3m46s[K[A[1Gpulling manifest [K
pulling bdbf939b402e:  75% ▕█████████████     ▏ 2.5 GB/3.3 GB  3.6 MB/s   3m46s[K[A[1Gpulling manifest [K
pulling bdbf939b402e:  75% ▕█████████████     ▏ 2.5 GB/3.3 GB  3.6 MB/s   3m45s[K[A[1Gpulling manifest [K
pulling bdbf939b402e:  75% ▕█████████████     ▏ 2.5 GB/3.3 GB  3.6 MB/s   3m45s[K[A[1Gpulling manifest [K
pulling bdbf939b402e:  75% ▕█████████████     ▏ 2.5 GB/3.3 GB  3.6 MB/s   3m45s[K[A[1Gpulling manifest [K
pulling bdbf939b402e:  75% ▕█████████████     ▏ 2.5 GB/3.3 GB  3.6 MB/s   3m45s[K[A[1Gpulling manifest [K
pulling bdbf939b402e:  75% ▕█████████████     ▏ 2.5 GB/3.3 GB  3.6 MB/s   3m45s[K[A[1Gpulling manifest [K
pulling bdbf939b402e:  75% ▕█████████████     ▏ 2.5 GB/3.3 GB  3.6 MB/s   3m45s[K[A[1Gpulling manifest [K
pulling bdbf939b402e:  75% ▕█████████████     ▏ 2.5 GB/3.3 GB  3.6 MB/s   3m45s[K[A[1Gpulling manifest [K
pulling bdbf939b402e:  75% ▕█████████████     ▏ 2.5 GB/3.3 GB  3.6 MB/s   3m45s[K[A[1Gpulling manifest [K
pulling bdbf939b402e:  75% ▕█████████████     ▏ 2.5 GB/3.3 GB  3.6 MB/s   3m44s[K[A[1Gpulling manifest [K
pulling bdbf939b402e:  75% ▕█████████████     ▏ 2.5 GB/3.3 GB  3.6 MB/s   3m44s[K[A[1Gpulling manifest [K
pulling bdbf939b402e:  75% ▕█████████████     ▏ 2.5 GB/3.3 GB  3.6 MB/s   3m44s[K[A[1Gpulling manifest [K
pulling bdbf939b402e:  75% ▕█████████████     ▏ 2.5 GB/3.3 GB  3.6 MB/s   3m44s[K[A[1Gpulling manifest [K
pulling bdbf939b402e:  75% ▕█████████████     ▏ 2.5 GB/3.3 GB  3.6 MB/s   3m43s[K[A[1Gpulling manifest [K
pulling bdbf939b402e:  75% ▕█████████████     ▏ 2.5 GB/3.3 GB  3.6 MB/s   3m43s[K[A[1Gpulling manifest [K
pulling bdbf939b402e:  75% ▕█████████████     ▏ 2.5 GB/3.3 GB  3.6 MB/s   3m43s[K[A[1Gpulling manifest [K
pulling bdbf939b402e:  75% ▕█████████████     ▏ 2.5 GB/3.3 GB  3.6 MB/s   3m43s[K[A[1Gpulling manifest [K
pulling bdbf939b402e:  75% ▕█████████████     ▏ 2.5 GB/3.3 GB  3.6 MB/s   3m43s[K[A[1Gpulling manifest [K
pulling bdbf939b402e:  75% ▕█████████████     ▏ 2.5 GB/3.3 GB  3.6 MB/s   3m43s[K[A[1Gpulling manifest [K
pulling bdbf939b402e:  75% ▕█████████████     ▏ 2.5 GB/3.3 GB  3.6 MB/s   3m44s[K[A[1Gpulling manifest [K
pulling bdbf939b402e:  75% ▕█████████████     ▏ 2.5 GB/3.3 GB  3.6 MB/s   3m44s[K[A[1Gpulling manifest [K
pulling bdbf939b402e:  75% ▕█████████████     ▏ 2.5 GB/3.3 GB  3.6 MB/s   3m44s[K[A[1Gpulling manifest [K
pulling bdbf939b402e:  75% ▕█████████████     ▏ 2.5 GB/3.3 GB  3.6 MB/s   3m43s[K[A[1Gpulling manifest [K
pulling bdbf939b402e:  75% ▕█████████████     ▏ 2.5 GB/3.3 GB  3.6 MB/s   3m43s[K[A[1Gpulling manifest [K
pulling bdbf939b402e:  75% ▕█████████████     ▏ 2.5 GB/3.3 GB  3.6 MB/s   3m43s[K[A[1Gpulling manifest [K
pulling bdbf939b402e:  75% ▕█████████████     ▏ 2.5 GB/3.3 GB  3.6 MB/s   3m43s[K[A[1Gpulling manifest [K
pulling bdbf939b402e:  75% ▕█████████████     ▏ 2.5 GB/3.3 GB  3.6 MB/s   3m43s[K[A[1Gpulling manifest [K
pulling bdbf939b402e:  75% ▕█████████████     ▏ 2.5 GB/3.3 GB  3.6 MB/s   3m43s[K[A[1Gpulling manifest [K
pulling bdbf939b402e:  76% ▕█████████████     ▏ 2.5 GB/3.3 GB  3.6 MB/s   3m43s[K[A[1Gpulling manifest [K
pulling bdbf939b402e:  76% ▕█████████████     ▏ 2.5 GB/3.3 GB  3.6 MB/s   3m43s[K[A[1Gpulling manifest [K
pulling bdbf939b402e:  76% ▕█████████████     ▏ 2.5 GB/3.3 GB  3.6 MB/s   3m43s[K[A[1Gpulling manifest [K
pulling bdbf939b402e:  76% ▕█████████████     ▏ 2.5 GB/3.3 GB  3.6 MB/s   3m43s[K[A[1Gpulling manifest [K
pulling bdbf939b402e:  76% ▕█████████████     ▏ 2.5 GB/3.3 GB  3.6 MB/s   3m43s[K[A[1Gpulling manifest [K
pulling bdbf939b402e:  76% ▕█████████████     ▏ 2.5 GB/3.3 GB  3.6 MB/s   3m43s[K[A[1Gpulling manifest [K
pulling bdbf939b402e:  76% ▕█████████████     ▏ 2.5 GB/3.3 GB  3.6 MB/s   3m43s[K[A[1Gpulling manifest [K
pulling bdbf939b402e:  76% ▕█████████████     ▏ 2.5 GB/3.3 GB  3.6 MB/s   3m43s[K[A[1Gpulling manifest [K
pulling bdbf939b402e:  76% ▕█████████████     ▏ 2.5 GB/3.3 GB  3.6 MB/s   3m42s[K[A[1Gpulling manifest [K
pulling bdbf939b402e:  76% ▕█████████████     ▏ 2.5 GB/3.3 GB  3.6 MB/s   3m42s[K[A[1Gpulling manifest [K
pulling bdbf939b402e:  76% ▕█████████████     ▏ 2.5 GB/3.3 GB  3.6 MB/s   3m42s[K[A[1Gpulling manifest [K
pulling bdbf939b402e:  76% ▕█████████████     ▏ 2.5 GB/3.3 GB  3.6 MB/s   3m41s[K[A[1Gpulling manifest [K
pulling bdbf939b402e:  76% ▕█████████████     ▏ 2.5 GB/3.3 GB  3.6 MB/s   3m40s[K[A[1Gpulling manifest [K
pulling bdbf939b402e:  76% ▕█████████████     ▏ 2.5 GB/3.3 GB  3.6 MB/s   3m40s[K[A[1Gpulling manifest [K
pulling bdbf939b402e:  76% ▕█████████████     ▏ 2.5 GB/3.3 GB  3.6 MB/s   3m40s[K[A[1Gpulling manifest [K
pulling bdbf939b402e:  76% ▕█████████████     ▏ 2.5 GB/3.3 GB  3.6 MB/s   3m40s[K[A[1Gpulling manifest [K
pulling bdbf939b402e:  76% ▕█████████████     ▏ 2.5 GB/3.3 GB  3.6 MB/s   3m40s[K[A[1Gpulling manifest [K
pulling bdbf939b402e:  76% ▕█████████████     ▏ 2.5 GB/3.3 GB  3.6 MB/s   3m40s[K[A[1Gpulling manifest [K
pulling bdbf939b402e:  76% ▕█████████████     ▏ 2.5 GB/3.3 GB  3.6 MB/s   3m40s[K[A[1Gpulling manifest [K
pulling bdbf939b402e:  76% ▕█████████████     ▏ 2.5 GB/3.3 GB  3.6 MB/s   3m40s[K[A[1Gpulling manifest [K
pulling bdbf939b402e:  76% ▕█████████████     ▏ 2.5 GB/3.3 GB  3.6 MB/s   3m40s[K[A[1Gpulling manifest [K
pulling bdbf939b402e:  76% ▕█████████████     ▏ 2.5 GB/3.3 GB  3.6 MB/s   3m39s[K[A[1Gpulling manifest [K
pulling bdbf939b402e:  76% ▕█████████████     ▏ 2.5 GB/3.3 GB  3.7 MB/s   3m38s[K[A[1Gpulling manifest [K
pulling bdbf939b402e:  76% ▕█████████████     ▏ 2.5 GB/3.3 GB  3.7 MB/s   3m38s[K[A[1Gpulling manifest [K
pulling bdbf939b402e:  76% ▕█████████████     ▏ 2.5 GB/3.3 GB  3.7 MB/s   3m38s[K[A[1Gpulling manifest [K
pulling bdbf939b402e:  76% ▕█████████████     ▏ 2.5 GB/3.3 GB  3.7 MB/s   3m38s[K[A[1Gpulling manifest [K
pulling bdbf939b402e:  76% ▕█████████████     ▏ 2.5 GB/3.3 GB  3.7 MB/s   3m38s[K[A[1Gpulling manifest [K
pulling bdbf939b402e:  76% ▕█████████████     ▏ 2.5 GB/3.3 GB  3.7 MB/s   3m38s[K[A[1Gpulling manifest [K
pulling bdbf939b402e:  76% ▕█████████████     ▏ 2.5 GB/3.3 GB  3.7 MB/s   3m38s[K[A[1Gpulling manifest [K
pulling bdbf939b402e:  76% ▕█████████████     ▏ 2.5 GB/3.3 GB  3.7 MB/s   3m38s[K[A[1Gpulling manifest [K
pulling bdbf939b402e:  76% ▕█████████████     ▏ 2.5 GB/3.3 GB  3.7 MB/s   3m38s[K[A[1Gpulling manifest [K
pulling bdbf939b402e:  76% ▕█████████████     ▏ 2.5 GB/3.3 GB  3.7 MB/s   3m37s[K[A[1Gpulling manifest [K
pulling bdbf939b402e:  76% ▕█████████████     ▏ 2.5 GB/3.3 GB  3.6 MB/s   3m38s[K[A[1Gpulling manifest [K
pulling bdbf939b402e:  76% ▕█████████████     ▏ 2.5 GB/3.3 GB  3.6 MB/s   3m38s[K[A[1Gpulling manifest [K
pulling bdbf939b402e:  76% ▕█████████████     ▏ 2.5 GB/3.3 GB  3.6 MB/s   3m38s[K[A[1Gpulling manifest [K
pulling bdbf939b402e:  76% ▕█████████████     ▏ 2.5 GB/3.3 GB  3.6 MB/s   3m38s[K[A[1Gpulling manifest [K
pulling bdbf939b402e:  76% ▕█████████████     ▏ 2.5 GB/3.3 GB  3.6 MB/s   3m38s[K[A[1Gpulling manifest [K
pulling bdbf939b402e:  76% ▕█████████████     ▏ 2.5 GB/3.3 GB  3.6 MB/s   3m38s[K[A[1Gpulling manifest [K
pulling bdbf939b402e:  76% ▕█████████████     ▏ 2.5 GB/3.3 GB  3.6 MB/s   3m38s[K[A[1Gpulling manifest [K
pulling bdbf939b402e:  76% ▕█████████████     ▏ 2.5 GB/3.3 GB  3.6 MB/s   3m38s[K[A[1Gpulling manifest [K
pulling bdbf939b402e:  76% ▕█████████████     ▏ 2.5 GB/3.3 GB  3.6 MB/s   3m38s[K[A[1Gpulling manifest [K
pulling bdbf939b402e:  76% ▕█████████████     ▏ 2.5 GB/3.3 GB  3.6 MB/s   3m38s[K[A[1Gpulling manifest [K
pulling bdbf939b402e:  76% ▕█████████████     ▏ 2.5 GB/3.3 GB  3.7 MB/s   3m35s[K[A[1Gpulling manifest [K
pulling bdbf939b402e:  76% ▕█████████████     ▏ 2.5 GB/3.3 GB  3.7 MB/s   3m35s[K[A[1Gpulling manifest [K
pulling bdbf939b402e:  76% ▕█████████████     ▏ 2.5 GB/3.3 GB  3.7 MB/s   3m35s[K[A[1Gpulling manifest [K
pulling bdbf939b402e:  76% ▕█████████████     ▏ 2.5 GB/3.3 GB  3.7 MB/s   3m35s[K[A[1Gpulling manifest [K
pulling bdbf939b402e:  76% ▕█████████████     ▏ 2.5 GB/3.3 GB  3.7 MB/s   3m35s[K[A[1Gpulling manifest [K
pulling bdbf939b402e:  76% ▕█████████████     ▏ 2.5 GB/3.3 GB  3.7 MB/s   3m35s[K[A[1Gpulling manifest [K
pulling bdbf939b402e:  76% ▕█████████████     ▏ 2.5 GB/3.3 GB  3.7 MB/s   3m35s[K[A[1Gpulling manifest [K
pulling bdbf939b402e:  76% ▕█████████████     ▏ 2.5 GB/3.3 GB  3.7 MB/s   3m35s[K[A[1Gpulling manifest [K
pulling bdbf939b402e:  76% ▕█████████████     ▏ 2.5 GB/3.3 GB  3.7 MB/s   3m35s[K[A[1Gpulling manifest [K
pulling bdbf939b402e:  76% ▕█████████████     ▏ 2.5 GB/3.3 GB  3.7 MB/s   3m34s[K[A[1Gpulling manifest [K
pulling bdbf939b402e:  76% ▕█████████████     ▏ 2.5 GB/3.3 GB  3.7 MB/s   3m32s[K[A[1Gpulling manifest [K
pulling bdbf939b402e:  76% ▕█████████████     ▏ 2.5 GB/3.3 GB  3.7 MB/s   3m32s[K[A[1Gpulling manifest [K
pulling bdbf939b402e:  76% ▕█████████████     ▏ 2.5 GB/3.3 GB  3.7 MB/s   3m32s[K[A[1Gpulling manifest [K
pulling bdbf939b402e:  76% ▕█████████████     ▏ 2.5 GB/3.3 GB  3.7 MB/s   3m32s[K[A[1Gpulling manifest [K
pulling bdbf939b402e:  76% ▕█████████████     ▏ 2.5 GB/3.3 GB  3.7 MB/s   3m32s[K[A[1Gpulling manifest [K
pulling bdbf939b402e:  76% ▕█████████████     ▏ 2.5 GB/3.3 GB  3.7 MB/s   3m32s[K[A[1Gpulling manifest [K
pulling bdbf939b402e:  76% ▕█████████████     ▏ 2.5 GB/3.3 GB  3.7 MB/s   3m31s[K[A[1Gpulling manifest [K
pulling bdbf939b402e:  76% ▕█████████████     ▏ 2.5 GB/3.3 GB  3.7 MB/s   3m31s[K[A[1Gpulling manifest [K
pulling bdbf939b402e:  76% ▕█████████████     ▏ 2.5 GB/3.3 GB  3.7 MB/s   3m31s[K[A[1Gpulling manifest [K
pulling bdbf939b402e:  76% ▕█████████████     ▏ 2.5 GB/3.3 GB  3.7 MB/s   3m31s[K[A[1Gpulling manifest [K
pulling bdbf939b402e:  76% ▕█████████████     ▏ 2.5 GB/3.3 GB  3.7 MB/s   3m31s[K[A[1Gpulling manifest [K
pulling bdbf939b402e:  76% ▕█████████████     ▏ 2.5 GB/3.3 GB  3.7 MB/s   3m31s[K[A[1Gpulling manifest [K
pulling bdbf939b402e:  76% ▕█████████████     ▏ 2.5 GB/3.3 GB  3.7 MB/s   3m30s[K[A[1Gpulling manifest [K
pulling bdbf939b402e:  76% ▕█████████████     ▏ 2.5 GB/3.3 GB  3.7 MB/s   3m30s[K[A[1Gpulling manifest [K
pulling bdbf939b402e:  76% ▕█████████████     ▏ 2.5 GB/3.3 GB  3.7 MB/s   3m30s[K[A[1Gpulling manifest [K
pulling bdbf939b402e:  76% ▕█████████████     ▏ 2.5 GB/3.3 GB  3.7 MB/s   3m30s[K[A[1Gpulling manifest [K
pulling bdbf939b402e:  76% ▕█████████████     ▏ 2.5 GB/3.3 GB  3.7 MB/s   3m30s[K[A[1Gpulling manifest [K
pulling bdbf939b402e:  76% ▕█████████████     ▏ 2.5 GB/3.3 GB  3.7 MB/s   3m30s[K[A[1Gpulling manifest [K
pulling bdbf939b402e:  76% ▕█████████████     ▏ 2.5 GB/3.3 GB  3.7 MB/s   3m30s[K[A[1Gpulling manifest [K
pulling bdbf939b402e:  76% ▕█████████████     ▏ 2.5 GB/3.3 GB  3.7 MB/s   3m30s[K[A[1Gpulling manifest [K
pulling bdbf939b402e:  76% ▕█████████████     ▏ 2.5 GB/3.3 GB  3.7 MB/s   3m30s[K[A[1Gpulling manifest [K
pulling bdbf939b402e:  76% ▕█████████████     ▏ 2.5 GB/3.3 GB  3.7 MB/s   3m29s[K[A[1Gpulling manifest [K
pulling bdbf939b402e:  76% ▕█████████████     ▏ 2.5 GB/3.3 GB  3.7 MB/s   3m29s[K[A[1Gpulling manifest [K
pulling bdbf939b402e:  76% ▕█████████████     ▏ 2.5 GB/3.3 GB  3.7 MB/s   3m29s[K[A[1Gpulling manifest [K
pulling bdbf939b402e:  76% ▕█████████████     ▏ 2.5 GB/3.3 GB  3.7 MB/s   3m29s[K[A[1Gpulling manifest [K
pulling bdbf939b402e:  76% ▕█████████████     ▏ 2.5 GB/3.3 GB  3.7 MB/s   3m28s[K[A[1Gpulling manifest [K
pulling bdbf939b402e:  76% ▕█████████████     ▏ 2.5 GB/3.3 GB  3.7 MB/s   3m28s[K[A[1Gpulling manifest [K
pulling bdbf939b402e:  76% ▕█████████████     ▏ 2.5 GB/3.3 GB  3.7 MB/s   3m28s[K[A[1Gpulling manifest [K
pulling bdbf939b402e:  76% ▕█████████████     ▏ 2.5 GB/3.3 GB  3.7 MB/s   3m28s[K[A[1Gpulling manifest [K
pulling bdbf939b402e:  76% ▕█████████████     ▏ 2.5 GB/3.3 GB  3.7 MB/s   3m28s[K[A[1Gpulling manifest [K
pulling bdbf939b402e:  76% ▕█████████████     ▏ 2.5 GB/3.3 GB  3.7 MB/s   3m28s[K[A[1Gpulling manifest [K
pulling bdbf939b402e:  76% ▕█████████████     ▏ 2.5 GB/3.3 GB  3.7 MB/s   3m28s[K[A[1Gpulling manifest [K
pulling bdbf939b402e:  76% ▕█████████████     ▏ 2.5 GB/3.3 GB  3.7 MB/s   3m28s[K[A[1Gpulling manifest [K
pulling bdbf939b402e:  76% ▕█████████████     ▏ 2.5 GB/3.3 GB  3.7 MB/s   3m28s[K[A[1Gpulling manifest [K
pulling bdbf939b402e:  76% ▕█████████████     ▏ 2.5 GB/3.3 GB  3.7 MB/s   3m28s[K[A[1Gpulling manifest [K
pulling bdbf939b402e:  76% ▕█████████████     ▏ 2.5 GB/3.3 GB  3.7 MB/s   3m28s[K[A[1Gpulling manifest [K
pulling bdbf939b402e:  76% ▕█████████████     ▏ 2.5 GB/3.3 GB  3.7 MB/s   3m28s[K[A[1Gpulling manifest [K
pulling bdbf939b402e:  76% ▕█████████████     ▏ 2.5 GB/3.3 GB  3.7 MB/s   3m28s[K[A[1Gpulling manifest [K
pulling bdbf939b402e:  76% ▕█████████████     ▏ 2.5 GB/3.3 GB  3.7 MB/s   3m28s[K[A[1Gpulling manifest [K
pulling bdbf939b402e:  77% ▕█████████████     ▏ 2.5 GB/3.3 GB  3.7 MB/s   3m28s[K[A[1Gpulling manifest [K
pulling bdbf939b402e:  77% ▕█████████████     ▏ 2.5 GB/3.3 GB  3.7 MB/s   3m28s[K[A[1Gpulling manifest [K
pulling bdbf939b402e:  77% ▕█████████████     ▏ 2.5 GB/3.3 GB  3.7 MB/s   3m28s[K[A[1Gpulling manifest [K
pulling bdbf939b402e:  77% ▕█████████████     ▏ 2.5 GB/3.3 GB  3.7 MB/s   3m28s[K[A[1Gpulling manifest [K
pulling bdbf939b402e:  77% ▕█████████████     ▏ 2.5 GB/3.3 GB  3.7 MB/s   3m28s[K[A[1Gpulling manifest [K
pulling bdbf939b402e:  77% ▕█████████████     ▏ 2.5 GB/3.3 GB  3.7 MB/s   3m28s[K[A[1Gpulling manifest [K
pulling bdbf939b402e:  77% ▕█████████████     ▏ 2.5 GB/3.3 GB  3.7 MB/s   3m28s[K[A[1Gpulling manifest [K
pulling bdbf939b402e:  77% ▕█████████████     ▏ 2.5 GB/3.3 GB  3.7 MB/s   3m28s[K[A[1Gpulling manifest [K
pulling bdbf939b402e:  77% ▕█████████████     ▏ 2.5 GB/3.3 GB  3.7 MB/s   3m28s[K[A[1Gpulling manifest [K
pulling bdbf939b402e:  77% ▕█████████████     ▏ 2.5 GB/3.3 GB  3.7 MB/s   3m28s[K[A[1Gpulling manifest [K
pulling bdbf939b402e:  77% ▕█████████████     ▏ 2.5 GB/3.3 GB  3.7 MB/s   3m28s[K[A[1Gpulling manifest [K
pulling bdbf939b402e:  77% ▕█████████████     ▏ 2.5 GB/3.3 GB  3.7 MB/s   3m28s[K[A[1Gpulling manifest [K
pulling bdbf939b402e:  77% ▕█████████████     ▏ 2.5 GB/3.3 GB  3.6 MB/s   3m31s[K[A[1Gpulling manifest [K
pulling bdbf939b402e:  77% ▕█████████████     ▏ 2.5 GB/3.3 GB  3.6 MB/s   3m31s[K[A[1Gpulling manifest [K
pulling bdbf939b402e:  77% ▕█████████████     ▏ 2.5 GB/3.3 GB  3.6 MB/s   3m31s[K[A[1Gpulling manifest [K
pulling bdbf939b402e:  77% ▕█████████████     ▏ 2.5 GB/3.3 GB  3.6 MB/s   3m30s[K[A[1Gpulling manifest [K
pulling bdbf939b402e:  77% ▕█████████████     ▏ 2.5 GB/3.3 GB  3.6 MB/s   3m30s[K[A[1Gpulling manifest [K
pulling bdbf939b402e:  77% ▕█████████████     ▏ 2.5 GB/3.3 GB  3.6 MB/s   3m30s[K[A[1Gpulling manifest [K
pulling bdbf939b402e:  77% ▕█████████████     ▏ 2.5 GB/3.3 GB  3.6 MB/s   3m30s[K[A[1Gpulling manifest [K
pulling bdbf939b402e:  77% ▕█████████████     ▏ 2.5 GB/3.3 GB  3.6 MB/s   3m30s[K[A[1Gpulling manifest [K
pulling bdbf939b402e:  77% ▕█████████████     ▏ 2.5 GB/3.3 GB  3.6 MB/s   3m30s[K[A[1Gpulling manifest [K
pulling bdbf939b402e:  77% ▕█████████████     ▏ 2.5 GB/3.3 GB  3.6 MB/s   3m30s[K[A[1Gpulling manifest [K
pulling bdbf939b402e:  77% ▕█████████████     ▏ 2.5 GB/3.3 GB  3.6 MB/s   3m33s[K[A[1Gpulling manifest [K
pulling bdbf939b402e:  77% ▕█████████████     ▏ 2.5 GB/3.3 GB  3.6 MB/s   3m32s[K[A[1Gpulling manifest [K
pulling bdbf939b402e:  77% ▕█████████████     ▏ 2.5 GB/3.3 GB  3.6 MB/s   3m32s[K[A[1Gpulling manifest [K
pulling bdbf939b402e:  77% ▕█████████████     ▏ 2.5 GB/3.3 GB  3.6 MB/s   3m32s[K[A[1Gpulling manifest [K
pulling bdbf939b402e:  77% ▕█████████████     ▏ 2.5 GB/3.3 GB  3.6 MB/s   3m32s[K[A[1Gpulling manifest [K
pulling bdbf939b402e:  77% ▕█████████████     ▏ 2.5 GB/3.3 GB  3.6 MB/s   3m32s[K[A[1Gpulling manifest [K
pulling bdbf939b402e:  77% ▕█████████████     ▏ 2.5 GB/3.3 GB  3.6 MB/s   3m32s[K[A[1Gpulling manifest [K
pulling bdbf939b402e:  77% ▕█████████████     ▏ 2.5 GB/3.3 GB  3.6 MB/s   3m32s[K[A[1Gpulling manifest [K
pulling bdbf939b402e:  77% ▕█████████████     ▏ 2.5 GB/3.3 GB  3.6 MB/s   3m32s[K[A[1Gpulling manifest [K
pulling bdbf939b402e:  77% ▕█████████████     ▏ 2.5 GB/3.3 GB  3.6 MB/s   3m32s[K[A[1Gpulling manifest [K
pulling bdbf939b402e:  77% ▕█████████████     ▏ 2.5 GB/3.3 GB  3.6 MB/s   3m32s[K[A[1Gpulling manifest [K
pulling bdbf939b402e:  77% ▕█████████████     ▏ 2.5 GB/3.3 GB  3.6 MB/s   3m32s[K[A[1Gpulling manifest [K
pulling bdbf939b402e:  77% ▕█████████████     ▏ 2.5 GB/3.3 GB  3.6 MB/s   3m32s[K[A[1Gpulling manifest [K
pulling bdbf939b402e:  77% ▕█████████████     ▏ 2.5 GB/3.3 GB  3.6 MB/s   3m32s[K[A[1Gpulling manifest [K
pulling bdbf939b402e:  77% ▕█████████████     ▏ 2.5 GB/3.3 GB  3.6 MB/s   3m32s[K[A[1Gpulling manifest [K
pulling bdbf939b402e:  77% ▕█████████████     ▏ 2.5 GB/3.3 GB  3.6 MB/s   3m32s[K[A[1Gpulling manifest [K
pulling bdbf939b402e:  77% ▕█████████████     ▏ 2.5 GB/3.3 GB  3.6 MB/s   3m32s[K[A[1Gpulling manifest [K
pulling bdbf939b402e:  77% ▕█████████████     ▏ 2.5 GB/3.3 GB  3.6 MB/s   3m32s[K[A[1Gpulling manifest [K
pulling bdbf939b402e:  77% ▕█████████████     ▏ 2.5 GB/3.3 GB  3.6 MB/s   3m31s[K[A[1Gpulling manifest [K
pulling bdbf939b402e:  77% ▕█████████████     ▏ 2.5 GB/3.3 GB  3.6 MB/s   3m31s[K[A[1Gpulling manifest [K
pulling bdbf939b402e:  77% ▕█████████████     ▏ 2.5 GB/3.3 GB  3.6 MB/s   3m31s[K[A[1Gpulling manifest [K
pulling bdbf939b402e:  77% ▕█████████████     ▏ 2.5 GB/3.3 GB  3.6 MB/s   3m33s[K[A[1Gpulling manifest [K
pulling bdbf939b402e:  77% ▕█████████████     ▏ 2.5 GB/3.3 GB  3.6 MB/s   3m33s[K[A[1Gpulling manifest [K
pulling bdbf939b402e:  77% ▕█████████████     ▏ 2.5 GB/3.3 GB  3.6 MB/s   3m33s[K[A[1Gpulling manifest [K
pulling bdbf939b402e:  77% ▕█████████████     ▏ 2.5 GB/3.3 GB  3.6 MB/s   3m33s[K[A[1Gpulling manifest [K
pulling bdbf939b402e:  77% ▕█████████████     ▏ 2.5 GB/3.3 GB  3.6 MB/s   3m33s[K[A[1Gpulling manifest [K
pulling bdbf939b402e:  77% ▕█████████████     ▏ 2.5 GB/3.3 GB  3.6 MB/s   3m32s[K[A[1Gpulling manifest [K
pulling bdbf939b402e:  77% ▕█████████████     ▏ 2.5 GB/3.3 GB  3.6 MB/s   3m32s[K[A[1Gpulling manifest [K
pulling bdbf939b402e:  77% ▕█████████████     ▏ 2.5 GB/3.3 GB  3.6 MB/s   3m32s[K[A[1Gpulling manifest [K
pulling bdbf939b402e:  77% ▕█████████████     ▏ 2.5 GB/3.3 GB  3.6 MB/s   3m32s[K[A[1Gpulling manifest [K
pulling bdbf939b402e:  77% ▕█████████████     ▏ 2.5 GB/3.3 GB  3.6 MB/s   3m32s[K[A[1Gpulling manifest [K
pulling bdbf939b402e:  77% ▕█████████████     ▏ 2.5 GB/3.3 GB  3.5 MB/s   3m34s[K[A[1Gpulling manifest [K
pulling bdbf939b402e:  77% ▕█████████████     ▏ 2.5 GB/3.3 GB  3.5 MB/s   3m34s[K[A[1Gpulling manifest [K
pulling bdbf939b402e:  77% ▕█████████████     ▏ 2.5 GB/3.3 GB  3.5 MB/s   3m34s[K[A[1Gpulling manifest [K
pulling bdbf939b402e:  77% ▕█████████████     ▏ 2.5 GB/3.3 GB  3.5 MB/s   3m34s[K[A[1Gpulling manifest [K
pulling bdbf939b402e:  77% ▕█████████████     ▏ 2.5 GB/3.3 GB  3.5 MB/s   3m34s[K[A[1Gpulling manifest [K
pulling bdbf939b402e:  77% ▕█████████████     ▏ 2.5 GB/3.3 GB  3.5 MB/s   3m33s[K[A[1Gpulling manifest [K
pulling bdbf939b402e:  77% ▕█████████████     ▏ 2.5 GB/3.3 GB  3.5 MB/s   3m33s[K[A[1Gpulling manifest [K
pulling bdbf939b402e:  77% ▕█████████████     ▏ 2.5 GB/3.3 GB  3.5 MB/s   3m33s[K[A[1Gpulling manifest [K
pulling bdbf939b402e:  77% ▕█████████████     ▏ 2.5 GB/3.3 GB  3.5 MB/s   3m33s[K[A[1Gpulling manifest [K
pulling bdbf939b402e:  77% ▕█████████████     ▏ 2.5 GB/3.3 GB  3.5 MB/s   3m33s[K[A[1Gpulling manifest [K
pulling bdbf939b402e:  77% ▕█████████████     ▏ 2.5 GB/3.3 GB  3.5 MB/s   3m33s[K[A[1Gpulling manifest [K
pulling bdbf939b402e:  77% ▕█████████████     ▏ 2.5 GB/3.3 GB  3.5 MB/s   3m33s[K[A[1Gpulling manifest [K
pulling bdbf939b402e:  77% ▕█████████████     ▏ 2.5 GB/3.3 GB  3.5 MB/s   3m33s[K[A[1Gpulling manifest [K
pulling bdbf939b402e:  77% ▕█████████████     ▏ 2.5 GB/3.3 GB  3.5 MB/s   3m33s[K[A[1Gpulling manifest [K
pulling bdbf939b402e:  77% ▕█████████████     ▏ 2.5 GB/3.3 GB  3.5 MB/s   3m33s[K[A[1Gpulling manifest [K
pulling bdbf939b402e:  77% ▕█████████████     ▏ 2.5 GB/3.3 GB  3.5 MB/s   3m33s[K[A[1Gpulling manifest [K
pulling bdbf939b402e:  77% ▕█████████████     ▏ 2.5 GB/3.3 GB  3.5 MB/s   3m33s[K[A[1Gpulling manifest [K
pulling bdbf939b402e:  77% ▕█████████████     ▏ 2.5 GB/3.3 GB  3.5 MB/s   3m33s[K[A[1Gpulling manifest [K
pulling bdbf939b402e:  77% ▕█████████████     ▏ 2.5 GB/3.3 GB  3.5 MB/s   3m32s[K[A[1Gpulling manifest [K
pulling bdbf939b402e:  77% ▕█████████████     ▏ 2.5 GB/3.3 GB  3.5 MB/s   3m32s[K[A[1Gpulling manifest [K
pulling bdbf939b402e:  77% ▕█████████████     ▏ 2.5 GB/3.3 GB  3.5 MB/s   3m32s[K[A[1Gpulling manifest [K
pulling bdbf939b402e:  77% ▕█████████████     ▏ 2.5 GB/3.3 GB  3.5 MB/s   3m32s[K[A[1Gpulling manifest [K
pulling bdbf939b402e:  77% ▕█████████████     ▏ 2.6 GB/3.3 GB  3.5 MB/s   3m32s[K[A[1Gpulling manifest [K
pulling bdbf939b402e:  77% ▕█████████████     ▏ 2.6 GB/3.3 GB  3.5 MB/s   3m32s[K[A[1Gpulling manifest [K
pulling bdbf939b402e:  77% ▕█████████████     ▏ 2.6 GB/3.3 GB  3.5 MB/s   3m32s[K[A[1Gpulling manifest [K
pulling bdbf939b402e:  77% ▕█████████████     ▏ 2.6 GB/3.3 GB  3.5 MB/s   3m32s[K[A[1Gpulling manifest [K
pulling bdbf939b402e:  77% ▕█████████████     ▏ 2.6 GB/3.3 GB  3.5 MB/s   3m31s[K[A[1Gpulling manifest [K
pulling bdbf939b402e:  77% ▕█████████████     ▏ 2.6 GB/3.3 GB  3.5 MB/s   3m31s[K[A[1Gpulling manifest [K
pulling bdbf939b402e:  77% ▕█████████████     ▏ 2.6 GB/3.3 GB  3.5 MB/s   3m31s[K[A[1Gpulling manifest [K
pulling bdbf939b402e:  77% ▕█████████████     ▏ 2.6 GB/3.3 GB  3.5 MB/s   3m31s[K[A[1Gpulling manifest [K
pulling bdbf939b402e:  77% ▕█████████████     ▏ 2.6 GB/3.3 GB  3.5 MB/s   3m31s[K[A[1Gpulling manifest [K
pulling bdbf939b402e:  77% ▕█████████████     ▏ 2.6 GB/3.3 GB  3.6 MB/s   3m29s[K[A[1Gpulling manifest [K
pulling bdbf939b402e:  77% ▕█████████████     ▏ 2.6 GB/3.3 GB  3.6 MB/s   3m29s[K[A[1Gpulling manifest [K
pulling bdbf939b402e:  77% ▕█████████████     ▏ 2.6 GB/3.3 GB  3.6 MB/s   3m29s[K[A[1Gpulling manifest [K
pulling bdbf939b402e:  77% ▕█████████████     ▏ 2.6 GB/3.3 GB  3.6 MB/s   3m29s[K[A[1Gpulling manifest [K
pulling bdbf939b402e:  77% ▕█████████████     ▏ 2.6 GB/3.3 GB  3.6 MB/s   3m29s[K[A[1Gpulling manifest [K
pulling bdbf939b402e:  77% ▕█████████████     ▏ 2.6 GB/3.3 GB  3.6 MB/s   3m28s[K[A[1Gpulling manifest [K
pulling bdbf939b402e:  77% ▕█████████████     ▏ 2.6 GB/3.3 GB  3.6 MB/s   3m28s[K[A[1Gpulling manifest [K
pulling bdbf939b402e:  77% ▕█████████████     ▏ 2.6 GB/3.3 GB  3.6 MB/s   3m28s[K[A[1Gpulling manifest [K
pulling bdbf939b402e:  77% ▕█████████████     ▏ 2.6 GB/3.3 GB  3.6 MB/s   3m28s[K[A[1Gpulling manifest [K
pulling bdbf939b402e:  77% ▕█████████████     ▏ 2.6 GB/3.3 GB  3.6 MB/s   3m28s[K[A[1Gpulling manifest [K
pulling bdbf939b402e:  78% ▕█████████████     ▏ 2.6 GB/3.3 GB  3.5 MB/s   3m29s[K[A[1Gpulling manifest [K
pulling bdbf939b402e:  78% ▕█████████████     ▏ 2.6 GB/3.3 GB  3.5 MB/s   3m29s[K[A[1Gpulling manifest [K
pulling bdbf939b402e:  78% ▕█████████████     ▏ 2.6 GB/3.3 GB  3.5 MB/s   3m29s[K[A[1Gpulling manifest [K
pulling bdbf939b402e:  78% ▕█████████████     ▏ 2.6 GB/3.3 GB  3.5 MB/s   3m29s[K[A[1Gpulling manifest [K
pulling bdbf939b402e:  78% ▕█████████████     ▏ 2.6 GB/3.3 GB  3.5 MB/s   3m29s[K[A[1Gpulling manifest [K
pulling bdbf939b402e:  78% ▕█████████████     ▏ 2.6 GB/3.3 GB  3.5 MB/s   3m28s[K[A[1Gpulling manifest [K
pulling bdbf939b402e:  78% ▕█████████████     ▏ 2.6 GB/3.3 GB  3.5 MB/s   3m28s[K[A[1Gpulling manifest [K
pulling bdbf939b402e:  78% ▕█████████████     ▏ 2.6 GB/3.3 GB  3.5 MB/s   3m28s[K[A[1Gpulling manifest [K
pulling bdbf939b402e:  78% ▕█████████████     ▏ 2.6 GB/3.3 GB  3.5 MB/s   3m28s[K[A[1Gpulling manifest [K
pulling bdbf939b402e:  78% ▕█████████████     ▏ 2.6 GB/3.3 GB  3.5 MB/s   3m28s[K[A[1Gpulling manifest [K
pulling bdbf939b402e:  78% ▕█████████████     ▏ 2.6 GB/3.3 GB  3.6 MB/s   3m26s[K[A[1Gpulling manifest [K
pulling bdbf939b402e:  78% ▕█████████████     ▏ 2.6 GB/3.3 GB  3.6 MB/s   3m25s[K[A[1Gpulling manifest [K
pulling bdbf939b402e:  78% ▕█████████████     ▏ 2.6 GB/3.3 GB  3.6 MB/s   3m25s[K[A[1Gpulling manifest [K
pulling bdbf939b402e:  78% ▕█████████████     ▏ 2.6 GB/3.3 GB  3.6 MB/s   3m25s[K[A[1Gpulling manifest [K
pulling bdbf939b402e:  78% ▕█████████████     ▏ 2.6 GB/3.3 GB  3.6 MB/s   3m25s[K[A[1Gpulling manifest [K
pulling bdbf939b402e:  78% ▕█████████████     ▏ 2.6 GB/3.3 GB  3.6 MB/s   3m25s[K[A[1Gpulling manifest [K
pulling bdbf939b402e:  78% ▕█████████████     ▏ 2.6 GB/3.3 GB  3.6 MB/s   3m25s[K[A[1Gpulling manifest [K
pulling bdbf939b402e:  78% ▕█████████████     ▏ 2.6 GB/3.3 GB  3.6 MB/s   3m25s[K[A[1Gpulling manifest [K
pulling bdbf939b402e:  78% ▕█████████████     ▏ 2.6 GB/3.3 GB  3.6 MB/s   3m25s[K[A[1Gpulling manifest [K
pulling bdbf939b402e:  78% ▕█████████████     ▏ 2.6 GB/3.3 GB  3.6 MB/s   3m25s[K[A[1Gpulling manifest [K
pulling bdbf939b402e:  78% ▕█████████████     ▏ 2.6 GB/3.3 GB  3.6 MB/s   3m24s[K[A[1Gpulling manifest [K
pulling bdbf939b402e:  78% ▕█████████████     ▏ 2.6 GB/3.3 GB  3.6 MB/s   3m23s[K[A[1Gpulling manifest [K
pulling bdbf939b402e:  78% ▕█████████████     ▏ 2.6 GB/3.3 GB  3.6 MB/s   3m23s[K[A[1Gpulling manifest [K
pulling bdbf939b402e:  78% ▕█████████████     ▏ 2.6 GB/3.3 GB  3.6 MB/s   3m23s[K[A[1Gpulling manifest [K
pulling bdbf939b402e:  78% ▕█████████████     ▏ 2.6 GB/3.3 GB  3.6 MB/s   3m23s[K[A[1Gpulling manifest [K
pulling bdbf939b402e:  78% ▕█████████████     ▏ 2.6 GB/3.3 GB  3.6 MB/s   3m23s[K[A[1Gpulling manifest [K
pulling bdbf939b402e:  78% ▕██████████████    ▏ 2.6 GB/3.3 GB  3.6 MB/s   3m23s[K[A[1Gpulling manifest [K
pulling bdbf939b402e:  78% ▕██████████████    ▏ 2.6 GB/3.3 GB  3.6 MB/s   3m23s[K[A[1Gpulling manifest [K
pulling bdbf939b402e:  78% ▕██████████████    ▏ 2.6 GB/3.3 GB  3.6 MB/s   3m23s[K[A[1Gpulling manifest [K
pulling bdbf939b402e:  78% ▕██████████████    ▏ 2.6 GB/3.3 GB  3.6 MB/s   3m23s[K[A[1Gpulling manifest [K
pulling bdbf939b402e:  78% ▕██████████████    ▏ 2.6 GB/3.3 GB  3.6 MB/s   3m25s[K[A[1Gpulling manifest [K
pulling bdbf939b402e:  78% ▕██████████████    ▏ 2.6 GB/3.3 GB  3.6 MB/s   3m25s[K[A[1Gpulling manifest [K
pulling bdbf939b402e:  78% ▕██████████████    ▏ 2.6 GB/3.3 GB  3.6 MB/s   3m24s[K[A[1Gpulling manifest [K
pulling bdbf939b402e:  78% ▕██████████████    ▏ 2.6 GB/3.3 GB  3.6 MB/s   3m24s[K[A[1Gpulling manifest [K
pulling bdbf939b402e:  78% ▕██████████████    ▏ 2.6 GB/3.3 GB  3.6 MB/s   3m24s[K[A[1Gpulling manifest [K
pulling bdbf939b402e:  78% ▕██████████████    ▏ 2.6 GB/3.3 GB  3.6 MB/s   3m24s[K[A[1Gpulling manifest [K
pulling bdbf939b402e:  78% ▕██████████████    ▏ 2.6 GB/3.3 GB  3.6 MB/s   3m24s[K[A[1Gpulling manifest [K
pulling bdbf939b402e:  78% ▕██████████████    ▏ 2.6 GB/3.3 GB  3.6 MB/s   3m24s[K[A[1Gpulling manifest [K
pulling bdbf939b402e:  78% ▕██████████████    ▏ 2.6 GB/3.3 GB  3.6 MB/s   3m24s[K[A[1Gpulling manifest [K
pulling bdbf939b402e:  78% ▕██████████████    ▏ 2.6 GB/3.3 GB  3.6 MB/s   3m24s[K[A[1Gpulling manifest [K
pulling bdbf939b402e:  78% ▕██████████████    ▏ 2.6 GB/3.3 GB  3.6 MB/s   3m24s[K[A[1Gpulling manifest [K
pulling bdbf939b402e:  78% ▕██████████████    ▏ 2.6 GB/3.3 GB  3.6 MB/s   3m21s[K[A[1Gpulling manifest [K
pulling bdbf939b402e:  78% ▕██████████████    ▏ 2.6 GB/3.3 GB  3.6 MB/s   3m21s[K[A[1Gpulling manifest [K
pulling bdbf939b402e:  78% ▕██████████████    ▏ 2.6 GB/3.3 GB  3.6 MB/s   3m21s[K[A[1Gpulling manifest [K
pulling bdbf939b402e:  78% ▕██████████████    ▏ 2.6 GB/3.3 GB  3.6 MB/s   3m21s[K[A[1Gpulling manifest [K
pulling bdbf939b402e:  78% ▕██████████████    ▏ 2.6 GB/3.3 GB  3.6 MB/s   3m21s[K[A[1Gpulling manifest [K
pulling bdbf939b402e:  78% ▕██████████████    ▏ 2.6 GB/3.3 GB  3.6 MB/s   3m21s[K[A[1Gpulling manifest [K
pulling bdbf939b402e:  78% ▕██████████████    ▏ 2.6 GB/3.3 GB  3.6 MB/s   3m20s[K[A[1Gpulling manifest [K
pulling bdbf939b402e:  78% ▕██████████████    ▏ 2.6 GB/3.3 GB  3.6 MB/s   3m20s[K[A[1Gpulling manifest [K
pulling bdbf939b402e:  78% ▕██████████████    ▏ 2.6 GB/3.3 GB  3.6 MB/s   3m20s[K[A[1Gpulling manifest [K
pulling bdbf939b402e:  78% ▕██████████████    ▏ 2.6 GB/3.3 GB  3.6 MB/s   3m20s[K[A[1Gpulling manifest [K
pulling bdbf939b402e:  78% ▕██████████████    ▏ 2.6 GB/3.3 GB  3.6 MB/s   3m20s[K[A[1Gpulling manifest [K
pulling bdbf939b402e:  78% ▕██████████████    ▏ 2.6 GB/3.3 GB  3.6 MB/s   3m20s[K[A[1Gpulling manifest [K
pulling bdbf939b402e:  78% ▕██████████████    ▏ 2.6 GB/3.3 GB  3.6 MB/s   3m20s[K[A[1Gpulling manifest [K
pulling bdbf939b402e:  78% ▕██████████████    ▏ 2.6 GB/3.3 GB  3.6 MB/s   3m20s[K[A[1Gpulling manifest [K
pulling bdbf939b402e:  78% ▕██████████████    ▏ 2.6 GB/3.3 GB  3.6 MB/s   3m20s[K[A[1Gpulling manifest [K
pulling bdbf939b402e:  78% ▕██████████████    ▏ 2.6 GB/3.3 GB  3.6 MB/s   3m20s[K[A[1Gpulling manifest [K
pulling bdbf939b402e:  78% ▕██████████████    ▏ 2.6 GB/3.3 GB  3.6 MB/s   3m20s[K[A[1Gpulling manifest [K
pulling bdbf939b402e:  78% ▕██████████████    ▏ 2.6 GB/3.3 GB  3.6 MB/s   3m20s[K[A[1Gpulling manifest [K
pulling bdbf939b402e:  78% ▕██████████████    ▏ 2.6 GB/3.3 GB  3.6 MB/s   3m19s[K[A[1Gpulling manifest [K
pulling bdbf939b402e:  78% ▕██████████████    ▏ 2.6 GB/3.3 GB  3.6 MB/s   3m19s[K[A[1Gpulling manifest [K
pulling bdbf939b402e:  78% ▕██████████████    ▏ 2.6 GB/3.3 GB  3.6 MB/s   3m17s[K[A[1Gpulling manifest [K
pulling bdbf939b402e:  78% ▕██████████████    ▏ 2.6 GB/3.3 GB  3.6 MB/s   3m17s[K[A[1Gpulling manifest [K
pulling bdbf939b402e:  78% ▕██████████████    ▏ 2.6 GB/3.3 GB  3.6 MB/s   3m17s[K[A[1Gpulling manifest [K
pulling bdbf939b402e:  78% ▕██████████████    ▏ 2.6 GB/3.3 GB  3.6 MB/s   3m17s[K[A[1Gpulling manifest [K
pulling bdbf939b402e:  78% ▕██████████████    ▏ 2.6 GB/3.3 GB  3.6 MB/s   3m17s[K[A[1Gpulling manifest [K
pulling bdbf939b402e:  78% ▕██████████████    ▏ 2.6 GB/3.3 GB  3.6 MB/s   3m16s[K[A[1Gpulling manifest [K
pulling bdbf939b402e:  78% ▕██████████████    ▏ 2.6 GB/3.3 GB  3.6 MB/s   3m16s[K[A[1Gpulling manifest [K
pulling bdbf939b402e:  78% ▕██████████████    ▏ 2.6 GB/3.3 GB  3.6 MB/s   3m16s[K[A[1Gpulling manifest [K
pulling bdbf939b402e:  78% ▕██████████████    ▏ 2.6 GB/3.3 GB  3.6 MB/s   3m16s[K[A[1Gpulling manifest [K
pulling bdbf939b402e:  78% ▕██████████████    ▏ 2.6 GB/3.3 GB  3.6 MB/s   3m16s[K[A[1Gpulling manifest [K
pulling bdbf939b402e:  78% ▕██████████████    ▏ 2.6 GB/3.3 GB  3.7 MB/s   3m15s[K[A[1Gpulling manifest [K
pulling bdbf939b402e:  78% ▕██████████████    ▏ 2.6 GB/3.3 GB  3.7 MB/s   3m14s[K[A[1Gpulling manifest [K
pulling bdbf939b402e:  78% ▕██████████████    ▏ 2.6 GB/3.3 GB  3.7 MB/s   3m14s[K[A[1Gpulling manifest [K
pulling bdbf939b402e:  78% ▕██████████████    ▏ 2.6 GB/3.3 GB  3.7 MB/s   3m14s[K[A[1Gpulling manifest [K
pulling bdbf939b402e:  78% ▕██████████████    ▏ 2.6 GB/3.3 GB  3.7 MB/s   3m14s[K[A[1Gpulling manifest [K
pulling bdbf939b402e:  78% ▕██████████████    ▏ 2.6 GB/3.3 GB  3.7 MB/s   3m14s[K[A[1Gpulling manifest [K
pulling bdbf939b402e:  78% ▕██████████████    ▏ 2.6 GB/3.3 GB  3.7 MB/s   3m14s[K[A[1Gpulling manifest [K
pulling bdbf939b402e:  78% ▕██████████████    ▏ 2.6 GB/3.3 GB  3.7 MB/s   3m14s[K[A[1Gpulling manifest [K
pulling bdbf939b402e:  78% ▕██████████████    ▏ 2.6 GB/3.3 GB  3.7 MB/s   3m14s[K[A[1Gpulling manifest [K
pulling bdbf939b402e:  78% ▕██████████████    ▏ 2.6 GB/3.3 GB  3.7 MB/s   3m14s[K[A[1Gpulling manifest [K
pulling bdbf939b402e:  78% ▕██████████████    ▏ 2.6 GB/3.3 GB  3.7 MB/s   3m12s[K[A[1Gpulling manifest [K
pulling bdbf939b402e:  78% ▕██████████████    ▏ 2.6 GB/3.3 GB  3.7 MB/s   3m12s[K[A[1Gpulling manifest [K
pulling bdbf939b402e:  78% ▕██████████████    ▏ 2.6 GB/3.3 GB  3.7 MB/s   3m12s[K[A[1Gpulling manifest [K
pulling bdbf939b402e:  78% ▕██████████████    ▏ 2.6 GB/3.3 GB  3.7 MB/s   3m12s[K[A[1Gpulling manifest [K
pulling bdbf939b402e:  78% ▕██████████████    ▏ 2.6 GB/3.3 GB  3.7 MB/s   3m12s[K[A[1Gpulling manifest [K
pulling bdbf939b402e:  78% ▕██████████████    ▏ 2.6 GB/3.3 GB  3.7 MB/s   3m12s[K[A[1Gpulling manifest [K
pulling bdbf939b402e:  78% ▕██████████████    ▏ 2.6 GB/3.3 GB  3.7 MB/s   3m12s[K[A[1Gpulling manifest [K
pulling bdbf939b402e:  78% ▕██████████████    ▏ 2.6 GB/3.3 GB  3.7 MB/s   3m12s[K[A[1Gpulling manifest [K
pulling bdbf939b402e:  78% ▕██████████████    ▏ 2.6 GB/3.3 GB  3.7 MB/s   3m12s[K[A[1Gpulling manifest [K
pulling bdbf939b402e:  78% ▕██████████████    ▏ 2.6 GB/3.3 GB  3.7 MB/s   3m12s[K[A[1Gpulling manifest [K
pulling bdbf939b402e:  78% ▕██████████████    ▏ 2.6 GB/3.3 GB  3.7 MB/s   3m11s[K[A[1Gpulling manifest [K
pulling bdbf939b402e:  79% ▕██████████████    ▏ 2.6 GB/3.3 GB  3.7 MB/s   3m12s[K[A[1Gpulling manifest [K
pulling bdbf939b402e:  79% ▕██████████████    ▏ 2.6 GB/3.3 GB  3.7 MB/s   3m12s[K[A[1Gpulling manifest [K
pulling bdbf939b402e:  79% ▕██████████████    ▏ 2.6 GB/3.3 GB  3.7 MB/s   3m12s[K[A[1Gpulling manifest [K
pulling bdbf939b402e:  79% ▕██████████████    ▏ 2.6 GB/3.3 GB  3.7 MB/s   3m11s[K[A[1Gpulling manifest [K
pulling bdbf939b402e:  79% ▕██████████████    ▏ 2.6 GB/3.3 GB  3.7 MB/s   3m11s[K[A[1Gpulling manifest [K
pulling bdbf939b402e:  79% ▕██████████████    ▏ 2.6 GB/3.3 GB  3.7 MB/s   3m11s[K[A[1Gpulling manifest [K
pulling bdbf939b402e:  79% ▕██████████████    ▏ 2.6 GB/3.3 GB  3.7 MB/s   3m11s[K[A[1Gpulling manifest [K
pulling bdbf939b402e:  79% ▕██████████████    ▏ 2.6 GB/3.3 GB  3.7 MB/s   3m11s[K[A[1Gpulling manifest [K
pulling bdbf939b402e:  79% ▕██████████████    ▏ 2.6 GB/3.3 GB  3.7 MB/s   3m11s[K[A[1Gpulling manifest [K
pulling bdbf939b402e:  79% ▕██████████████    ▏ 2.6 GB/3.3 GB  3.7 MB/s   3m11s[K[A[1Gpulling manifest [K
pulling bdbf939b402e:  79% ▕██████████████    ▏ 2.6 GB/3.3 GB  3.7 MB/s   3m10s[K[A[1Gpulling manifest [K
pulling bdbf939b402e:  79% ▕██████████████    ▏ 2.6 GB/3.3 GB  3.7 MB/s   3m10s[K[A[1Gpulling manifest [K
pulling bdbf939b402e:  79% ▕██████████████    ▏ 2.6 GB/3.3 GB  3.7 MB/s    3m9s[K[A[1Gpulling manifest [K
pulling bdbf939b402e:  79% ▕██████████████    ▏ 2.6 GB/3.3 GB  3.7 MB/s    3m9s[K[A[1Gpulling manifest [K
pulling bdbf939b402e:  79% ▕██████████████    ▏ 2.6 GB/3.3 GB  3.7 MB/s    3m9s[K[A[1Gpulling manifest [K
pulling bdbf939b402e:  79% ▕██████████████    ▏ 2.6 GB/3.3 GB  3.7 MB/s    3m9s[K[A[1Gpulling manifest [K
pulling bdbf939b402e:  79% ▕██████████████    ▏ 2.6 GB/3.3 GB  3.7 MB/s    3m9s[K[A[1Gpulling manifest [K
pulling bdbf939b402e:  79% ▕██████████████    ▏ 2.6 GB/3.3 GB  3.7 MB/s    3m9s[K[A[1Gpulling manifest [K
pulling bdbf939b402e:  79% ▕██████████████    ▏ 2.6 GB/3.3 GB  3.7 MB/s    3m9s[K[A[1Gpulling manifest [K
pulling bdbf939b402e:  79% ▕██████████████    ▏ 2.6 GB/3.3 GB  3.7 MB/s    3m9s[K[A[1Gpulling manifest [K
pulling bdbf939b402e:  79% ▕██████████████    ▏ 2.6 GB/3.3 GB  3.7 MB/s    3m8s[K[A[1Gpulling manifest [K
pulling bdbf939b402e:  79% ▕██████████████    ▏ 2.6 GB/3.3 GB  3.7 MB/s    3m8s[K[A[1Gpulling manifest [K
pulling bdbf939b402e:  79% ▕██████████████    ▏ 2.6 GB/3.3 GB  3.7 MB/s    3m8s[K[A[1Gpulling manifest [K
pulling bdbf939b402e:  79% ▕██████████████    ▏ 2.6 GB/3.3 GB  3.7 MB/s    3m8s[K[A[1Gpulling manifest [K
pulling bdbf939b402e:  79% ▕██████████████    ▏ 2.6 GB/3.3 GB  3.7 MB/s    3m8s[K[A[1Gpulling manifest [K
pulling bdbf939b402e:  79% ▕██████████████    ▏ 2.6 GB/3.3 GB  3.7 MB/s    3m8s[K[A[1Gpulling manifest [K
pulling bdbf939b402e:  79% ▕██████████████    ▏ 2.6 GB/3.3 GB  3.7 MB/s    3m8s[K[A[1Gpulling manifest [K
pulling bdbf939b402e:  79% ▕██████████████    ▏ 2.6 GB/3.3 GB  3.7 MB/s    3m8s[K[A[1Gpulling manifest [K
pulling bdbf939b402e:  79% ▕██████████████    ▏ 2.6 GB/3.3 GB  3.7 MB/s    3m8s[K[A[1Gpulling manifest [K
pulling bdbf939b402e:  79% ▕██████████████    ▏ 2.6 GB/3.3 GB  3.7 MB/s    3m8s[K[A[1Gpulling manifest [K
pulling bdbf939b402e:  79% ▕██████████████    ▏ 2.6 GB/3.3 GB  3.7 MB/s    3m7s[K[A[1Gpulling manifest [K
pulling bdbf939b402e:  79% ▕██████████████    ▏ 2.6 GB/3.3 GB  3.7 MB/s    3m7s[K[A[1Gpulling manifest [K
pulling bdbf939b402e:  79% ▕██████████████    ▏ 2.6 GB/3.3 GB  3.7 MB/s    3m7s[K[A[1Gpulling manifest [K
pulling bdbf939b402e:  79% ▕██████████████    ▏ 2.6 GB/3.3 GB  3.7 MB/s    3m7s[K[A[1Gpulling manifest [K
pulling bdbf939b402e:  79% ▕██████████████    ▏ 2.6 GB/3.3 GB  3.7 MB/s    3m7s[K[A[1Gpulling manifest [K
pulling bdbf939b402e:  79% ▕██████████████    ▏ 2.6 GB/3.3 GB  3.7 MB/s    3m7s[K[A[1Gpulling manifest [K
pulling bdbf939b402e:  79% ▕██████████████    ▏ 2.6 GB/3.3 GB  3.7 MB/s    3m7s[K[A[1Gpulling manifest [K
pulling bdbf939b402e:  79% ▕██████████████    ▏ 2.6 GB/3.3 GB  3.7 MB/s    3m7s[K[A[1Gpulling manifest [K
pulling bdbf939b402e:  79% ▕██████████████    ▏ 2.6 GB/3.3 GB  3.7 MB/s    3m7s[K[A[1Gpulling manifest [K
pulling bdbf939b402e:  79% ▕██████████████    ▏ 2.6 GB/3.3 GB  3.7 MB/s    3m7s[K[A[1Gpulling manifest [K
pulling bdbf939b402e:  79% ▕██████████████    ▏ 2.6 GB/3.3 GB  3.7 MB/s    3m6s[K[A[1Gpulling manifest [K
pulling bdbf939b402e:  79% ▕██████████████    ▏ 2.6 GB/3.3 GB  3.7 MB/s    3m6s[K[A[1Gpulling manifest [K
pulling bdbf939b402e:  79% ▕██████████████    ▏ 2.6 GB/3.3 GB  3.7 MB/s    3m6s[K[A[1Gpulling manifest [K
pulling bdbf939b402e:  79% ▕██████████████    ▏ 2.6 GB/3.3 GB  3.7 MB/s    3m6s[K[A[1Gpulling manifest [K
pulling bdbf939b402e:  79% ▕██████████████    ▏ 2.6 GB/3.3 GB  3.7 MB/s    3m6s[K[A[1Gpulling manifest [K
pulling bdbf939b402e:  79% ▕██████████████    ▏ 2.6 GB/3.3 GB  3.7 MB/s    3m6s[K[A[1Gpulling manifest [K
pulling bdbf939b402e:  79% ▕██████████████    ▏ 2.6 GB/3.3 GB  3.7 MB/s    3m6s[K[A[1Gpulling manifest [K
pulling bdbf939b402e:  79% ▕██████████████    ▏ 2.6 GB/3.3 GB  3.7 MB/s    3m6s[K[A[1Gpulling manifest [K
pulling bdbf939b402e:  79% ▕██████████████    ▏ 2.6 GB/3.3 GB  3.7 MB/s    3m6s[K[A[1Gpulling manifest [K
pulling bdbf939b402e:  79% ▕██████████████    ▏ 2.6 GB/3.3 GB  3.7 MB/s    3m5s[K[A[1Gpulling manifest [K
pulling bdbf939b402e:  79% ▕██████████████    ▏ 2.6 GB/3.3 GB  3.7 MB/s    3m5s[K[A[1Gpulling manifest [K
pulling bdbf939b402e:  79% ▕██████████████    ▏ 2.6 GB/3.3 GB  3.7 MB/s    3m4s[K[A[1Gpulling manifest [K
pulling bdbf939b402e:  79% ▕██████████████    ▏ 2.6 GB/3.3 GB  3.7 MB/s    3m4s[K[A[1Gpulling manifest [K
pulling bdbf939b402e:  79% ▕██████████████    ▏ 2.6 GB/3.3 GB  3.7 MB/s    3m4s[K[A[1Gpulling manifest [K
pulling bdbf939b402e:  79% ▕██████████████    ▏ 2.6 GB/3.3 GB  3.7 MB/s    3m4s[K[A[1Gpulling manifest [K
