[1Gpulling manifest ⠋ [K[1Gpulling manifest ⠙ [K[1Gpulling manifest ⠹ [K[1Gpulling manifest ⠸ [K[1Gpulling manifest ⠼ [K[1Gpulling manifest ⠴ [K[1Gpulling manifest ⠦ [K[1Gpulling manifest ⠧ [K[1Gpulling manifest ⠇ [K[1Gpulling manifest ⠏ [K[1Gpulling manifest ⠋ [K[1Gpulling manifest ⠙ [K[1Gpulling manifest ⠹ [K[1Gpulling manifest ⠼ [K[1Gpulling manifest ⠼ [K[1Gpulling manifest ⠴ [K[1Gpulling manifest ⠦ [K[1Gpulling manifest ⠧ [K[1Gpulling manifest ⠇ [K[1Gpulling manifest ⠏ [K[1Gpulling manifest ⠋ [K[1Gpulling manifest ⠙ [K[1Gpulling manifest ⠹ [K[1Gpulling manifest ⠸ [K[1Gpulling manifest ⠼ [K[1Gpulling manifest ⠴ [K[1Gpulling manifest ⠦ [K[1Gpulling manifest ⠧ [K[1Gpulling manifest ⠇ [K[1Gpulling manifest ⠏ [K[1Gpulling manifest ⠋ [K[1Gpulling manifest ⠙ [K[1Gpulling manifest ⠹ [K[1Gpulling manifest ⠸ [K[1Gpulling manifest ⠼ [K[1Gpulling manifest ⠴ [K[1Gpulling manifest ⠦ [K[1Gpulling manifest ⠧ [K[1Gpulling manifest ⠇ [K[1Gpulling manifest ⠏ [K[1Gpulling manifest ⠋ [K[1Gpulling manifest ⠙ [K[1Gpulling manifest ⠹ [K[1Gpulling manifest ⠸ [K[1Gpulling manifest ⠼ [K[1Gpulling manifest ⠴ [K[1Gpulling manifest ⠦ [K[1Gpulling manifest ⠧ [K[1Gpulling manifest ⠇ [K[1Gpulling manifest ⠏ [K[1Gpulling manifest ⠋ [K[1Gpulling manifest ⠙ [K[1Gpulling manifest ⠹ [K[1Gpulling manifest ⠸ [K[1Gpulling manifest ⠼ [K[1Gpulling manifest ⠴ [K[1Gpulling manifest ⠦ [K[1Gpulling manifest ⠧ [K[1Gpulling manifest ⠇ [K[1Gpulling manifest ⠏ [K[1Gpulling manifest ⠋ [K[1Gpulling manifest ⠙ [K[1Gpulling manifest ⠹ [K[1Gpulling manifest ⠸ [K[1Gpulling manifest ⠼ [K[1Gpulling manifest ⠴ [K[1Gpulling manifest ⠦ [K[1Gpulling manifest ⠧ [K[1Gpulling manifest ⠇ [K[1Gpulling manifest ⠏ [K[1Gpulling manifest ⠋ [K[1Gpulling manifest ⠙ [K[1Gpulling manifest ⠹ [K[1Gpulling manifest ⠸ [K[1Gpulling manifest ⠼ [K[1Gpulling manifest ⠴ [K[1Gpulling manifest ⠦ [K[1Gpulling manifest ⠧ [K[1Gpulling manifest ⠇ [K[1Gpulling manifest ⠏ [K[1Gpulling manifest ⠋ [K[1Gpulling manifest ⠙ [K[1Gpulling manifest ⠹ [K[1Gpulling manifest ⠸ [K[1Gpulling manifest ⠼ [K[1Gpulling manifest ⠴ [K[1Gpulling manifest ⠦ [K[1Gpulling manifest ⠧ [K[1Gpulling manifest ⠇ [K[1Gpulling manifest ⠏ [K[1Gpulling manifest ⠋ [K[1Gpulling manifest ⠙ [K[1Gpulling manifest ⠹ [K[1Gpulling manifest ⠸ [K[1Gpulling manifest ⠼ [K[1Gpulling manifest ⠴ [K[1Gpulling manifest ⠦ [K[1Gpulling manifest ⠧ [K[1Gpulling manifest ⠇ [K[1Gpulling manifest ⠏ [K[1Gpulling manifest ⠋ [K[1Gpulling manifest ⠙ [K[1Gpulling manifest ⠹ [K[1Gpulling manifest ⠸ [K[1Gpulling manifest ⠼ [K[1Gpulling manifest ⠴ [K[1Gpulling manifest ⠦ [K[1Gpulling manifest ⠧ [K[1Gpulling manifest ⠇ [K[1Gpulling manifest ⠏ [K[1Gpulling manifest ⠋ [K[1Gpulling manifest ⠙ [K[1Gpulling manifest ⠹ [K[1Gpulling manifest ⠸ [K[1Gpulling manifest ⠼ [K[1Gpulling manifest ⠴ [K[1Gpulling manifest ⠦ [K[1Gpulling manifest ⠧ [K[1Gpulling manifest ⠇ [K[1Gpulling manifest ⠏ [K[1Gpulling manifest ⠋ [K[1Gpulling manifest ⠙ [K[1Gpulling manifest ⠹ [K[1Gpulling manifest ⠸ [K[1Gpulling manifest ⠼ [K[1Gpulling manifest ⠴ [K[1Gpulling manifest ⠦ [K[1Gpulling manifest ⠧ [K[1Gpulling manifest ⠇ [K[1Gpulling manifest ⠏ [K[1Gpulling manifest [K
pulling 1b2b95e2f0eb:   0% ▕                  ▏ 1.4 KB/8.1 GB                  [K[A[1Gpulling manifest [K
pulling 1b2b95e2f0eb:   0% ▕                  ▏ 199 KB/8.1 GB                  [K[A[1Gpulling manifest [K
pulling 1b2b95e2f0eb:   0% ▕                  ▏ 385 KB/8.1 GB                  [K[A[1Gpulling manifest [K
pulling 1b2b95e2f0eb:   0% ▕                  ▏ 591 KB/8.1 GB                  [K[A[1Gpulling manifest [K
pulling 1b2b95e2f0eb:   0% ▕                  ▏ 1.0 MB/8.1 GB                  [K[A[1Gpulling manifest [K
pulling 1b2b95e2f0eb:   0% ▕                  ▏ 1.4 MB/8.1 GB                  [K[A[1Gpulling manifest [K
pulling 1b2b95e2f0eb:   0% ▕                  ▏ 1.5 MB/8.1 GB                  [K[A[1Gpulling manifest [K
pulling 1b2b95e2f0eb:   0% ▕                  ▏ 1.8 MB/8.1 GB                  [K[A[1Gpulling manifest [K
pulling 1b2b95e2f0eb:   0% ▕                  ▏ 2.1 MB/8.1 GB                  [K[A[1Gpulling manifest [K
pulling 1b2b95e2f0eb:   0% ▕                  ▏ 2.3 MB/8.1 GB                  [K[A[1Gpulling manifest [K
pulling 1b2b95e2f0eb:   0% ▕                  ▏ 2.7 MB/8.1 GB  2.7 MB/s  50m47s[K[A[1Gpulling manifest [K
pulling 1b2b95e2f0eb:   0% ▕                  ▏ 3.0 MB/8.1 GB  2.7 MB/s  50m47s[K[A[1Gpulling manifest [K
pulling 1b2b95e2f0eb:   0% ▕                  ▏ 3.2 MB/8.1 GB  2.7 MB/s  50m47s[K[A[1Gpulling manifest [K
pulling 1b2b95e2f0eb:   0% ▕                  ▏ 3.5 MB/8.1 GB  2.7 MB/s  50m47s[K[A[1Gpulling manifest [K
pulling 1b2b95e2f0eb:   0% ▕                  ▏ 3.9 MB/8.1 GB  2.7 MB/s  50m46s[K[A[1Gpulling manifest [K
pulling 1b2b95e2f0eb:   0% ▕                  ▏ 4.2 MB/8.1 GB  2.7 MB/s  50m46s[K[A[1Gpulling manifest [K
pulling 1b2b95e2f0eb:   0% ▕                  ▏ 4.5 MB/8.1 GB  2.7 MB/s  50m46s[K[A[1Gpulling manifest [K
pulling 1b2b95e2f0eb:   0% ▕                  ▏ 4.9 MB/8.1 GB  2.7 MB/s  50m46s[K[A[1Gpulling manifest [K
pulling 1b2b95e2f0eb:   0% ▕                  ▏ 5.1 MB/8.1 GB  2.7 MB/s  50m46s[K[A[1Gpulling manifest [K
pulling 1b2b95e2f0eb:   0% ▕                  ▏ 5.5 MB/8.1 GB  2.7 MB/s  50m46s[K[A[1Gpulling manifest [K
pulling 1b2b95e2f0eb:   0% ▕                  ▏ 5.8 MB/8.1 GB  2.9 MB/s  46m23s[K[A[1Gpulling manifest [K
pulling 1b2b95e2f0eb:   0% ▕                  ▏ 6.0 MB/8.1 GB  2.9 MB/s  46m23s[K[A[1Gpulling manifest [K
pulling 1b2b95e2f0eb:   0% ▕                  ▏ 6.4 MB/8.1 GB  2.9 MB/s  46m23s[K[A[1Gpulling manifest [K
pulling 1b2b95e2f0eb:   0% ▕                  ▏ 6.8 MB/8.1 GB  2.9 MB/s  46m23s[K[A[1Gpulling manifest [K
pulling 1b2b95e2f0eb:   0% ▕                  ▏ 7.2 MB/8.1 GB  2.9 MB/s  46m23s[K[A[1Gpulling manifest [K
pulling 1b2b95e2f0eb:   0% ▕                  ▏ 7.9 MB/8.1 GB  2.9 MB/s  46m22s[K[A[1Gpulling manifest [K
pulling 1b2b95e2f0eb:   0% ▕                  ▏ 8.5 MB/8.1 GB  2.9 MB/s  46m22s[K[A[1Gpulling manifest [K
pulling 1b2b95e2f0eb:   0% ▕                  ▏ 8.8 MB/8.1 GB  2.9 MB/s  46m22s[K[A[1Gpulling manifest [K
pulling 1b2b95e2f0eb:   0% ▕                  ▏ 9.4 MB/8.1 GB  2.9 MB/s  46m22s[K[A[1Gpulling manifest [K
pulling 1b2b95e2f0eb:   0% ▕                  ▏  10 MB/8.1 GB  2.9 MB/s  46m22s[K[A[1Gpulling manifest [K
pulling 1b2b95e2f0eb:   0% ▕                  ▏  10 MB/8.1 GB  2.9 MB/s  46m22s[K[A[1Gpulling manifest [K
pulling 1b2b95e2f0eb:   0% ▕                  ▏  11 MB/8.1 GB  3.6 MB/s  37m22s[K[A[1Gpulling manifest [K
pulling 1b2b95e2f0eb:   0% ▕                  ▏  11 MB/8.1 GB  3.6 MB/s  37m22s[K[A[1Gpulling manifest [K
pulling 1b2b95e2f0eb:   0% ▕                  ▏  12 MB/8.1 GB  3.6 MB/s  37m22s[K[A[1Gpulling manifest [K
pulling 1b2b95e2f0eb:   0% ▕                  ▏  12 MB/8.1 GB  3.6 MB/s  37m22s[K[A[1Gpulling manifest [K
pulling 1b2b95e2f0eb:   0% ▕                  ▏  13 MB/8.1 GB  3.6 MB/s  37m22s[K[A[1Gpulling manifest [K
pulling 1b2b95e2f0eb:   0% ▕                  ▏  13 MB/8.1 GB  3.6 MB/s  37m22s[K[A[1Gpulling manifest [K
pulling 1b2b95e2f0eb:   0% ▕                  ▏  14 MB/8.1 GB  3.6 MB/s  37m22s[K[A[1Gpulling manifest [K
pulling 1b2b95e2f0eb:   0% ▕                  ▏  14 MB/8.1 GB  3.6 MB/s  37m21s[K[A[1Gpulling manifest [K
pulling 1b2b95e2f0eb:   0% ▕                  ▏  14 MB/8.1 GB  3.6 MB/s  37m21s[K[A[1Gpulling manifest [K
pulling 1b2b95e2f0eb:   0% ▕                  ▏  15 MB/8.1 GB  3.6 MB/s  37m21s[K[A[1Gpulling manifest [K
pulling 1b2b95e2f0eb:   0% ▕                  ▏  16 MB/8.1 GB  4.0 MB/s  33m52s[K[A[1Gpulling manifest [K
pulling 1b2b95e2f0eb:   0% ▕                  ▏  16 MB/8.1 GB  4.0 MB/s  33m52s[K[A[1Gpulling manifest [K
pulling 1b2b95e2f0eb:   0% ▕                  ▏  17 MB/8.1 GB  4.0 MB/s  33m51s[K[A[1Gpulling manifest [K
pulling 1b2b95e2f0eb:   0% ▕                  ▏  17 MB/8.1 GB  4.0 MB/s  33m51s[K[A[1Gpulling manifest [K
pulling 1b2b95e2f0eb:   0% ▕                  ▏  17 MB/8.1 GB  4.0 MB/s  33m51s[K[A[1Gpulling manifest [K
pulling 1b2b95e2f0eb:   0% ▕                  ▏  18 MB/8.1 GB  4.0 MB/s  33m51s[K[A[1Gpulling manifest [K
pulling 1b2b95e2f0eb:   0% ▕                  ▏  19 MB/8.1 GB  4.0 MB/s  33m51s[K[A[1Gpulling manifest [K
pulling 1b2b95e2f0eb:   0% ▕                  ▏  19 MB/8.1 GB  4.0 MB/s  33m51s[K[A[1Gpulling manifest [K
pulling 1b2b95e2f0eb:   0% ▕                  ▏  19 MB/8.1 GB  4.0 MB/s  33m51s[K[A[1Gpulling manifest [K
pulling 1b2b95e2f0eb:   0% ▕                  ▏  20 MB/8.1 GB  4.0 MB/s  33m51s[K[A[1Gpulling manifest [K
pulling 1b2b95e2f0eb:   0% ▕                  ▏  20 MB/8.1 GB  4.1 MB/s  32m30s[K[A[1Gpulling manifest [K
pulling 1b2b95e2f0eb:   0% ▕                  ▏  21 MB/8.1 GB  4.1 MB/s  32m29s[K[A[1Gpulling manifest [K
pulling 1b2b95e2f0eb:   0% ▕                  ▏  21 MB/8.1 GB  4.1 MB/s  32m29s[K[A[1Gpulling manifest [K
pulling 1b2b95e2f0eb:   0% ▕                  ▏  22 MB/8.1 GB  4.1 MB/s  32m29s[K[A[1Gpulling manifest [K
pulling 1b2b95e2f0eb:   0% ▕                  ▏  22 MB/8.1 GB  4.1 MB/s  32m29s[K[A[1Gpulling manifest [K
pulling 1b2b95e2f0eb:   0% ▕                  ▏  23 MB/8.1 GB  4.1 MB/s  32m29s[K[A[1Gpulling manifest [K
pulling 1b2b95e2f0eb:   0% ▕                  ▏  23 MB/8.1 GB  4.1 MB/s  32m29s[K[A[1Gpulling manifest [K
pulling 1b2b95e2f0eb:   0% ▕                  ▏  23 MB/8.1 GB  4.1 MB/s  32m29s[K[A[1Gpulling manifest [K
pulling 1b2b95e2f0eb:   0% ▕                  ▏  24 MB/8.1 GB  4.1 MB/s  32m29s[K[A[1Gpulling manifest [K
pulling 1b2b95e2f0eb:   0% ▕                  ▏  24 MB/8.1 GB  4.1 MB/s  32m29s[K[A[1Gpulling manifest [K
pulling 1b2b95e2f0eb:   0% ▕                  ▏  25 MB/8.1 GB  4.2 MB/s   32m5s[K[A[1Gpulling manifest [K
pulling 1b2b95e2f0eb:   0% ▕                  ▏  25 MB/8.1 GB  4.2 MB/s   32m5s[K[A[1Gpulling manifest [K
pulling 1b2b95e2f0eb:   0% ▕                  ▏  26 MB/8.1 GB  4.2 MB/s   32m5s[K[A[1Gpulling manifest [K
pulling 1b2b95e2f0eb:   0% ▕                  ▏  26 MB/8.1 GB  4.2 MB/s   32m5s[K[A[1Gpulling manifest [K
pulling 1b2b95e2f0eb:   0% ▕                  ▏  27 MB/8.1 GB  4.2 MB/s   32m5s[K[A[1Gpulling manifest [K
pulling 1b2b95e2f0eb:   0% ▕                  ▏  27 MB/8.1 GB  4.2 MB/s   32m5s[K[A[1Gpulling manifest [K
pulling 1b2b95e2f0eb:   0% ▕                  ▏  28 MB/8.1 GB  4.2 MB/s   32m5s[K[A[1Gpulling manifest [K
pulling 1b2b95e2f0eb:   0% ▕                  ▏  28 MB/8.1 GB  4.2 MB/s   32m5s[K[A[1Gpulling manifest [K
pulling 1b2b95e2f0eb:   0% ▕                  ▏  28 MB/8.1 GB  4.2 MB/s   32m5s[K[A[1Gpulling manifest [K
pulling 1b2b95e2f0eb:   0% ▕                  ▏  29 MB/8.1 GB  4.2 MB/s   32m4s[K[A[1Gpulling manifest [K
pulling 1b2b95e2f0eb:   0% ▕                  ▏  29 MB/8.1 GB  4.3 MB/s  31m26s[K[A[1Gpulling manifest [K
pulling 1b2b95e2f0eb:   0% ▕                  ▏  30 MB/8.1 GB  4.3 MB/s  31m26s[K[A[1Gpulling manifest [K
pulling 1b2b95e2f0eb:   0% ▕                  ▏  30 MB/8.1 GB  4.3 MB/s  31m26s[K[A[1Gpulling manifest [K
pulling 1b2b95e2f0eb:   0% ▕                  ▏  31 MB/8.1 GB  4.3 MB/s  31m26s[K[A[1Gpulling manifest [K
pulling 1b2b95e2f0eb:   0% ▕                  ▏  31 MB/8.1 GB  4.3 MB/s  31m26s[K[A[1Gpulling manifest [K
pulling 1b2b95e2f0eb:   0% ▕                  ▏  32 MB/8.1 GB  4.3 MB/s  31m26s[K[A[1Gpulling manifest [K
pulling 1b2b95e2f0eb:   0% ▕                  ▏  32 MB/8.1 GB  4.3 MB/s  31m25s[K[A[1Gpulling manifest [K
pulling 1b2b95e2f0eb:   0% ▕                  ▏  33 MB/8.1 GB  4.3 MB/s  31m25s[K[A[1Gpulling manifest [K
pulling 1b2b95e2f0eb:   0% ▕                  ▏  33 MB/8.1 GB  4.3 MB/s  31m25s[K[A[1Gpulling manifest [K
pulling 1b2b95e2f0eb:   0% ▕                  ▏  34 MB/8.1 GB  4.3 MB/s  31m25s[K[A[1Gpulling manifest [K
pulling 1b2b95e2f0eb:   0% ▕                  ▏  34 MB/8.1 GB  4.3 MB/s  31m25s[K[A[1Gpulling manifest [K
pulling 1b2b95e2f0eb:   0% ▕                  ▏  35 MB/8.1 GB  4.4 MB/s  30m51s[K[A[1Gpulling manifest [K
pulling 1b2b95e2f0eb:   0% ▕                  ▏  35 MB/8.1 GB  4.4 MB/s  30m51s[K[A[1Gpulling manifest [K
pulling 1b2b95e2f0eb:   0% ▕                  ▏  35 MB/8.1 GB  4.4 MB/s  30m51s[K[A[1Gpulling manifest [K
pulling 1b2b95e2f0eb:   0% ▕                  ▏  36 MB/8.1 GB  4.4 MB/s  30m51s[K[A[1Gpulling manifest [K
pulling 1b2b95e2f0eb:   0% ▕                  ▏  37 MB/8.1 GB  4.4 MB/s  30m51s[K[A[1Gpulling manifest [K
pulling 1b2b95e2f0eb:   0% ▕                  ▏  37 MB/8.1 GB  4.4 MB/s  30m51s[K[A[1Gpulling manifest [K
pulling 1b2b95e2f0eb:   0% ▕                  ▏  37 MB/8.1 GB  4.4 MB/s  30m51s[K[A[1Gpulling manifest [K
pulling 1b2b95e2f0eb:   0% ▕                  ▏  38 MB/8.1 GB  4.4 MB/s  30m51s[K[A[1Gpulling manifest [K
pulling 1b2b95e2f0eb:   0% ▕                  ▏  38 MB/8.1 GB  4.4 MB/s  30m50s[K[A[1Gpulling manifest [K
pulling 1b2b95e2f0eb:   0% ▕                  ▏  38 MB/8.1 GB  4.4 MB/s  30m50s[K[A[1Gpulling manifest [K
pulling 1b2b95e2f0eb:   0% ▕                  ▏  39 MB/8.1 GB  4.3 MB/s  30m56s[K[A[1Gpulling manifest [K
pulling 1b2b95e2f0eb:   0% ▕                  ▏  39 MB/8.1 GB  4.3 MB/s  30m56s[K[A[1Gpulling manifest [K
pulling 1b2b95e2f0eb:   0% ▕                  ▏  40 MB/8.1 GB  4.3 MB/s  30m55s[K[A[1Gpulling manifest [K
pulling 1b2b95e2f0eb:   1% ▕                  ▏  40 MB/8.1 GB  4.3 MB/s  30m55s[K[A[1Gpulling manifest [K
pulling 1b2b95e2f0eb:   1% ▕                  ▏  41 MB/8.1 GB  4.3 MB/s  30m55s[K[A[1Gpulling manifest [K
pulling 1b2b95e2f0eb:   1% ▕                  ▏  41 MB/8.1 GB  4.3 MB/s  30m55s[K[A[1Gpulling manifest [K
pulling 1b2b95e2f0eb:   1% ▕                  ▏  42 MB/8.1 GB  4.3 MB/s  30m55s[K[A[1Gpulling manifest [K
pulling 1b2b95e2f0eb:   1% ▕                  ▏  42 MB/8.1 GB  4.3 MB/s  30m55s[K[A[1Gpulling manifest [K
pulling 1b2b95e2f0eb:   1% ▕                  ▏  43 MB/8.1 GB  4.3 MB/s  30m55s[K[A[1Gpulling manifest [K
pulling 1b2b95e2f0eb:   1% ▕                  ▏  43 MB/8.1 GB  4.3 MB/s  30m55s[K[A[1Gpulling manifest [K
pulling 1b2b95e2f0eb:   1% ▕                  ▏  44 MB/8.1 GB  4.6 MB/s   29m6s[K[A[1Gpulling manifest [K
pulling 1b2b95e2f0eb:   1% ▕                  ▏  44 MB/8.1 GB  4.6 MB/s   29m6s[K[A[1Gpulling manifest [K
pulling 1b2b95e2f0eb:   1% ▕                  ▏  45 MB/8.1 GB  4.6 MB/s   29m6s[K[A[1Gpulling manifest [K
pulling 1b2b95e2f0eb:   1% ▕                  ▏  45 MB/8.1 GB  4.6 MB/s   29m5s[K[A[1Gpulling manifest [K
pulling 1b2b95e2f0eb:   1% ▕                  ▏  46 MB/8.1 GB  4.6 MB/s   29m5s[K[A[1Gpulling manifest [K
pulling 1b2b95e2f0eb:   1% ▕                  ▏  47 MB/8.1 GB  4.6 MB/s   29m5s[K[A[1Gpulling manifest [K
pulling 1b2b95e2f0eb:   1% ▕                  ▏  47 MB/8.1 GB  4.6 MB/s   29m5s[K[A[1Gpulling manifest [K
pulling 1b2b95e2f0eb:   1% ▕                  ▏  48 MB/8.1 GB  4.6 MB/s   29m5s[K[A[1Gpulling manifest [K
pulling 1b2b95e2f0eb:   1% ▕                  ▏  49 MB/8.1 GB  4.6 MB/s   29m5s[K[A[1Gpulling manifest [K
pulling 1b2b95e2f0eb:   1% ▕                  ▏  49 MB/8.1 GB  4.6 MB/s   29m5s[K[A[1Gpulling manifest [K
pulling 1b2b95e2f0eb:   1% ▕                  ▏  50 MB/8.1 GB  4.9 MB/s  27m17s[K[A[1Gpulling manifest [K
pulling 1b2b95e2f0eb:   1% ▕                  ▏  50 MB/8.1 GB  4.9 MB/s  27m17s[K[A[1Gpulling manifest [K
pulling 1b2b95e2f0eb:   1% ▕                  ▏  51 MB/8.1 GB  4.9 MB/s  27m17s[K[A[1Gpulling manifest [K
pulling 1b2b95e2f0eb:   1% ▕                  ▏  51 MB/8.1 GB  4.9 MB/s  27m17s[K[A[1Gpulling manifest [K
pulling 1b2b95e2f0eb:   1% ▕                  ▏  52 MB/8.1 GB  4.9 MB/s  27m17s[K[A[1Gpulling manifest [K
pulling 1b2b95e2f0eb:   1% ▕                  ▏  52 MB/8.1 GB  4.9 MB/s  27m17s[K[A[1Gpulling manifest [K
pulling 1b2b95e2f0eb:   1% ▕                  ▏  53 MB/8.1 GB  4.9 MB/s  27m17s[K[A[1Gpulling manifest [K
pulling 1b2b95e2f0eb:   1% ▕                  ▏  53 MB/8.1 GB  4.9 MB/s  27m17s[K[A[1Gpulling manifest [K
pulling 1b2b95e2f0eb:   1% ▕                  ▏  54 MB/8.1 GB  4.9 MB/s  27m17s[K[A[1Gpulling manifest [K
pulling 1b2b95e2f0eb:   1% ▕                  ▏  54 MB/8.1 GB  4.9 MB/s  27m16s[K[A[1Gpulling manifest [K
pulling 1b2b95e2f0eb:   1% ▕                  ▏  55 MB/8.1 GB  4.9 MB/s   27m9s[K[A[1Gpulling manifest [K
pulling 1b2b95e2f0eb:   1% ▕                  ▏  55 MB/8.1 GB  4.9 MB/s   27m9s[K[A[1Gpulling manifest [K
pulling 1b2b95e2f0eb:   1% ▕                  ▏  56 MB/8.1 GB  4.9 MB/s   27m9s[K[A[1Gpulling manifest [K
pulling 1b2b95e2f0eb:   1% ▕                  ▏  57 MB/8.1 GB  4.9 MB/s   27m9s[K[A[1Gpulling manifest [K
pulling 1b2b95e2f0eb:   1% ▕                  ▏  57 MB/8.1 GB  4.9 MB/s   27m9s[K[A[1Gpulling manifest [K
pulling 1b2b95e2f0eb:   1% ▕                  ▏  57 MB/8.1 GB  4.9 MB/s   27m8s[K[A[1Gpulling manifest [K
pulling 1b2b95e2f0eb:   1% ▕                  ▏  58 MB/8.1 GB  4.9 MB/s   27m8s[K[A[1Gpulling manifest [K
pulling 1b2b95e2f0eb:   1% ▕                  ▏  58 MB/8.1 GB  4.9 MB/s   27m8s[K[A[1Gpulling manifest [K
pulling 1b2b95e2f0eb:   1% ▕                  ▏  59 MB/8.1 GB  4.9 MB/s   27m8s[K[A[1Gpulling manifest [K
pulling 1b2b95e2f0eb:   1% ▕                  ▏  59 MB/8.1 GB  4.9 MB/s   27m8s[K[A[1Gpulling manifest [K
pulling 1b2b95e2f0eb:   1% ▕                  ▏  60 MB/8.1 GB  4.9 MB/s   27m8s[K[A[1Gpulling manifest [K
pulling 1b2b95e2f0eb:   1% ▕                  ▏  60 MB/8.1 GB  5.0 MB/s   27m5s[K[A[1Gpulling manifest [K
pulling 1b2b95e2f0eb:   1% ▕                  ▏  61 MB/8.1 GB  5.0 MB/s   27m5s[K[A[1Gpulling manifest [K
pulling 1b2b95e2f0eb:   1% ▕                  ▏  61 MB/8.1 GB  5.0 MB/s   27m5s[K[A[1Gpulling manifest [K
pulling 1b2b95e2f0eb:   1% ▕                  ▏  62 MB/8.1 GB  5.0 MB/s   27m5s[K[A[1Gpulling manifest [K
pulling 1b2b95e2f0eb:   1% ▕                  ▏  62 MB/8.1 GB  5.0 MB/s   27m5s[K[A[1Gpulling manifest [K
pulling 1b2b95e2f0eb:   1% ▕                  ▏  63 MB/8.1 GB  5.0 MB/s   27m5s[K[A[1Gpulling manifest [K
pulling 1b2b95e2f0eb:   1% ▕                  ▏  63 MB/8.1 GB  5.0 MB/s   27m5s[K[A[1Gpulling manifest [K
pulling 1b2b95e2f0eb:   1% ▕                  ▏  64 MB/8.1 GB  5.0 MB/s   27m5s[K[A[1Gpulling manifest [K
pulling 1b2b95e2f0eb:   1% ▕                  ▏  64 MB/8.1 GB  5.0 MB/s   27m5s[K[A[1Gpulling manifest [K
pulling 1b2b95e2f0eb:   1% ▕                  ▏  65 MB/8.1 GB  5.0 MB/s   27m4s[K[A[1Gpulling manifest [K
pulling 1b2b95e2f0eb:   1% ▕                  ▏  65 MB/8.1 GB  5.0 MB/s  26m57s[K[A[1Gpulling manifest [K
pulling 1b2b95e2f0eb:   1% ▕                  ▏  65 MB/8.1 GB  5.0 MB/s  26m57s[K[A[1Gpulling manifest [K
pulling 1b2b95e2f0eb:   1% ▕                  ▏  66 MB/8.1 GB  5.0 MB/s  26m57s[K[A[1Gpulling manifest [K
pulling 1b2b95e2f0eb:   1% ▕                  ▏  66 MB/8.1 GB  5.0 MB/s  26m57s[K[A[1Gpulling manifest [K
pulling 1b2b95e2f0eb:   1% ▕                  ▏  67 MB/8.1 GB  5.0 MB/s  26m57s[K[A[1Gpulling manifest [K
pulling 1b2b95e2f0eb:   1% ▕                  ▏  67 MB/8.1 GB  5.0 MB/s  26m57s[K[A[1Gpulling manifest [K
pulling 1b2b95e2f0eb:   1% ▕                  ▏  68 MB/8.1 GB  5.0 MB/s  26m57s[K[A[1Gpulling manifest [K
pulling 1b2b95e2f0eb:   1% ▕                  ▏  68 MB/8.1 GB  5.0 MB/s  26m57s[K[A[1Gpulling manifest [K
pulling 1b2b95e2f0eb:   1% ▕                  ▏  69 MB/8.1 GB  5.0 MB/s  26m57s[K[A[1Gpulling manifest [K
pulling 1b2b95e2f0eb:   1% ▕                  ▏  69 MB/8.1 GB  5.0 MB/s  26m56s[K[A[1Gpulling manifest [K
pulling 1b2b95e2f0eb:   1% ▕                  ▏  70 MB/8.1 GB  5.0 MB/s  26m45s[K[A[1Gpulling manifest [K
pulling 1b2b95e2f0eb:   1% ▕                  ▏  70 MB/8.1 GB  5.0 MB/s  26m45s[K[A[1Gpulling manifest [K
pulling 1b2b95e2f0eb:   1% ▕                  ▏  71 MB/8.1 GB  5.0 MB/s  26m45s[K[A[1Gpulling manifest [K
pulling 1b2b95e2f0eb:   1% ▕                  ▏  71 MB/8.1 GB  5.0 MB/s  26m45s[K[A[1Gpulling manifest [K
pulling 1b2b95e2f0eb:   1% ▕                  ▏  72 MB/8.1 GB  5.0 MB/s  26m45s[K[A[1Gpulling manifest [K
pulling 1b2b95e2f0eb:   1% ▕                  ▏  72 MB/8.1 GB  5.0 MB/s  26m44s[K[A[1Gpulling manifest [K
pulling 1b2b95e2f0eb:   1% ▕                  ▏  72 MB/8.1 GB  5.0 MB/s  26m44s[K[A[1Gpulling manifest [K
pulling 1b2b95e2f0eb:   1% ▕                  ▏  73 MB/8.1 GB  5.0 MB/s  26m44s[K[A[1Gpulling manifest [K
pulling 1b2b95e2f0eb:   1% ▕                  ▏  73 MB/8.1 GB  5.0 MB/s  26m44s[K[A[1Gpulling manifest [K
pulling 1b2b95e2f0eb:   1% ▕                  ▏  74 MB/8.1 GB  5.0 MB/s  26m44s[K[A[1Gpulling manifest [K
pulling 1b2b95e2f0eb:   1% ▕                  ▏  74 MB/8.1 GB  5.0 MB/s  26m59s[K[A[1Gpulling manifest [K
pulling 1b2b95e2f0eb:   1% ▕                  ▏  75 MB/8.1 GB  5.0 MB/s  26m59s[K[A[1Gpulling manifest [K
pulling 1b2b95e2f0eb:   1% ▕                  ▏  75 MB/8.1 GB  5.0 MB/s  26m58s[K[A[1Gpulling manifest [K
pulling 1b2b95e2f0eb:   1% ▕                  ▏  75 MB/8.1 GB  5.0 MB/s  26m58s[K[A[1Gpulling manifest [K
pulling 1b2b95e2f0eb:   1% ▕                  ▏  76 MB/8.1 GB  5.0 MB/s  26m58s[K[A[1Gpulling manifest [K
pulling 1b2b95e2f0eb:   1% ▕                  ▏  76 MB/8.1 GB  5.0 MB/s  26m58s[K[A[1Gpulling manifest [K
pulling 1b2b95e2f0eb:   1% ▕                  ▏  77 MB/8.1 GB  5.0 MB/s  26m58s[K[A[1Gpulling manifest [K
pulling 1b2b95e2f0eb:   1% ▕                  ▏  77 MB/8.1 GB  5.0 MB/s  26m58s[K[A[1Gpulling manifest [K
pulling 1b2b95e2f0eb:   1% ▕                  ▏  77 MB/8.1 GB  5.0 MB/s  26m58s[K[A[1Gpulling manifest [K
pulling 1b2b95e2f0eb:   1% ▕                  ▏  78 MB/8.1 GB  5.0 MB/s  26m58s[K[A[1Gpulling manifest [K
pulling 1b2b95e2f0eb:   1% ▕                  ▏  78 MB/8.1 GB  4.9 MB/s  27m20s[K[A[1Gpulling manifest [K
pulling 1b2b95e2f0eb:   1% ▕                  ▏  79 MB/8.1 GB  4.9 MB/s  27m20s[K[A[1Gpulling manifest [K
pulling 1b2b95e2f0eb:   1% ▕                  ▏  79 MB/8.1 GB  4.9 MB/s  27m20s[K[A[1Gpulling manifest [K
pulling 1b2b95e2f0eb:   1% ▕                  ▏  79 MB/8.1 GB  4.9 MB/s  27m20s[K[A[1Gpulling manifest [K
pulling 1b2b95e2f0eb:   1% ▕                  ▏  80 MB/8.1 GB  4.9 MB/s  27m20s[K[A[1Gpulling manifest [K
pulling 1b2b95e2f0eb:   1% ▕                  ▏  80 MB/8.1 GB  4.9 MB/s  27m20s[K[A[1Gpulling manifest [K
pulling 1b2b95e2f0eb:   1% ▕                  ▏  81 MB/8.1 GB  4.9 MB/s  27m20s[K[A[1Gpulling manifest [K
pulling 1b2b95e2f0eb:   1% ▕                  ▏  81 MB/8.1 GB  4.9 MB/s  27m20s[K[A[1Gpulling manifest [K
pulling 1b2b95e2f0eb:   1% ▕                  ▏  81 MB/8.1 GB  4.9 MB/s  27m20s[K[A[1Gpulling manifest [K
pulling 1b2b95e2f0eb:   1% ▕                  ▏  82 MB/8.1 GB  4.9 MB/s  27m19s[K[A[1Gpulling manifest [K
pulling 1b2b95e2f0eb:   1% ▕                  ▏  82 MB/8.1 GB  4.9 MB/s  27m19s[K[A[1Gpulling manifest [K
pulling 1b2b95e2f0eb:   1% ▕                  ▏  83 MB/8.1 GB  4.9 MB/s  27m29s[K[A[1Gpulling manifest [K
pulling 1b2b95e2f0eb:   1% ▕                  ▏  83 MB/8.1 GB  4.9 MB/s  27m29s[K[A[1Gpulling manifest [K
pulling 1b2b95e2f0eb:   1% ▕                  ▏  84 MB/8.1 GB  4.9 MB/s  27m29s[K[A[1Gpulling manifest [K
pulling 1b2b95e2f0eb:   1% ▕                  ▏  84 MB/8.1 GB  4.9 MB/s  27m29s[K[A[1Gpulling manifest [K
pulling 1b2b95e2f0eb:   1% ▕                  ▏  84 MB/8.1 GB  4.9 MB/s  27m29s[K[A[1Gpulling manifest [K
pulling 1b2b95e2f0eb:   1% ▕                  ▏  85 MB/8.1 GB  4.9 MB/s  27m29s[K[A[1Gpulling manifest [K
pulling 1b2b95e2f0eb:   1% ▕                  ▏  85 MB/8.1 GB  4.9 MB/s  27m29s[K[A[1Gpulling manifest [K
pulling 1b2b95e2f0eb:   1% ▕                  ▏  86 MB/8.1 GB  4.9 MB/s  27m29s[K[A[1Gpulling manifest [K
pulling 1b2b95e2f0eb:   1% ▕                  ▏  86 MB/8.1 GB  4.9 MB/s  27m29s[K[A[1Gpulling manifest [K
pulling 1b2b95e2f0eb:   1% ▕                  ▏  87 MB/8.1 GB  4.9 MB/s  27m29s[K[A[1Gpulling manifest [K
pulling 1b2b95e2f0eb:   1% ▕                  ▏  87 MB/8.1 GB  4.8 MB/s  27m50s[K[A[1Gpulling manifest [K
pulling 1b2b95e2f0eb:   1% ▕                  ▏  87 MB/8.1 GB  4.8 MB/s  27m50s[K[A[1Gpulling manifest [K
pulling 1b2b95e2f0eb:   1% ▕                  ▏  88 MB/8.1 GB  4.8 MB/s  27m50s[K[A[1Gpulling manifest [K
pulling 1b2b95e2f0eb:   1% ▕                  ▏  88 MB/8.1 GB  4.8 MB/s  27m50s[K[A[1Gpulling manifest [K
pulling 1b2b95e2f0eb:   1% ▕                  ▏  89 MB/8.1 GB  4.8 MB/s  27m50s[K[A[1Gpulling manifest [K
pulling 1b2b95e2f0eb:   1% ▕                  ▏  89 MB/8.1 GB  4.8 MB/s  27m50s[K[A[1Gpulling manifest [K
pulling 1b2b95e2f0eb:   1% ▕                  ▏  90 MB/8.1 GB  4.8 MB/s  27m50s[K[A[1Gpulling manifest [K
pulling 1b2b95e2f0eb:   1% ▕                  ▏  90 MB/8.1 GB  4.8 MB/s  27m50s[K[A[1Gpulling manifest [K
pulling 1b2b95e2f0eb:   1% ▕                  ▏  90 MB/8.1 GB  4.8 MB/s  27m50s[K[A[1Gpulling manifest [K
pulling 1b2b95e2f0eb:   1% ▕                  ▏  91 MB/8.1 GB  4.8 MB/s  27m50s[K[A[1Gpulling manifest [K
pulling 1b2b95e2f0eb:   1% ▕                  ▏  91 MB/8.1 GB  4.6 MB/s  28m59s[K[A[1Gpulling manifest [K
pulling 1b2b95e2f0eb:   1% ▕                  ▏  92 MB/8.1 GB  4.6 MB/s  28m58s[K[A[1Gpulling manifest [K
pulling 1b2b95e2f0eb:   1% ▕                  ▏  92 MB/8.1 GB  4.6 MB/s  28m58s[K[A[1Gpulling manifest [K
pulling 1b2b95e2f0eb:   1% ▕                  ▏  92 MB/8.1 GB  4.6 MB/s  28m58s[K[A[1Gpulling manifest [K
pulling 1b2b95e2f0eb:   1% ▕                  ▏  93 MB/8.1 GB  4.6 MB/s  28m58s[K[A[1Gpulling manifest [K
pulling 1b2b95e2f0eb:   1% ▕                  ▏  93 MB/8.1 GB  4.6 MB/s  28m58s[K[A[1Gpulling manifest [K
pulling 1b2b95e2f0eb:   1% ▕                  ▏  93 MB/8.1 GB  4.6 MB/s  28m58s[K[A[1Gpulling manifest [K
pulling 1b2b95e2f0eb:   1% ▕                  ▏  94 MB/8.1 GB  4.6 MB/s  28m58s[K[A[1Gpulling manifest [K
pulling 1b2b95e2f0eb:   1% ▕                  ▏  94 MB/8.1 GB  4.6 MB/s  28m58s[K[A[1Gpulling manifest [K
pulling 1b2b95e2f0eb:   1% ▕                  ▏  95 MB/8.1 GB  4.6 MB/s  28m58s[K[A[1Gpulling manifest [K
pulling 1b2b95e2f0eb:   1% ▕                  ▏  95 MB/8.1 GB  4.5 MB/s  29m50s[K[A[1Gpulling manifest [K
pulling 1b2b95e2f0eb:   1% ▕                  ▏  96 MB/8.1 GB  4.5 MB/s  29m50s[K[A[1Gpulling manifest [K
pulling 1b2b95e2f0eb:   1% ▕                  ▏  96 MB/8.1 GB  4.5 MB/s  29m50s[K[A[1Gpulling manifest [K
pulling 1b2b95e2f0eb:   1% ▕                  ▏  96 MB/8.1 GB  4.5 MB/s  29m50s[K[A[1Gpulling manifest [K
pulling 1b2b95e2f0eb:   1% ▕                  ▏  97 MB/8.1 GB  4.5 MB/s  29m50s[K[A[1Gpulling manifest [K
pulling 1b2b95e2f0eb:   1% ▕                  ▏  97 MB/8.1 GB  4.5 MB/s  29m50s[K[A[1Gpulling manifest [K
pulling 1b2b95e2f0eb:   1% ▕                  ▏  97 MB/8.1 GB  4.5 MB/s  29m50s[K[A[1Gpulling manifest [K
pulling 1b2b95e2f0eb:   1% ▕                  ▏  98 MB/8.1 GB  4.5 MB/s  29m49s[K[A[1Gpulling manifest [K
pulling 1b2b95e2f0eb:   1% ▕                  ▏  98 MB/8.1 GB  4.5 MB/s  29m49s[K[A[1Gpulling manifest [K
pulling 1b2b95e2f0eb:   1% ▕                  ▏  99 MB/8.1 GB  4.5 MB/s  29m49s[K[A[1Gpulling manifest [K
pulling 1b2b95e2f0eb:   1% ▕                  ▏  99 MB/8.1 GB  4.3 MB/s  30m49s[K[A[1Gpulling manifest [K
pulling 1b2b95e2f0eb:   1% ▕                  ▏  99 MB/8.1 GB  4.3 MB/s  30m49s[K[A[1Gpulling manifest [K
pulling 1b2b95e2f0eb:   1% ▕                  ▏ 100 MB/8.1 GB  4.3 MB/s  30m49s[K[A[1Gpulling manifest [K
pulling 1b2b95e2f0eb:   1% ▕                  ▏ 100 MB/8.1 GB  4.3 MB/s  30m49s[K[A[1Gpulling manifest [K
pulling 1b2b95e2f0eb:   1% ▕                  ▏ 100 MB/8.1 GB  4.3 MB/s  30m49s[K[A[1Gpulling manifest [K
pulling 1b2b95e2f0eb:   1% ▕                  ▏ 101 MB/8.1 GB  4.3 MB/s  30m49s[K[A[1Gpulling manifest [K
pulling 1b2b95e2f0eb:   1% ▕                  ▏ 101 MB/8.1 GB  4.3 MB/s  30m49s[K[A[1Gpulling manifest [K
pulling 1b2b95e2f0eb:   1% ▕                  ▏ 101 MB/8.1 GB  4.3 MB/s  30m49s[K[A[1Gpulling manifest [K
pulling 1b2b95e2f0eb:   1% ▕                  ▏ 102 MB/8.1 GB  4.3 MB/s  30m49s[K[A[1Gpulling manifest [K
pulling 1b2b95e2f0eb:   1% ▕                  ▏ 103 MB/8.1 GB  4.3 MB/s  30m48s[K[A[1Gpulling manifest [K
pulling 1b2b95e2f0eb:   1% ▕                  ▏ 103 MB/8.1 GB  4.3 MB/s  30m48s[K[A[1Gpulling manifest [K
pulling 1b2b95e2f0eb:   1% ▕                  ▏ 103 MB/8.1 GB  4.2 MB/s  31m33s[K[A[1Gpulling manifest [K
pulling 1b2b95e2f0eb:   1% ▕                  ▏ 104 MB/8.1 GB  4.2 MB/s  31m33s[K[A[1Gpulling manifest [K
pulling 1b2b95e2f0eb:   1% ▕                  ▏ 104 MB/8.1 GB  4.2 MB/s  31m33s[K[A[1Gpulling manifest [K
pulling 1b2b95e2f0eb:   1% ▕                  ▏ 104 MB/8.1 GB  4.2 MB/s  31m33s[K[A[1Gpulling manifest [K
pulling 1b2b95e2f0eb:   1% ▕                  ▏ 105 MB/8.1 GB  4.2 MB/s  31m33s[K[A[1Gpulling manifest [K
pulling 1b2b95e2f0eb:   1% ▕                  ▏ 105 MB/8.1 GB  4.2 MB/s  31m33s[K[A[1Gpulling manifest [K
pulling 1b2b95e2f0eb:   1% ▕                  ▏ 106 MB/8.1 GB  4.2 MB/s  31m33s[K[A[1Gpulling manifest [K
pulling 1b2b95e2f0eb:   1% ▕                  ▏ 106 MB/8.1 GB  4.2 MB/s  31m33s[K[A[1Gpulling manifest [K
pulling 1b2b95e2f0eb:   1% ▕                  ▏ 106 MB/8.1 GB  4.2 MB/s  31m33s[K[A[1Gpulling manifest [K
pulling 1b2b95e2f0eb:   1% ▕                  ▏ 107 MB/8.1 GB  4.2 MB/s  31m33s[K[A[1Gpulling manifest [K
pulling 1b2b95e2f0eb:   1% ▕                  ▏ 107 MB/8.1 GB  4.1 MB/s  32m22s[K[A[1Gpulling manifest [K
pulling 1b2b95e2f0eb:   1% ▕                  ▏ 107 MB/8.1 GB  4.1 MB/s  32m22s[K[A[1Gpulling manifest [K
pulling 1b2b95e2f0eb:   1% ▕                  ▏ 108 MB/8.1 GB  4.1 MB/s  32m21s[K[A[1Gpulling manifest [K
pulling 1b2b95e2f0eb:   1% ▕                  ▏ 108 MB/8.1 GB  4.1 MB/s  32m21s[K[A[1Gpulling manifest [K
pulling 1b2b95e2f0eb:   1% ▕                  ▏ 108 MB/8.1 GB  4.1 MB/s  32m21s[K[A[1Gpulling manifest [K
pulling 1b2b95e2f0eb:   1% ▕                  ▏ 109 MB/8.1 GB  4.1 MB/s  32m21s[K[A[1Gpulling manifest [K
pulling 1b2b95e2f0eb:   1% ▕                  ▏ 109 MB/8.1 GB  4.1 MB/s  32m21s[K[A[1Gpulling manifest [K
pulling 1b2b95e2f0eb:   1% ▕                  ▏ 109 MB/8.1 GB  4.1 MB/s  32m21s[K[A[1Gpulling manifest [K
pulling 1b2b95e2f0eb:   1% ▕                  ▏ 110 MB/8.1 GB  4.1 MB/s  32m21s[K[A[1Gpulling manifest [K
pulling 1b2b95e2f0eb:   1% ▕                  ▏ 110 MB/8.1 GB  4.1 MB/s  32m21s[K[A[1Gpulling manifest [K
pulling 1b2b95e2f0eb:   1% ▕                  ▏ 111 MB/8.1 GB  4.1 MB/s  32m52s[K[A[1Gpulling manifest [K
pulling 1b2b95e2f0eb:   1% ▕                  ▏ 111 MB/8.1 GB  4.1 MB/s  32m52s[K[A[1Gpulling manifest [K
pulling 1b2b95e2f0eb:   1% ▕                  ▏ 112 MB/8.1 GB  4.1 MB/s  32m52s[K[A[1Gpulling manifest [K
pulling 1b2b95e2f0eb:   1% ▕                  ▏ 112 MB/8.1 GB  4.1 MB/s  32m52s[K[A[1Gpulling manifest [K
pulling 1b2b95e2f0eb:   1% ▕                  ▏ 112 MB/8.1 GB  4.1 MB/s  32m52s[K[A[1Gpulling manifest [K
pulling 1b2b95e2f0eb:   1% ▕                  ▏ 112 MB/8.1 GB  4.1 MB/s  32m52s[K[A[1Gpulling manifest [K
pulling 1b2b95e2f0eb:   1% ▕                  ▏ 113 MB/8.1 GB  4.1 MB/s  32m52s[K[A[1Gpulling manifest [K
pulling 1b2b95e2f0eb:   1% ▕                  ▏ 113 MB/8.1 GB  4.1 MB/s  32m51s[K[A[1Gpulling manifest [K
pulling 1b2b95e2f0eb:   1% ▕                  ▏ 114 MB/8.1 GB  4.1 MB/s  32m51s[K[A[1Gpulling manifest [K
pulling 1b2b95e2f0eb:   1% ▕                  ▏ 114 MB/8.1 GB  4.1 MB/s  32m51s[K[A[1Gpulling manifest [K
pulling 1b2b95e2f0eb:   1% ▕                  ▏ 114 MB/8.1 GB  4.0 MB/s  33m18s[K[A[1Gpulling manifest [K
pulling 1b2b95e2f0eb:   1% ▕                  ▏ 115 MB/8.1 GB  4.0 MB/s  33m18s[K[A[1Gpulling manifest [K
pulling 1b2b95e2f0eb:   1% ▕                  ▏ 115 MB/8.1 GB  4.0 MB/s  33m18s[K[A[1Gpulling manifest [K
pulling 1b2b95e2f0eb:   1% ▕                  ▏ 116 MB/8.1 GB  4.0 MB/s  33m18s[K[A[1Gpulling manifest [K
pulling 1b2b95e2f0eb:   1% ▕                  ▏ 116 MB/8.1 GB  4.0 MB/s  33m18s[K[A[1Gpulling manifest [K
pulling 1b2b95e2f0eb:   1% ▕                  ▏ 116 MB/8.1 GB  4.0 MB/s  33m18s[K[A[1Gpulling manifest [K
pulling 1b2b95e2f0eb:   1% ▕                  ▏ 117 MB/8.1 GB  4.0 MB/s  33m18s[K[A[1Gpulling manifest [K
pulling 1b2b95e2f0eb:   1% ▕                  ▏ 118 MB/8.1 GB  4.0 MB/s  33m17s[K[A[1Gpulling manifest [K
pulling 1b2b95e2f0eb:   1% ▕                  ▏ 118 MB/8.1 GB  4.0 MB/s  33m17s[K[A[1Gpulling manifest [K
pulling 1b2b95e2f0eb:   1% ▕                  ▏ 119 MB/8.1 GB  4.0 MB/s  33m17s[K[A[1Gpulling manifest [K
pulling 1b2b95e2f0eb:   1% ▕                  ▏ 119 MB/8.1 GB  4.1 MB/s  32m41s[K[A[1Gpulling manifest [K
pulling 1b2b95e2f0eb:   1% ▕                  ▏ 119 MB/8.1 GB  4.1 MB/s  32m41s[K[A[1Gpulling manifest [K
pulling 1b2b95e2f0eb:   1% ▕                  ▏ 120 MB/8.1 GB  4.1 MB/s  32m41s[K[A[1Gpulling manifest [K
pulling 1b2b95e2f0eb:   1% ▕                  ▏ 120 MB/8.1 GB  4.1 MB/s  32m41s[K[A[1Gpulling manifest [K
pulling 1b2b95e2f0eb:   1% ▕                  ▏ 120 MB/8.1 GB  4.1 MB/s  32m41s[K[A[1Gpulling manifest [K
pulling 1b2b95e2f0eb:   1% ▕                  ▏ 121 MB/8.1 GB  4.1 MB/s  32m41s[K[A[1Gpulling manifest [K
pulling 1b2b95e2f0eb:   2% ▕                  ▏ 121 MB/8.1 GB  4.1 MB/s  32m41s[K[A[1Gpulling manifest [K
pulling 1b2b95e2f0eb:   2% ▕                  ▏ 122 MB/8.1 GB  4.1 MB/s  32m41s[K[A[1Gpulling manifest [K
pulling 1b2b95e2f0eb:   2% ▕                  ▏ 122 MB/8.1 GB  4.1 MB/s  32m41s[K[A[1Gpulling manifest [K
pulling 1b2b95e2f0eb:   2% ▕                  ▏ 123 MB/8.1 GB  4.1 MB/s  32m41s[K[A[1Gpulling manifest [K
pulling 1b2b95e2f0eb:   2% ▕                  ▏ 123 MB/8.1 GB  4.1 MB/s  32m41s[K[A[1Gpulling manifest [K
pulling 1b2b95e2f0eb:   2% ▕                  ▏ 123 MB/8.1 GB  4.0 MB/s   33m7s[K[A[1Gpulling manifest [K
pulling 1b2b95e2f0eb:   2% ▕                  ▏ 124 MB/8.1 GB  4.0 MB/s   33m7s[K[A[1Gpulling manifest [K
pulling 1b2b95e2f0eb:   2% ▕                  ▏ 124 MB/8.1 GB  4.0 MB/s   33m7s[K[A[1Gpulling manifest [K
pulling 1b2b95e2f0eb:   2% ▕                  ▏ 124 MB/8.1 GB  4.0 MB/s   33m6s[K[A[1Gpulling manifest [K
pulling 1b2b95e2f0eb:   2% ▕                  ▏ 125 MB/8.1 GB  4.0 MB/s   33m6s[K[A[1Gpulling manifest [K
pulling 1b2b95e2f0eb:   2% ▕                  ▏ 125 MB/8.1 GB  4.0 MB/s   33m6s[K[A[1Gpulling manifest [K
pulling 1b2b95e2f0eb:   2% ▕                  ▏ 126 MB/8.1 GB  4.0 MB/s   33m6s[K[A[1Gpulling manifest [K
pulling 1b2b95e2f0eb:   2% ▕                  ▏ 126 MB/8.1 GB  4.0 MB/s   33m6s[K[A[1Gpulling manifest [K
pulling 1b2b95e2f0eb:   2% ▕                  ▏ 126 MB/8.1 GB  4.0 MB/s   33m6s[K[A[1Gpulling manifest [K
pulling 1b2b95e2f0eb:   2% ▕                  ▏ 127 MB/8.1 GB  4.0 MB/s   33m6s[K[A[1Gpulling manifest [K
pulling 1b2b95e2f0eb:   2% ▕                  ▏ 127 MB/8.1 GB  4.0 MB/s  33m19s[K[A[1Gpulling manifest [K
pulling 1b2b95e2f0eb:   2% ▕                  ▏ 127 MB/8.1 GB  4.0 MB/s  33m19s[K[A[1Gpulling manifest [K
pulling 1b2b95e2f0eb:   2% ▕                  ▏ 128 MB/8.1 GB  4.0 MB/s  33m19s[K[A[1Gpulling manifest [K
pulling 1b2b95e2f0eb:   2% ▕                  ▏ 128 MB/8.1 GB  4.0 MB/s  33m19s[K[A[1Gpulling manifest [K
pulling 1b2b95e2f0eb:   2% ▕                  ▏ 128 MB/8.1 GB  4.0 MB/s  33m19s[K[A[1Gpulling manifest [K
pulling 1b2b95e2f0eb:   2% ▕                  ▏ 129 MB/8.1 GB  4.0 MB/s  33m19s[K[A[1Gpulling manifest [K
pulling 1b2b95e2f0eb:   2% ▕                  ▏ 129 MB/8.1 GB  4.0 MB/s  33m19s[K[A[1Gpulling manifest [K
pulling 1b2b95e2f0eb:   2% ▕                  ▏ 129 MB/8.1 GB  4.0 MB/s  33m19s[K[A[1Gpulling manifest [K
pulling 1b2b95e2f0eb:   2% ▕                  ▏ 130 MB/8.1 GB  4.0 MB/s  33m18s[K[A[1Gpulling manifest [K
pulling 1b2b95e2f0eb:   2% ▕                  ▏ 130 MB/8.1 GB  4.0 MB/s  33m18s[K[A[1Gpulling manifest [K
pulling 1b2b95e2f0eb:   2% ▕                  ▏ 131 MB/8.1 GB  4.0 MB/s  33m36s[K[A[1Gpulling manifest [K
pulling 1b2b95e2f0eb:   2% ▕                  ▏ 131 MB/8.1 GB  4.0 MB/s  33m36s[K[A[1Gpulling manifest [K
pulling 1b2b95e2f0eb:   2% ▕                  ▏ 132 MB/8.1 GB  4.0 MB/s  33m35s[K[A[1Gpulling manifest [K
pulling 1b2b95e2f0eb:   2% ▕                  ▏ 132 MB/8.1 GB  4.0 MB/s  33m35s[K[A[1Gpulling manifest [K
pulling 1b2b95e2f0eb:   2% ▕                  ▏ 133 MB/8.1 GB  4.0 MB/s  33m35s[K[A[1Gpulling manifest [K
pulling 1b2b95e2f0eb:   2% ▕                  ▏ 133 MB/8.1 GB  4.0 MB/s  33m35s[K[A[1Gpulling manifest [K
pulling 1b2b95e2f0eb:   2% ▕                  ▏ 133 MB/8.1 GB  4.0 MB/s  33m35s[K[A[1Gpulling manifest [K
pulling 1b2b95e2f0eb:   2% ▕                  ▏ 134 MB/8.1 GB  4.0 MB/s  33m35s[K[A[1Gpulling manifest [K
pulling 1b2b95e2f0eb:   2% ▕                  ▏ 134 MB/8.1 GB  4.0 MB/s  33m35s[K[A[1Gpulling manifest [K
pulling 1b2b95e2f0eb:   2% ▕                  ▏ 134 MB/8.1 GB  4.0 MB/s  33m35s[K[A[1Gpulling manifest [K
pulling 1b2b95e2f0eb:   2% ▕                  ▏ 135 MB/8.1 GB  4.0 MB/s  33m19s[K[A[1Gpulling manifest [K
pulling 1b2b95e2f0eb:   2% ▕                  ▏ 135 MB/8.1 GB  4.0 MB/s  33m18s[K[A[1Gpulling manifest [K
pulling 1b2b95e2f0eb:   2% ▕                  ▏ 135 MB/8.1 GB  4.0 MB/s  33m18s[K[A[1Gpulling manifest [K
pulling 1b2b95e2f0eb:   2% ▕                  ▏ 136 MB/8.1 GB  4.0 MB/s  33m18s[K[A[1Gpulling manifest [K
pulling 1b2b95e2f0eb:   2% ▕                  ▏ 136 MB/8.1 GB  4.0 MB/s  33m18s[K[A[1Gpulling manifest [K
pulling 1b2b95e2f0eb:   2% ▕                  ▏ 136 MB/8.1 GB  4.0 MB/s  33m18s[K[A[1Gpulling manifest [K
pulling 1b2b95e2f0eb:   2% ▕                  ▏ 137 MB/8.1 GB  4.0 MB/s  33m18s[K[A[1Gpulling manifest [K
pulling 1b2b95e2f0eb:   2% ▕                  ▏ 137 MB/8.1 GB  4.0 MB/s  33m18s[K[A[1Gpulling manifest [K
pulling 1b2b95e2f0eb:   2% ▕                  ▏ 137 MB/8.1 GB  4.0 MB/s  33m18s[K[A[1Gpulling manifest [K
pulling 1b2b95e2f0eb:   2% ▕                  ▏ 138 MB/8.1 GB  4.0 MB/s  33m18s[K[A[1Gpulling manifest [K
pulling 1b2b95e2f0eb:   2% ▕                  ▏ 138 MB/8.1 GB  3.9 MB/s  34m12s[K[A[1Gpulling manifest [K
pulling 1b2b95e2f0eb:   2% ▕                  ▏ 138 MB/8.1 GB  3.9 MB/s  34m12s[K[A[1Gpulling manifest [K
pulling 1b2b95e2f0eb:   2% ▕                  ▏ 139 MB/8.1 GB  3.9 MB/s  34m12s[K[A[1Gpulling manifest [K
pulling 1b2b95e2f0eb:   2% ▕                  ▏ 139 MB/8.1 GB  3.9 MB/s  34m12s[K[A[1Gpulling manifest [K
pulling 1b2b95e2f0eb:   2% ▕                  ▏ 139 MB/8.1 GB  3.9 MB/s  34m12s[K[A[1Gpulling manifest [K
pulling 1b2b95e2f0eb:   2% ▕                  ▏ 140 MB/8.1 GB  3.9 MB/s  34m12s[K[A[1Gpulling manifest [K
pulling 1b2b95e2f0eb:   2% ▕                  ▏ 140 MB/8.1 GB  3.9 MB/s  34m12s[K[A[1Gpulling manifest [K
pulling 1b2b95e2f0eb:   2% ▕                  ▏ 140 MB/8.1 GB  3.9 MB/s  34m12s[K[A[1Gpulling manifest [K
pulling 1b2b95e2f0eb:   2% ▕                  ▏ 141 MB/8.1 GB  3.9 MB/s  34m12s[K[A[1Gpulling manifest [K
pulling 1b2b95e2f0eb:   2% ▕                  ▏ 142 MB/8.1 GB  3.9 MB/s  34m12s[K[A[1Gpulling manifest [K
pulling 1b2b95e2f0eb:   2% ▕                  ▏ 142 MB/8.1 GB  3.9 MB/s  34m12s[K[A[1Gpulling manifest [K
pulling 1b2b95e2f0eb:   2% ▕                  ▏ 142 MB/8.1 GB  3.9 MB/s   34m1s[K[A[1Gpulling manifest [K
pulling 1b2b95e2f0eb:   2% ▕                  ▏ 143 MB/8.1 GB  3.9 MB/s   34m0s[K[A[1Gpulling manifest [K
pulling 1b2b95e2f0eb:   2% ▕                  ▏ 143 MB/8.1 GB  3.9 MB/s   34m0s[K[A[1Gpulling manifest [K
pulling 1b2b95e2f0eb:   2% ▕                  ▏ 143 MB/8.1 GB  3.9 MB/s   34m0s[K[A[1Gpulling manifest [K
pulling 1b2b95e2f0eb:   2% ▕                  ▏ 144 MB/8.1 GB  3.9 MB/s   34m0s[K[A[1Gpulling manifest [K
pulling 1b2b95e2f0eb:   2% ▕                  ▏ 144 MB/8.1 GB  3.9 MB/s   34m0s[K[A[1Gpulling manifest [K
pulling 1b2b95e2f0eb:   2% ▕                  ▏ 145 MB/8.1 GB  3.9 MB/s   34m0s[K[A[1Gpulling manifest [K
pulling 1b2b95e2f0eb:   2% ▕                  ▏ 145 MB/8.1 GB  3.9 MB/s   34m0s[K[A[1Gpulling manifest [K
pulling 1b2b95e2f0eb:   2% ▕                  ▏ 145 MB/8.1 GB  3.9 MB/s   34m0s[K[A[1Gpulling manifest [K
pulling 1b2b95e2f0eb:   2% ▕                  ▏ 146 MB/8.1 GB  3.9 MB/s   34m0s[K[A[1Gpulling manifest [K
pulling 1b2b95e2f0eb:   2% ▕                  ▏ 146 MB/8.1 GB  3.9 MB/s  33m56s[K[A[1Gpulling manifest [K
pulling 1b2b95e2f0eb:   2% ▕                  ▏ 146 MB/8.1 GB  3.9 MB/s  33m55s[K[A[1Gpulling manifest [K
pulling 1b2b95e2f0eb:   2% ▕                  ▏ 147 MB/8.1 GB  3.9 MB/s  33m55s[K[A[1Gpulling manifest [K
pulling 1b2b95e2f0eb:   2% ▕                  ▏ 147 MB/8.1 GB  3.9 MB/s  33m55s[K[A[1Gpulling manifest [K
pulling 1b2b95e2f0eb:   2% ▕                  ▏ 147 MB/8.1 GB  3.9 MB/s  33m55s[K[A[1Gpulling manifest [K
pulling 1b2b95e2f0eb:   2% ▕                  ▏ 148 MB/8.1 GB  3.9 MB/s  33m55s[K[A[1Gpulling manifest [K
pulling 1b2b95e2f0eb:   2% ▕                  ▏ 148 MB/8.1 GB  3.9 MB/s  33m55s[K[A[1Gpulling manifest [K
pulling 1b2b95e2f0eb:   2% ▕                  ▏ 148 MB/8.1 GB  3.9 MB/s  33m55s[K[A[1Gpulling manifest [K
pulling 1b2b95e2f0eb:   2% ▕                  ▏ 149 MB/8.1 GB  3.9 MB/s  33m55s[K[A[1Gpulling manifest [K
pulling 1b2b95e2f0eb:   2% ▕                  ▏ 149 MB/8.1 GB  3.9 MB/s  33m55s[K[A[1Gpulling manifest [K
pulling 1b2b95e2f0eb:   2% ▕                  ▏ 149 MB/8.1 GB  3.9 MB/s   34m7s[K[A[1Gpulling manifest [K
pulling 1b2b95e2f0eb:   2% ▕                  ▏ 150 MB/8.1 GB  3.9 MB/s   34m7s[K[A[1Gpulling manifest [K
pulling 1b2b95e2f0eb:   2% ▕                  ▏ 150 MB/8.1 GB  3.9 MB/s   34m7s[K[A[1Gpulling manifest [K
pulling 1b2b95e2f0eb:   2% ▕                  ▏ 151 MB/8.1 GB  3.9 MB/s   34m7s[K[A[1Gpulling manifest [K
pulling 1b2b95e2f0eb:   2% ▕                  ▏ 151 MB/8.1 GB  3.9 MB/s   34m7s[K[A[1Gpulling manifest [K
pulling 1b2b95e2f0eb:   2% ▕                  ▏ 151 MB/8.1 GB  3.9 MB/s   34m7s[K[A[1Gpulling manifest [K
pulling 1b2b95e2f0eb:   2% ▕                  ▏ 152 MB/8.1 GB  3.9 MB/s   34m7s[K[A[1Gpulling manifest [K
pulling 1b2b95e2f0eb:   2% ▕                  ▏ 152 MB/8.1 GB  3.9 MB/s   34m7s[K[A[1Gpulling manifest [K
pulling 1b2b95e2f0eb:   2% ▕                  ▏ 153 MB/8.1 GB  3.9 MB/s   34m6s[K[A[1Gpulling manifest [K
pulling 1b2b95e2f0eb:   2% ▕                  ▏ 153 MB/8.1 GB  3.9 MB/s   34m6s[K[A[1Gpulling manifest [K
pulling 1b2b95e2f0eb:   2% ▕                  ▏ 153 MB/8.1 GB  3.8 MB/s  34m51s[K[A[1Gpulling manifest [K
pulling 1b2b95e2f0eb:   2% ▕                  ▏ 154 MB/8.1 GB  3.8 MB/s  34m51s[K[A[1Gpulling manifest [K
pulling 1b2b95e2f0eb:   2% ▕                  ▏ 154 MB/8.1 GB  3.8 MB/s  34m51s[K[A[1Gpulling manifest [K
pulling 1b2b95e2f0eb:   2% ▕                  ▏ 154 MB/8.1 GB  3.8 MB/s  34m50s[K[A[1Gpulling manifest [K
pulling 1b2b95e2f0eb:   2% ▕                  ▏ 155 MB/8.1 GB  3.8 MB/s  34m50s[K[A[1Gpulling manifest [K
pulling 1b2b95e2f0eb:   2% ▕                  ▏ 155 MB/8.1 GB  3.8 MB/s  34m50s[K[A[1Gpulling manifest [K
pulling 1b2b95e2f0eb:   2% ▕                  ▏ 156 MB/8.1 GB  3.8 MB/s  34m50s[K[A[1Gpulling manifest [K
pulling 1b2b95e2f0eb:   2% ▕                  ▏ 156 MB/8.1 GB  3.8 MB/s  34m50s[K[A[1Gpulling manifest [K
pulling 1b2b95e2f0eb:   2% ▕                  ▏ 156 MB/8.1 GB  3.8 MB/s  34m50s[K[A[1Gpulling manifest [K
pulling 1b2b95e2f0eb:   2% ▕                  ▏ 157 MB/8.1 GB  3.8 MB/s  34m50s[K[A[1Gpulling manifest [K
pulling 1b2b95e2f0eb:   2% ▕                  ▏ 157 MB/8.1 GB  3.8 MB/s  34m53s[K[A[1Gpulling manifest [K
pulling 1b2b95e2f0eb:   2% ▕                  ▏ 158 MB/8.1 GB  3.8 MB/s  34m53s[K[A[1Gpulling manifest [K
pulling 1b2b95e2f0eb:   2% ▕                  ▏ 158 MB/8.1 GB  3.8 MB/s  34m53s[K[A[1Gpulling manifest [K
pulling 1b2b95e2f0eb:   2% ▕                  ▏ 159 MB/8.1 GB  3.8 MB/s  34m53s[K[A[1Gpulling manifest [K
pulling 1b2b95e2f0eb:   2% ▕                  ▏ 159 MB/8.1 GB  3.8 MB/s  34m53s[K[A[1Gpulling manifest [K
pulling 1b2b95e2f0eb:   2% ▕                  ▏ 159 MB/8.1 GB  3.8 MB/s  34m53s[K[A[1Gpulling manifest [K
pulling 1b2b95e2f0eb:   2% ▕                  ▏ 160 MB/8.1 GB  3.8 MB/s  34m53s[K[A[1Gpulling manifest [K
pulling 1b2b95e2f0eb:   2% ▕                  ▏ 160 MB/8.1 GB  3.8 MB/s  34m53s[K[A[1Gpulling manifest [K
pulling 1b2b95e2f0eb:   2% ▕                  ▏ 161 MB/8.1 GB  3.8 MB/s  34m52s[K[A[1Gpulling manifest [K
pulling 1b2b95e2f0eb:   2% ▕                  ▏ 161 MB/8.1 GB  3.8 MB/s  34m52s[K[A[1Gpulling manifest [K
pulling 1b2b95e2f0eb:   2% ▕                  ▏ 161 MB/8.1 GB  3.8 MB/s  34m52s[K[A[1Gpulling manifest [K
pulling 1b2b95e2f0eb:   2% ▕                  ▏ 162 MB/8.1 GB  3.8 MB/s  34m27s[K[A[1Gpulling manifest [K
pulling 1b2b95e2f0eb:   2% ▕                  ▏ 162 MB/8.1 GB  3.8 MB/s  34m27s[K[A[1Gpulling manifest [K
pulling 1b2b95e2f0eb:   2% ▕                  ▏ 163 MB/8.1 GB  3.8 MB/s  34m27s[K[A[1Gpulling manifest [K
pulling 1b2b95e2f0eb:   2% ▕                  ▏ 163 MB/8.1 GB  3.8 MB/s  34m27s[K[A[1Gpulling manifest [K
pulling 1b2b95e2f0eb:   2% ▕                  ▏ 164 MB/8.1 GB  3.8 MB/s  34m27s[K[A[1Gpulling manifest [K
pulling 1b2b95e2f0eb:   2% ▕                  ▏ 164 MB/8.1 GB  3.8 MB/s  34m27s[K[A[1Gpulling manifest [K
pulling 1b2b95e2f0eb:   2% ▕                  ▏ 164 MB/8.1 GB  3.8 MB/s  34m27s[K[A[1Gpulling manifest [K
pulling 1b2b95e2f0eb:   2% ▕                  ▏ 165 MB/8.1 GB  3.8 MB/s  34m27s[K[A[1Gpulling manifest [K
pulling 1b2b95e2f0eb:   2% ▕                  ▏ 165 MB/8.1 GB  3.8 MB/s  34m26s[K[A[1Gpulling manifest [K
pulling 1b2b95e2f0eb:   2% ▕                  ▏ 166 MB/8.1 GB  3.8 MB/s  34m26s[K[A[1Gpulling manifest [K
pulling 1b2b95e2f0eb:   2% ▕                  ▏ 166 MB/8.1 GB  3.9 MB/s  33m55s[K[A[1Gpulling manifest [K
pulling 1b2b95e2f0eb:   2% ▕                  ▏ 166 MB/8.1 GB  3.9 MB/s  33m55s[K[A[1Gpulling manifest [K
pulling 1b2b95e2f0eb:   2% ▕                  ▏ 167 MB/8.1 GB  3.9 MB/s  33m55s[K[A[1Gpulling manifest [K
pulling 1b2b95e2f0eb:   2% ▕                  ▏ 168 MB/8.1 GB  3.9 MB/s  33m55s[K[A[1Gpulling manifest [K
pulling 1b2b95e2f0eb:   2% ▕                  ▏ 168 MB/8.1 GB  3.9 MB/s  33m55s[K[A[1Gpulling manifest [K
pulling 1b2b95e2f0eb:   2% ▕                  ▏ 168 MB/8.1 GB  3.9 MB/s  33m55s[K[A[1Gpulling manifest [K
pulling 1b2b95e2f0eb:   2% ▕                  ▏ 169 MB/8.1 GB  3.9 MB/s  33m55s[K[A[1Gpulling manifest [K
pulling 1b2b95e2f0eb:   2% ▕                  ▏ 169 MB/8.1 GB  3.9 MB/s  33m55s[K[A[1Gpulling manifest [K
pulling 1b2b95e2f0eb:   2% ▕                  ▏ 170 MB/8.1 GB  3.9 MB/s  33m54s[K[A[1Gpulling manifest [K
pulling 1b2b95e2f0eb:   2% ▕                  ▏ 170 MB/8.1 GB  3.9 MB/s  33m54s[K[A[1Gpulling manifest [K
pulling 1b2b95e2f0eb:   2% ▕                  ▏ 170 MB/8.1 GB  4.0 MB/s  33m26s[K[A[1Gpulling manifest [K
pulling 1b2b95e2f0eb:   2% ▕                  ▏ 171 MB/8.1 GB  4.0 MB/s  33m26s[K[A[1Gpulling manifest [K
pulling 1b2b95e2f0eb:   2% ▕                  ▏ 171 MB/8.1 GB  4.0 MB/s  33m26s[K[A[1Gpulling manifest [K
pulling 1b2b95e2f0eb:   2% ▕                  ▏ 172 MB/8.1 GB  4.0 MB/s  33m26s[K[A[1Gpulling manifest [K
pulling 1b2b95e2f0eb:   2% ▕                  ▏ 172 MB/8.1 GB  4.0 MB/s  33m26s[K[A[1Gpulling manifest [K
pulling 1b2b95e2f0eb:   2% ▕                  ▏ 173 MB/8.1 GB  4.0 MB/s  33m26s[K[A[1Gpulling manifest [K
pulling 1b2b95e2f0eb:   2% ▕                  ▏ 173 MB/8.1 GB  4.0 MB/s  33m26s[K[A[1Gpulling manifest [K
pulling 1b2b95e2f0eb:   2% ▕                  ▏ 173 MB/8.1 GB  4.0 MB/s  33m26s[K[A[1Gpulling manifest [K
pulling 1b2b95e2f0eb:   2% ▕                  ▏ 174 MB/8.1 GB  4.0 MB/s  33m26s[K[A[1Gpulling manifest [K
pulling 1b2b95e2f0eb:   2% ▕                  ▏ 174 MB/8.1 GB  4.0 MB/s  33m26s[K[A[1Gpulling manifest [K
pulling 1b2b95e2f0eb:   2% ▕                  ▏ 175 MB/8.1 GB  4.1 MB/s  32m28s[K[A[1Gpulling manifest [K
pulling 1b2b95e2f0eb:   2% ▕                  ▏ 175 MB/8.1 GB  4.1 MB/s  32m28s[K[A[1Gpulling manifest [K
pulling 1b2b95e2f0eb:   2% ▕                  ▏ 175 MB/8.1 GB  4.1 MB/s  32m28s[K[A[1Gpulling manifest [K
pulling 1b2b95e2f0eb:   2% ▕                  ▏ 176 MB/8.1 GB  4.1 MB/s  32m28s[K[A[1Gpulling manifest [K
pulling 1b2b95e2f0eb:   2% ▕                  ▏ 176 MB/8.1 GB  4.1 MB/s  32m28s[K[A[1Gpulling manifest [K
pulling 1b2b95e2f0eb:   2% ▕                  ▏ 177 MB/8.1 GB  4.1 MB/s  32m27s[K[A[1Gpulling manifest [K
pulling 1b2b95e2f0eb:   2% ▕                  ▏ 177 MB/8.1 GB  4.1 MB/s  32m27s[K[A[1Gpulling manifest [K
pulling 1b2b95e2f0eb:   2% ▕                  ▏ 178 MB/8.1 GB  4.1 MB/s  32m27s[K[A[1Gpulling manifest [K
pulling 1b2b95e2f0eb:   2% ▕                  ▏ 178 MB/8.1 GB  4.1 MB/s  32m27s[K[A[1Gpulling manifest [K
pulling 1b2b95e2f0eb:   2% ▕                  ▏ 178 MB/8.1 GB  4.1 MB/s  32m27s[K[A[1Gpulling manifest [K
pulling 1b2b95e2f0eb:   2% ▕                  ▏ 179 MB/8.1 GB  4.1 MB/s   32m3s[K[A[1Gpulling manifest [K
pulling 1b2b95e2f0eb:   2% ▕                  ▏ 179 MB/8.1 GB  4.1 MB/s   32m3s[K[A[1Gpulling manifest [K
pulling 1b2b95e2f0eb:   2% ▕                  ▏ 180 MB/8.1 GB  4.1 MB/s   32m3s[K[A[1Gpulling manifest [K
pulling 1b2b95e2f0eb:   2% ▕                  ▏ 180 MB/8.1 GB  4.1 MB/s   32m3s[K[A[1Gpulling manifest [K
pulling 1b2b95e2f0eb:   2% ▕                  ▏ 181 MB/8.1 GB  4.1 MB/s   32m3s[K[A[1Gpulling manifest [K
pulling 1b2b95e2f0eb:   2% ▕                  ▏ 181 MB/8.1 GB  4.1 MB/s   32m2s[K[A[1Gpulling manifest [K
pulling 1b2b95e2f0eb:   2% ▕                  ▏ 181 MB/8.1 GB  4.1 MB/s   32m2s[K[A[1Gpulling manifest [K
pulling 1b2b95e2f0eb:   2% ▕                  ▏ 182 MB/8.1 GB  4.1 MB/s   32m2s[K[A[1Gpulling manifest [K
pulling 1b2b95e2f0eb:   2% ▕                  ▏ 182 MB/8.1 GB  4.1 MB/s   32m2s[K[A[1Gpulling manifest [K
pulling 1b2b95e2f0eb:   2% ▕                  ▏ 183 MB/8.1 GB  4.1 MB/s   32m2s[K[A[1Gpulling manifest [K
pulling 1b2b95e2f0eb:   2% ▕                  ▏ 183 MB/8.1 GB  4.1 MB/s   32m2s[K[A[1Gpulling manifest [K
pulling 1b2b95e2f0eb:   2% ▕                  ▏ 184 MB/8.1 GB  4.2 MB/s  31m38s[K[A[1Gpulling manifest [K
pulling 1b2b95e2f0eb:   2% ▕                  ▏ 184 MB/8.1 GB  4.2 MB/s  31m38s[K[A[1Gpulling manifest [K
pulling 1b2b95e2f0eb:   2% ▕                  ▏ 184 MB/8.1 GB  4.2 MB/s  31m38s[K[A[1Gpulling manifest [K
pulling 1b2b95e2f0eb:   2% ▕                  ▏ 185 MB/8.1 GB  4.2 MB/s  31m38s[K[A[1Gpulling manifest [K
pulling 1b2b95e2f0eb:   2% ▕                  ▏ 186 MB/8.1 GB  4.2 MB/s  31m37s[K[A[1Gpulling manifest [K
pulling 1b2b95e2f0eb:   2% ▕                  ▏ 186 MB/8.1 GB  4.2 MB/s  31m37s[K[A[1Gpulling manifest [K
pulling 1b2b95e2f0eb:   2% ▕                  ▏ 186 MB/8.1 GB  4.2 MB/s  31m37s[K[A[1Gpulling manifest [K
pulling 1b2b95e2f0eb:   2% ▕                  ▏ 187 MB/8.1 GB  4.2 MB/s  31m37s[K[A[1Gpulling manifest [K
pulling 1b2b95e2f0eb:   2% ▕                  ▏ 187 MB/8.1 GB  4.2 MB/s  31m37s[K[A[1Gpulling manifest [K
pulling 1b2b95e2f0eb:   2% ▕                  ▏ 188 MB/8.1 GB  4.2 MB/s  31m37s[K[A[1Gpulling manifest [K
pulling 1b2b95e2f0eb:   2% ▕                  ▏ 188 MB/8.1 GB  4.3 MB/s   31m1s[K[A[1Gpulling manifest [K
pulling 1b2b95e2f0eb:   2% ▕                  ▏ 188 MB/8.1 GB  4.3 MB/s   31m1s[K[A[1Gpulling manifest [K
pulling 1b2b95e2f0eb:   2% ▕                  ▏ 189 MB/8.1 GB  4.3 MB/s   31m0s[K[A[1Gpulling manifest [K
pulling 1b2b95e2f0eb:   2% ▕                  ▏ 189 MB/8.1 GB  4.3 MB/s   31m0s[K[A[1Gpulling manifest [K
pulling 1b2b95e2f0eb:   2% ▕                  ▏ 189 MB/8.1 GB  4.3 MB/s   31m0s[K[A[1Gpulling manifest [K
pulling 1b2b95e2f0eb:   2% ▕                  ▏ 190 MB/8.1 GB  4.3 MB/s   31m0s[K[A[1Gpulling manifest [K
pulling 1b2b95e2f0eb:   2% ▕                  ▏ 190 MB/8.1 GB  4.3 MB/s   31m0s[K[A[1Gpulling manifest [K
pulling 1b2b95e2f0eb:   2% ▕                  ▏ 191 MB/8.1 GB  4.3 MB/s   31m0s[K[A[1Gpulling manifest [K
pulling 1b2b95e2f0eb:   2% ▕                  ▏ 191 MB/8.1 GB  4.3 MB/s   31m0s[K[A[1Gpulling manifest [K
pulling 1b2b95e2f0eb:   2% ▕                  ▏ 191 MB/8.1 GB  4.3 MB/s   31m0s[K[A[1Gpulling manifest [K
pulling 1b2b95e2f0eb:   2% ▕                  ▏ 192 MB/8.1 GB  4.3 MB/s   31m1s[K[A[1Gpulling manifest [K
pulling 1b2b95e2f0eb:   2% ▕                  ▏ 192 MB/8.1 GB  4.3 MB/s   31m1s[K[A[1Gpulling manifest [K
pulling 1b2b95e2f0eb:   2% ▕                  ▏ 193 MB/8.1 GB  4.3 MB/s   31m1s[K[A[1Gpulling manifest [K
pulling 1b2b95e2f0eb:   2% ▕                  ▏ 193 MB/8.1 GB  4.3 MB/s   31m1s[K[A[1Gpulling manifest [K
pulling 1b2b95e2f0eb:   2% ▕                  ▏ 193 MB/8.1 GB  4.3 MB/s   31m1s[K[A[1Gpulling manifest [K
pulling 1b2b95e2f0eb:   2% ▕                  ▏ 194 MB/8.1 GB  4.3 MB/s   31m0s[K[A[1Gpulling manifest [K
pulling 1b2b95e2f0eb:   2% ▕                  ▏ 194 MB/8.1 GB  4.3 MB/s   31m0s[K[A[1Gpulling manifest [K
pulling 1b2b95e2f0eb:   2% ▕                  ▏ 194 MB/8.1 GB  4.3 MB/s   31m0s[K[A[1Gpulling manifest [K
pulling 1b2b95e2f0eb:   2% ▕                  ▏ 195 MB/8.1 GB  4.3 MB/s   31m0s[K[A[1Gpulling manifest [K
pulling 1b2b95e2f0eb:   2% ▕                  ▏ 195 MB/8.1 GB  4.3 MB/s   31m0s[K[A[1Gpulling manifest [K
pulling 1b2b95e2f0eb:   2% ▕                  ▏ 196 MB/8.1 GB  4.3 MB/s  30m49s[K[A[1Gpulling manifest [K
pulling 1b2b95e2f0eb:   2% ▕                  ▏ 196 MB/8.1 GB  4.3 MB/s  30m48s[K[A[1Gpulling manifest [K
pulling 1b2b95e2f0eb:   2% ▕                  ▏ 197 MB/8.1 GB  4.3 MB/s  30m48s[K[A[1Gpulling manifest [K
pulling 1b2b95e2f0eb:   2% ▕                  ▏ 197 MB/8.1 GB  4.3 MB/s  30m48s[K[A[1Gpulling manifest [K
pulling 1b2b95e2f0eb:   2% ▕                  ▏ 197 MB/8.1 GB  4.3 MB/s  30m48s[K[A[1Gpulling manifest [K
pulling 1b2b95e2f0eb:   2% ▕                  ▏ 198 MB/8.1 GB  4.3 MB/s  30m48s[K[A[1Gpulling manifest [K
pulling 1b2b95e2f0eb:   2% ▕                  ▏ 198 MB/8.1 GB  4.3 MB/s  30m48s[K[A[1Gpulling manifest [K
pulling 1b2b95e2f0eb:   2% ▕                  ▏ 199 MB/8.1 GB  4.3 MB/s  30m48s[K[A[1Gpulling manifest [K
pulling 1b2b95e2f0eb:   2% ▕                  ▏ 199 MB/8.1 GB  4.3 MB/s  30m48s[K[A[1Gpulling manifest [K
pulling 1b2b95e2f0eb:   2% ▕                  ▏ 199 MB/8.1 GB  4.3 MB/s  30m48s[K[A[1Gpulling manifest [K
pulling 1b2b95e2f0eb:   2% ▕                  ▏ 200 MB/8.1 GB  4.3 MB/s  30m55s[K[A[1Gpulling manifest [K
pulling 1b2b95e2f0eb:   2% ▕                  ▏ 200 MB/8.1 GB  4.3 MB/s  30m55s[K[A[1Gpulling manifest [K
pulling 1b2b95e2f0eb:   2% ▕                  ▏ 201 MB/8.1 GB  4.3 MB/s  30m55s[K[A[1Gpulling manifest [K
pulling 1b2b95e2f0eb:   2% ▕                  ▏ 201 MB/8.1 GB  4.3 MB/s  30m55s[K[A[1Gpulling manifest [K
pulling 1b2b95e2f0eb:   2% ▕                  ▏ 201 MB/8.1 GB  4.3 MB/s  30m55s[K[A[1Gpulling manifest [K
pulling 1b2b95e2f0eb:   2% ▕                  ▏ 202 MB/8.1 GB  4.3 MB/s  30m55s[K[A[1Gpulling manifest [K
pulling 1b2b95e2f0eb:   2% ▕                  ▏ 202 MB/8.1 GB  4.3 MB/s  30m55s[K[A[1Gpulling manifest [K
pulling 1b2b95e2f0eb:   3% ▕                  ▏ 202 MB/8.1 GB  4.3 MB/s  30m55s[K[A[1Gpulling manifest [K
pulling 1b2b95e2f0eb:   3% ▕                  ▏ 203 MB/8.1 GB  4.3 MB/s  30m55s[K[A[1Gpulling manifest [K
pulling 1b2b95e2f0eb:   3% ▕                  ▏ 203 MB/8.1 GB  4.3 MB/s  30m55s[K[A[1Gpulling manifest [K
pulling 1b2b95e2f0eb:   3% ▕                  ▏ 204 MB/8.1 GB  4.3 MB/s  30m55s[K[A[1Gpulling manifest [K
pulling 1b2b95e2f0eb:   3% ▕                  ▏ 204 MB/8.1 GB  4.2 MB/s   31m8s[K[A[1Gpulling manifest [K
pulling 1b2b95e2f0eb:   3% ▕                  ▏ 205 MB/8.1 GB  4.2 MB/s   31m8s[K[A[1Gpulling manifest [K
pulling 1b2b95e2f0eb:   3% ▕                  ▏ 205 MB/8.1 GB  4.2 MB/s   31m8s[K[A[1Gpulling manifest [K
pulling 1b2b95e2f0eb:   3% ▕                  ▏ 205 MB/8.1 GB  4.2 MB/s   31m8s[K[A[1Gpulling manifest [K
pulling 1b2b95e2f0eb:   3% ▕                  ▏ 206 MB/8.1 GB  4.2 MB/s   31m8s[K[A[1Gpulling manifest [K
pulling 1b2b95e2f0eb:   3% ▕                  ▏ 206 MB/8.1 GB  4.2 MB/s   31m7s[K[A[1Gpulling manifest [K
pulling 1b2b95e2f0eb:   3% ▕                  ▏ 206 MB/8.1 GB  4.2 MB/s   31m7s[K[A[1Gpulling manifest [K
pulling 1b2b95e2f0eb:   3% ▕                  ▏ 207 MB/8.1 GB  4.2 MB/s   31m7s[K[A[1Gpulling manifest [K
pulling 1b2b95e2f0eb:   3% ▕                  ▏ 207 MB/8.1 GB  4.2 MB/s   31m7s[K[A[1Gpulling manifest [K
pulling 1b2b95e2f0eb:   3% ▕                  ▏ 208 MB/8.1 GB  4.2 MB/s   31m7s[K[A[1Gpulling manifest [K
pulling 1b2b95e2f0eb:   3% ▕                  ▏ 208 MB/8.1 GB  4.2 MB/s  31m31s[K[A[1Gpulling manifest [K
pulling 1b2b95e2f0eb:   3% ▕                  ▏ 208 MB/8.1 GB  4.2 MB/s  31m31s[K[A[1Gpulling manifest [K
pulling 1b2b95e2f0eb:   3% ▕                  ▏ 209 MB/8.1 GB  4.2 MB/s  31m31s[K[A[1Gpulling manifest [K
pulling 1b2b95e2f0eb:   3% ▕                  ▏ 209 MB/8.1 GB  4.2 MB/s  31m31s[K[A[1Gpulling manifest [K
pulling 1b2b95e2f0eb:   3% ▕                  ▏ 210 MB/8.1 GB  4.2 MB/s  31m31s[K[A[1Gpulling manifest [K
pulling 1b2b95e2f0eb:   3% ▕                  ▏ 210 MB/8.1 GB  4.2 MB/s  31m31s[K[A[1Gpulling manifest [K
pulling 1b2b95e2f0eb:   3% ▕                  ▏ 211 MB/8.1 GB  4.2 MB/s  31m30s[K[A[1Gpulling manifest [K
pulling 1b2b95e2f0eb:   3% ▕                  ▏ 211 MB/8.1 GB  4.2 MB/s  31m30s[K[A[1Gpulling manifest [K
pulling 1b2b95e2f0eb:   3% ▕                  ▏ 212 MB/8.1 GB  4.2 MB/s  31m30s[K[A[1Gpulling manifest [K
pulling 1b2b95e2f0eb:   3% ▕                  ▏ 212 MB/8.1 GB  4.2 MB/s  31m30s[K[A[1Gpulling manifest [K
pulling 1b2b95e2f0eb:   3% ▕                  ▏ 212 MB/8.1 GB  4.2 MB/s  31m33s[K[A[1Gpulling manifest [K
pulling 1b2b95e2f0eb:   3% ▕                  ▏ 213 MB/8.1 GB  4.2 MB/s  31m33s[K[A[1Gpulling manifest [K
pulling 1b2b95e2f0eb:   3% ▕                  ▏ 213 MB/8.1 GB  4.2 MB/s  31m33s[K[A[1Gpulling manifest [K
pulling 1b2b95e2f0eb:   3% ▕                  ▏ 213 MB/8.1 GB  4.2 MB/s  31m33s[K[A[1Gpulling manifest [K
pulling 1b2b95e2f0eb:   3% ▕                  ▏ 214 MB/8.1 GB  4.2 MB/s  31m33s[K[A[1Gpulling manifest [K
pulling 1b2b95e2f0eb:   3% ▕                  ▏ 214 MB/8.1 GB  4.2 MB/s  31m33s[K[A[1Gpulling manifest [K
pulling 1b2b95e2f0eb:   3% ▕                  ▏ 215 MB/8.1 GB  4.2 MB/s  31m33s[K[A[1Gpulling manifest [K
pulling 1b2b95e2f0eb:   3% ▕                  ▏ 215 MB/8.1 GB  4.2 MB/s  31m33s[K[A[1Gpulling manifest [K
pulling 1b2b95e2f0eb:   3% ▕                  ▏ 215 MB/8.1 GB  4.2 MB/s  31m33s[K[A[1Gpulling manifest [K
pulling 1b2b95e2f0eb:   3% ▕                  ▏ 216 MB/8.1 GB  4.2 MB/s  31m33s[K[A[1Gpulling manifest [K
pulling 1b2b95e2f0eb:   3% ▕                  ▏ 216 MB/8.1 GB  4.1 MB/s  31m57s[K[A[1Gpulling manifest [K
pulling 1b2b95e2f0eb:   3% ▕                  ▏ 217 MB/8.1 GB  4.1 MB/s  31m57s[K[A[1Gpulling manifest [K
pulling 1b2b95e2f0eb:   3% ▕                  ▏ 217 MB/8.1 GB  4.1 MB/s  31m57s[K[A[1Gpulling manifest [K
pulling 1b2b95e2f0eb:   3% ▕                  ▏ 217 MB/8.1 GB  4.1 MB/s  31m57s[K[A[1Gpulling manifest [K
pulling 1b2b95e2f0eb:   3% ▕                  ▏ 218 MB/8.1 GB  4.1 MB/s  31m57s[K[A[1Gpulling manifest [K
pulling 1b2b95e2f0eb:   3% ▕                  ▏ 218 MB/8.1 GB  4.1 MB/s  31m57s[K[A[1Gpulling manifest [K
pulling 1b2b95e2f0eb:   3% ▕                  ▏ 219 MB/8.1 GB  4.1 MB/s  31m56s[K[A[1Gpulling manifest [K
pulling 1b2b95e2f0eb:   3% ▕                  ▏ 219 MB/8.1 GB  4.1 MB/s  31m56s[K[A[1Gpulling manifest [K
pulling 1b2b95e2f0eb:   3% ▕                  ▏ 219 MB/8.1 GB  4.1 MB/s  31m56s[K[A[1Gpulling manifest [K
pulling 1b2b95e2f0eb:   3% ▕                  ▏ 220 MB/8.1 GB  4.1 MB/s  31m56s[K[A[1Gpulling manifest [K
pulling 1b2b95e2f0eb:   3% ▕                  ▏ 220 MB/8.1 GB  4.1 MB/s   32m5s[K[A[1Gpulling manifest [K
pulling 1b2b95e2f0eb:   3% ▕                  ▏ 220 MB/8.1 GB  4.1 MB/s   32m5s[K[A[1Gpulling manifest [K
pulling 1b2b95e2f0eb:   3% ▕                  ▏ 221 MB/8.1 GB  4.1 MB/s   32m5s[K[A[1Gpulling manifest [K
pulling 1b2b95e2f0eb:   3% ▕                  ▏ 221 MB/8.1 GB  4.1 MB/s   32m5s[K[A[1Gpulling manifest [K
pulling 1b2b95e2f0eb:   3% ▕                  ▏ 222 MB/8.1 GB  4.1 MB/s   32m5s[K[A[1Gpulling manifest [K
pulling 1b2b95e2f0eb:   3% ▕                  ▏ 222 MB/8.1 GB  4.1 MB/s   32m5s[K[A[1Gpulling manifest [K
pulling 1b2b95e2f0eb:   3% ▕                  ▏ 222 MB/8.1 GB  4.1 MB/s   32m5s[K[A[1Gpulling manifest [K
pulling 1b2b95e2f0eb:   3% ▕                  ▏ 223 MB/8.1 GB  4.1 MB/s   32m4s[K[A[1Gpulling manifest [K
pulling 1b2b95e2f0eb:   3% ▕                  ▏ 223 MB/8.1 GB  4.1 MB/s   32m4s[K[A[1Gpulling manifest [K
pulling 1b2b95e2f0eb:   3% ▕                  ▏ 224 MB/8.1 GB  4.1 MB/s   32m4s[K[A[1Gpulling manifest [K
pulling 1b2b95e2f0eb:   3% ▕                  ▏ 224 MB/8.1 GB  4.1 MB/s   32m4s[K[A[1Gpulling manifest [K
pulling 1b2b95e2f0eb:   3% ▕                  ▏ 225 MB/8.1 GB  4.1 MB/s  32m17s[K[A[1Gpulling manifest [K
pulling 1b2b95e2f0eb:   3% ▕                  ▏ 225 MB/8.1 GB  4.1 MB/s  32m17s[K[A[1Gpulling manifest [K
pulling 1b2b95e2f0eb:   3% ▕                  ▏ 225 MB/8.1 GB  4.1 MB/s  32m17s[K[A[1Gpulling manifest [K
pulling 1b2b95e2f0eb:   3% ▕                  ▏ 226 MB/8.1 GB  4.1 MB/s  32m17s[K[A[1Gpulling manifest [K
pulling 1b2b95e2f0eb:   3% ▕                  ▏ 226 MB/8.1 GB  4.1 MB/s  32m17s[K[A[1Gpulling manifest [K
pulling 1b2b95e2f0eb:   3% ▕                  ▏ 227 MB/8.1 GB  4.1 MB/s  32m17s[K[A[1Gpulling manifest [K
pulling 1b2b95e2f0eb:   3% ▕                  ▏ 227 MB/8.1 GB  4.1 MB/s  32m17s[K[A[1Gpulling manifest [K
pulling 1b2b95e2f0eb:   3% ▕                  ▏ 228 MB/8.1 GB  4.1 MB/s  32m17s[K[A[1Gpulling manifest [K
pulling 1b2b95e2f0eb:   3% ▕                  ▏ 228 MB/8.1 GB  4.1 MB/s  32m16s[K[A[1Gpulling manifest [K
pulling 1b2b95e2f0eb:   3% ▕                  ▏ 229 MB/8.1 GB  4.1 MB/s  32m16s[K[A[1Gpulling manifest [K
pulling 1b2b95e2f0eb:   3% ▕                  ▏ 229 MB/8.1 GB  4.1 MB/s  31m44s[K[A[1Gpulling manifest [K
pulling 1b2b95e2f0eb:   3% ▕                  ▏ 229 MB/8.1 GB  4.1 MB/s  31m44s[K[A[1Gpulling manifest [K
pulling 1b2b95e2f0eb:   3% ▕                  ▏ 230 MB/8.1 GB  4.1 MB/s  31m44s[K[A[1Gpulling manifest [K
pulling 1b2b95e2f0eb:   3% ▕                  ▏ 230 MB/8.1 GB  4.1 MB/s  31m44s[K[A[1Gpulling manifest [K
pulling 1b2b95e2f0eb:   3% ▕                  ▏ 230 MB/8.1 GB  4.1 MB/s  31m44s[K[A[1Gpulling manifest [K
pulling 1b2b95e2f0eb:   3% ▕                  ▏ 231 MB/8.1 GB  4.1 MB/s  31m44s[K[A[1Gpulling manifest [K
pulling 1b2b95e2f0eb:   3% ▕                  ▏ 231 MB/8.1 GB  4.1 MB/s  31m44s[K[A[1Gpulling manifest [K
pulling 1b2b95e2f0eb:   3% ▕                  ▏ 231 MB/8.1 GB  4.1 MB/s  31m44s[K[A[1Gpulling manifest [K
pulling 1b2b95e2f0eb:   3% ▕                  ▏ 232 MB/8.1 GB  4.1 MB/s  31m44s[K[A[1Gpulling manifest [K
pulling 1b2b95e2f0eb:   3% ▕                  ▏ 232 MB/8.1 GB  4.1 MB/s  31m44s[K[A[1Gpulling manifest [K
pulling 1b2b95e2f0eb:   3% ▕                  ▏ 233 MB/8.1 GB  4.1 MB/s   32m1s[K[A[1Gpulling manifest [K
pulling 1b2b95e2f0eb:   3% ▕                  ▏ 233 MB/8.1 GB  4.1 MB/s   32m1s[K[A[1Gpulling manifest [K
pulling 1b2b95e2f0eb:   3% ▕                  ▏ 234 MB/8.1 GB  4.1 MB/s   32m1s[K[A[1Gpulling manifest [K
pulling 1b2b95e2f0eb:   3% ▕                  ▏ 234 MB/8.1 GB  4.1 MB/s   32m1s[K[A[1Gpulling manifest [K
pulling 1b2b95e2f0eb:   3% ▕                  ▏ 234 MB/8.1 GB  4.1 MB/s   32m0s[K[A[1Gpulling manifest [K
pulling 1b2b95e2f0eb:   3% ▕                  ▏ 235 MB/8.1 GB  4.1 MB/s   32m0s[K[A[1Gpulling manifest [K
pulling 1b2b95e2f0eb:   3% ▕                  ▏ 235 MB/8.1 GB  4.1 MB/s   32m0s[K[A[1Gpulling manifest [K
pulling 1b2b95e2f0eb:   3% ▕                  ▏ 236 MB/8.1 GB  4.1 MB/s   32m0s[K[A[1Gpulling manifest [K
pulling 1b2b95e2f0eb:   3% ▕                  ▏ 236 MB/8.1 GB  4.1 MB/s   32m0s[K[A[1Gpulling manifest [K
pulling 1b2b95e2f0eb:   3% ▕                  ▏ 237 MB/8.1 GB  4.1 MB/s   32m0s[K[A[1Gpulling manifest [K
pulling 1b2b95e2f0eb:   3% ▕                  ▏ 237 MB/8.1 GB  4.1 MB/s  31m43s[K[A[1Gpulling manifest [K
pulling 1b2b95e2f0eb:   3% ▕                  ▏ 238 MB/8.1 GB  4.1 MB/s  31m43s[K[A[1Gpulling manifest [K
pulling 1b2b95e2f0eb:   3% ▕                  ▏ 238 MB/8.1 GB  4.1 MB/s  31m43s[K[A[1Gpulling manifest [K
pulling 1b2b95e2f0eb:   3% ▕                  ▏ 239 MB/8.1 GB  4.1 MB/s  31m43s[K[A[1Gpulling manifest [K
pulling 1b2b95e2f0eb:   3% ▕                  ▏ 239 MB/8.1 GB  4.1 MB/s  31m43s[K[A[1Gpulling manifest [K
pulling 1b2b95e2f0eb:   3% ▕                  ▏ 239 MB/8.1 GB  4.1 MB/s  31m43s[K[A[1Gpulling manifest [K
pulling 1b2b95e2f0eb:   3% ▕                  ▏ 240 MB/8.1 GB  4.1 MB/s  31m43s[K[A[1Gpulling manifest [K
pulling 1b2b95e2f0eb:   3% ▕                  ▏ 240 MB/8.1 GB  4.1 MB/s  31m43s[K[A[1Gpulling manifest [K
pulling 1b2b95e2f0eb:   3% ▕                  ▏ 240 MB/8.1 GB  4.1 MB/s  31m43s[K[A[1Gpulling manifest [K
pulling 1b2b95e2f0eb:   3% ▕                  ▏ 241 MB/8.1 GB  4.1 MB/s  31m43s[K[A[1Gpulling manifest [K
pulling 1b2b95e2f0eb:   3% ▕                  ▏ 241 MB/8.1 GB  4.2 MB/s  31m28s[K[A[1Gpulling manifest [K
pulling 1b2b95e2f0eb:   3% ▕                  ▏ 242 MB/8.1 GB  4.2 MB/s  31m28s[K[A[1Gpulling manifest [K
pulling 1b2b95e2f0eb:   3% ▕                  ▏ 242 MB/8.1 GB  4.2 MB/s  31m28s[K[A[1Gpulling manifest [K
pulling 1b2b95e2f0eb:   3% ▕                  ▏ 243 MB/8.1 GB  4.2 MB/s  31m28s[K[A[1Gpulling manifest [K
pulling 1b2b95e2f0eb:   3% ▕                  ▏ 243 MB/8.1 GB  4.2 MB/s  31m28s[K[A[1Gpulling manifest [K
pulling 1b2b95e2f0eb:   3% ▕                  ▏ 244 MB/8.1 GB  4.2 MB/s  31m28s[K[A[1Gpulling manifest [K
pulling 1b2b95e2f0eb:   3% ▕                  ▏ 244 MB/8.1 GB  4.2 MB/s  31m27s[K[A[1Gpulling manifest [K
pulling 1b2b95e2f0eb:   3% ▕                  ▏ 244 MB/8.1 GB  4.2 MB/s  31m27s[K[A[1Gpulling manifest [K
pulling 1b2b95e2f0eb:   3% ▕                  ▏ 245 MB/8.1 GB  4.2 MB/s  31m27s[K[A[1Gpulling manifest [K
pulling 1b2b95e2f0eb:   3% ▕                  ▏ 246 MB/8.1 GB  4.2 MB/s  31m27s[K[A[1Gpulling manifest [K
pulling 1b2b95e2f0eb:   3% ▕                  ▏ 246 MB/8.1 GB  4.2 MB/s  31m27s[K[A[1Gpulling manifest [K
pulling 1b2b95e2f0eb:   3% ▕                  ▏ 246 MB/8.1 GB  4.2 MB/s  30m59s[K[A[1Gpulling manifest [K
pulling 1b2b95e2f0eb:   3% ▕                  ▏ 247 MB/8.1 GB  4.2 MB/s  30m59s[K[A[1Gpulling manifest [K
pulling 1b2b95e2f0eb:   3% ▕                  ▏ 247 MB/8.1 GB  4.2 MB/s  30m59s[K[A[1Gpulling manifest [K
pulling 1b2b95e2f0eb:   3% ▕                  ▏ 248 MB/8.1 GB  4.2 MB/s  30m59s[K[A[1Gpulling manifest [K
pulling 1b2b95e2f0eb:   3% ▕                  ▏ 249 MB/8.1 GB  4.2 MB/s  30m58s[K[A[1Gpulling manifest [K
pulling 1b2b95e2f0eb:   3% ▕                  ▏ 249 MB/8.1 GB  4.2 MB/s  30m58s[K[A[1Gpulling manifest [K
pulling 1b2b95e2f0eb:   3% ▕                  ▏ 249 MB/8.1 GB  4.2 MB/s  30m58s[K[A[1Gpulling manifest [K
pulling 1b2b95e2f0eb:   3% ▕                  ▏ 250 MB/8.1 GB  4.2 MB/s  30m58s[K[A[1Gpulling manifest [K
pulling 1b2b95e2f0eb:   3% ▕                  ▏ 250 MB/8.1 GB  4.2 MB/s  30m58s[K[A[1Gpulling manifest [K
pulling 1b2b95e2f0eb:   3% ▕                  ▏ 251 MB/8.1 GB  4.2 MB/s  30m58s[K[A[1Gpulling manifest [K
pulling 1b2b95e2f0eb:   3% ▕                  ▏ 251 MB/8.1 GB  4.3 MB/s  30m35s[K[A[1Gpulling manifest [K
pulling 1b2b95e2f0eb:   3% ▕                  ▏ 251 MB/8.1 GB  4.3 MB/s  30m35s[K[A[1Gpulling manifest [K
pulling 1b2b95e2f0eb:   3% ▕                  ▏ 252 MB/8.1 GB  4.3 MB/s  30m35s[K[A[1Gpulling manifest [K
pulling 1b2b95e2f0eb:   3% ▕                  ▏ 253 MB/8.1 GB  4.3 MB/s  30m34s[K[A[1Gpulling manifest [K
pulling 1b2b95e2f0eb:   3% ▕                  ▏ 253 MB/8.1 GB  4.3 MB/s  30m34s[K[A[1Gpulling manifest [K
pulling 1b2b95e2f0eb:   3% ▕                  ▏ 254 MB/8.1 GB  4.3 MB/s  30m34s[K[A[1Gpulling manifest [K
pulling 1b2b95e2f0eb:   3% ▕                  ▏ 254 MB/8.1 GB  4.3 MB/s  30m34s[K[A[1Gpulling manifest [K
pulling 1b2b95e2f0eb:   3% ▕                  ▏ 255 MB/8.1 GB  4.3 MB/s  30m34s[K[A[1Gpulling manifest [K
pulling 1b2b95e2f0eb:   3% ▕                  ▏ 255 MB/8.1 GB  4.3 MB/s  30m34s[K[A[1Gpulling manifest [K
pulling 1b2b95e2f0eb:   3% ▕                  ▏ 256 MB/8.1 GB  4.3 MB/s  30m34s[K[A[1Gpulling manifest [K
pulling 1b2b95e2f0eb:   3% ▕                  ▏ 256 MB/8.1 GB  4.5 MB/s  29m22s[K[A[1Gpulling manifest [K
pulling 1b2b95e2f0eb:   3% ▕                  ▏ 257 MB/8.1 GB  4.5 MB/s  29m22s[K[A[1Gpulling manifest [K
pulling 1b2b95e2f0eb:   3% ▕                  ▏ 258 MB/8.1 GB  4.5 MB/s  29m22s[K[A[1Gpulling manifest [K
pulling 1b2b95e2f0eb:   3% ▕                  ▏ 258 MB/8.1 GB  4.5 MB/s  29m22s[K[A[1Gpulling manifest [K
pulling 1b2b95e2f0eb:   3% ▕                  ▏ 258 MB/8.1 GB  4.5 MB/s  29m22s[K[A[1Gpulling manifest [K
pulling 1b2b95e2f0eb:   3% ▕                  ▏ 259 MB/8.1 GB  4.5 MB/s  29m21s[K[A[1Gpulling manifest [K
pulling 1b2b95e2f0eb:   3% ▕                  ▏ 259 MB/8.1 GB  4.5 MB/s  29m21s[K[A[1Gpulling manifest [K
pulling 1b2b95e2f0eb:   3% ▕                  ▏ 260 MB/8.1 GB  4.5 MB/s  29m21s[K[A[1Gpulling manifest [K
pulling 1b2b95e2f0eb:   3% ▕                  ▏ 261 MB/8.1 GB  4.5 MB/s  29m21s[K[A[1Gpulling manifest [K
pulling 1b2b95e2f0eb:   3% ▕                  ▏ 261 MB/8.1 GB  4.5 MB/s  29m21s[K[A[1Gpulling manifest [K
pulling 1b2b95e2f0eb:   3% ▕                  ▏ 262 MB/8.1 GB  4.6 MB/s  28m33s[K[A[1Gpulling manifest [K
pulling 1b2b95e2f0eb:   3% ▕                  ▏ 262 MB/8.1 GB  4.6 MB/s  28m33s[K[A[1Gpulling manifest [K
pulling 1b2b95e2f0eb:   3% ▕                  ▏ 263 MB/8.1 GB  4.6 MB/s  28m33s[K[A[1Gpulling manifest [K
pulling 1b2b95e2f0eb:   3% ▕                  ▏ 263 MB/8.1 GB  4.6 MB/s  28m32s[K[A[1Gpulling manifest [K
pulling 1b2b95e2f0eb:   3% ▕                  ▏ 264 MB/8.1 GB  4.6 MB/s  28m32s[K[A[1Gpulling manifest [K
pulling 1b2b95e2f0eb:   3% ▕                  ▏ 264 MB/8.1 GB  4.6 MB/s  28m32s[K[A[1Gpulling manifest [K
pulling 1b2b95e2f0eb:   3% ▕                  ▏ 265 MB/8.1 GB  4.6 MB/s  28m32s[K[A[1Gpulling manifest [K
pulling 1b2b95e2f0eb:   3% ▕                  ▏ 265 MB/8.1 GB  4.6 MB/s  28m32s[K[A[1Gpulling manifest [K
pulling 1b2b95e2f0eb:   3% ▕                  ▏ 266 MB/8.1 GB  4.6 MB/s  28m32s[K[A[1Gpulling manifest [K
pulling 1b2b95e2f0eb:   3% ▕                  ▏ 266 MB/8.1 GB  4.6 MB/s  28m32s[K[A[1Gpulling manifest [K
pulling 1b2b95e2f0eb:   3% ▕                  ▏ 267 MB/8.1 GB  4.7 MB/s  27m41s[K[A[1Gpulling manifest [K
pulling 1b2b95e2f0eb:   3% ▕                  ▏ 267 MB/8.1 GB  4.7 MB/s  27m41s[K[A[1Gpulling manifest [K
pulling 1b2b95e2f0eb:   3% ▕                  ▏ 268 MB/8.1 GB  4.7 MB/s  27m41s[K[A[1Gpulling manifest [K
pulling 1b2b95e2f0eb:   3% ▕                  ▏ 268 MB/8.1 GB  4.7 MB/s  27m41s[K[A[1Gpulling manifest [K
pulling 1b2b95e2f0eb:   3% ▕                  ▏ 269 MB/8.1 GB  4.7 MB/s  27m41s[K[A[1Gpulling manifest [K
pulling 1b2b95e2f0eb:   3% ▕                  ▏ 269 MB/8.1 GB  4.7 MB/s  27m40s[K[A[1Gpulling manifest [K
pulling 1b2b95e2f0eb:   3% ▕                  ▏ 270 MB/8.1 GB  4.7 MB/s  27m40s[K[A[1Gpulling manifest [K
pulling 1b2b95e2f0eb:   3% ▕                  ▏ 270 MB/8.1 GB  4.7 MB/s  27m40s[K[A[1Gpulling manifest [K
pulling 1b2b95e2f0eb:   3% ▕                  ▏ 271 MB/8.1 GB  4.7 MB/s  27m40s[K[A[1Gpulling manifest [K
pulling 1b2b95e2f0eb:   3% ▕                  ▏ 272 MB/8.1 GB  4.7 MB/s  27m40s[K[A[1Gpulling manifest [K
pulling 1b2b95e2f0eb:   3% ▕                  ▏ 272 MB/8.1 GB  4.7 MB/s  27m40s[K[A[1Gpulling manifest [K
pulling 1b2b95e2f0eb:   3% ▕                  ▏ 272 MB/8.1 GB  4.8 MB/s   27m7s[K[A[1Gpulling manifest [K
pulling 1b2b95e2f0eb:   3% ▕                  ▏ 273 MB/8.1 GB  4.8 MB/s   27m7s[K[A[1Gpulling manifest [K
pulling 1b2b95e2f0eb:   3% ▕                  ▏ 273 MB/8.1 GB  4.8 MB/s   27m7s[K[A[1Gpulling manifest [K
pulling 1b2b95e2f0eb:   3% ▕                  ▏ 274 MB/8.1 GB  4.8 MB/s   27m7s[K[A[1Gpulling manifest [K
pulling 1b2b95e2f0eb:   3% ▕                  ▏ 274 MB/8.1 GB  4.8 MB/s   27m7s[K[A[1Gpulling manifest [K
pulling 1b2b95e2f0eb:   3% ▕                  ▏ 275 MB/8.1 GB  4.8 MB/s   27m7s[K[A[1Gpulling manifest [K
pulling 1b2b95e2f0eb:   3% ▕                  ▏ 275 MB/8.1 GB  4.8 MB/s   27m6s[K[A[1Gpulling manifest [K
pulling 1b2b95e2f0eb:   3% ▕                  ▏ 276 MB/8.1 GB  4.8 MB/s   27m6s[K[A[1Gpulling manifest [K
pulling 1b2b95e2f0eb:   3% ▕                  ▏ 276 MB/8.1 GB  4.8 MB/s   27m6s[K[A[1Gpulling manifest [K
pulling 1b2b95e2f0eb:   3% ▕                  ▏ 277 MB/8.1 GB  4.8 MB/s   27m6s[K[A[1Gpulling manifest [K
pulling 1b2b95e2f0eb:   3% ▕                  ▏ 278 MB/8.1 GB  4.9 MB/s  26m23s[K[A[1Gpulling manifest [K
pulling 1b2b95e2f0eb:   3% ▕                  ▏ 278 MB/8.1 GB  4.9 MB/s  26m23s[K[A[1Gpulling manifest [K
pulling 1b2b95e2f0eb:   3% ▕                  ▏ 278 MB/8.1 GB  4.9 MB/s  26m23s[K[A[1Gpulling manifest [K
pulling 1b2b95e2f0eb:   3% ▕                  ▏ 279 MB/8.1 GB  4.9 MB/s  26m22s[K[A[1Gpulling manifest [K
pulling 1b2b95e2f0eb:   3% ▕                  ▏ 280 MB/8.1 GB  4.9 MB/s  26m22s[K[A[1Gpulling manifest [K
pulling 1b2b95e2f0eb:   3% ▕                  ▏ 280 MB/8.1 GB  4.9 MB/s  26m22s[K[A[1Gpulling manifest [K
pulling 1b2b95e2f0eb:   3% ▕                  ▏ 281 MB/8.1 GB  4.9 MB/s  26m22s[K[A[1Gpulling manifest [K
pulling 1b2b95e2f0eb:   3% ▕                  ▏ 281 MB/8.1 GB  4.9 MB/s  26m22s[K[A[1Gpulling manifest [K
pulling 1b2b95e2f0eb:   3% ▕                  ▏ 282 MB/8.1 GB  4.9 MB/s  26m22s[K[A[1Gpulling manifest [K
pulling 1b2b95e2f0eb:   3% ▕                  ▏ 282 MB/8.1 GB  4.9 MB/s  26m22s[K[A[1Gpulling manifest [K
pulling 1b2b95e2f0eb:   3% ▕                  ▏ 283 MB/8.1 GB  5.1 MB/s  25m49s[K[A[1Gpulling manifest [K
pulling 1b2b95e2f0eb:   3% ▕                  ▏ 283 MB/8.1 GB  5.1 MB/s  25m49s[K[A[1Gpulling manifest [K
pulling 1b2b95e2f0eb:   4% ▕                  ▏ 284 MB/8.1 GB  5.1 MB/s  25m49s[K[A[1Gpulling manifest [K
pulling 1b2b95e2f0eb:   4% ▕                  ▏ 284 MB/8.1 GB  5.1 MB/s  25m49s[K[A[1Gpulling manifest [K
pulling 1b2b95e2f0eb:   4% ▕                  ▏ 285 MB/8.1 GB  5.1 MB/s  25m49s[K[A[1Gpulling manifest [K
pulling 1b2b95e2f0eb:   4% ▕                  ▏ 286 MB/8.1 GB  5.1 MB/s  25m48s[K[A[1Gpulling manifest [K
pulling 1b2b95e2f0eb:   4% ▕                  ▏ 286 MB/8.1 GB  5.1 MB/s  25m48s[K[A[1Gpulling manifest [K
pulling 1b2b95e2f0eb:   4% ▕                  ▏ 286 MB/8.1 GB  5.1 MB/s  25m48s[K[A[1Gpulling manifest [K
pulling 1b2b95e2f0eb:   4% ▕                  ▏ 287 MB/8.1 GB  5.1 MB/s  25m48s[K[A[1Gpulling manifest [K
pulling 1b2b95e2f0eb:   4% ▕                  ▏ 287 MB/8.1 GB  5.1 MB/s  25m48s[K[A[1Gpulling manifest [K
pulling 1b2b95e2f0eb:   4% ▕                  ▏ 288 MB/8.1 GB  5.1 MB/s  25m25s[K[A[1Gpulling manifest [K
pulling 1b2b95e2f0eb:   4% ▕                  ▏ 288 MB/8.1 GB  5.1 MB/s  25m25s[K[A[1Gpulling manifest [K
pulling 1b2b95e2f0eb:   4% ▕                  ▏ 288 MB/8.1 GB  5.1 MB/s  25m24s[K[A[1Gpulling manifest [K
pulling 1b2b95e2f0eb:   4% ▕                  ▏ 289 MB/8.1 GB  5.1 MB/s  25m24s[K[A[1Gpulling manifest [K
pulling 1b2b95e2f0eb:   4% ▕                  ▏ 290 MB/8.1 GB  5.1 MB/s  25m24s[K[A[1Gpulling manifest [K
pulling 1b2b95e2f0eb:   4% ▕                  ▏ 290 MB/8.1 GB  5.1 MB/s  25m24s[K[A[1Gpulling manifest [K
pulling 1b2b95e2f0eb:   4% ▕                  ▏ 291 MB/8.1 GB  5.1 MB/s  25m24s[K[A[1Gpulling manifest [K
pulling 1b2b95e2f0eb:   4% ▕                  ▏ 291 MB/8.1 GB  5.1 MB/s  25m24s[K[A[1Gpulling manifest [K
pulling 1b2b95e2f0eb:   4% ▕                  ▏ 292 MB/8.1 GB  5.1 MB/s  25m24s[K[A[1Gpulling manifest [K
pulling 1b2b95e2f0eb:   4% ▕                  ▏ 292 MB/8.1 GB  5.1 MB/s  25m24s[K[A[1Gpulling manifest [K
pulling 1b2b95e2f0eb:   4% ▕                  ▏ 293 MB/8.1 GB  5.2 MB/s   25m2s[K[A[1Gpulling manifest [K
pulling 1b2b95e2f0eb:   4% ▕                  ▏ 293 MB/8.1 GB  5.2 MB/s   25m2s[K[A[1Gpulling manifest [K
pulling 1b2b95e2f0eb:   4% ▕                  ▏ 294 MB/8.1 GB  5.2 MB/s   25m1s[K[A[1Gpulling manifest [K
pulling 1b2b95e2f0eb:   4% ▕                  ▏ 294 MB/8.1 GB  5.2 MB/s   25m1s[K[A[1Gpulling manifest [K
pulling 1b2b95e2f0eb:   4% ▕                  ▏ 295 MB/8.1 GB  5.2 MB/s   25m1s[K[A[1Gpulling manifest [K
pulling 1b2b95e2f0eb:   4% ▕                  ▏ 295 MB/8.1 GB  5.2 MB/s   25m1s[K[A[1Gpulling manifest [K
pulling 1b2b95e2f0eb:   4% ▕                  ▏ 296 MB/8.1 GB  5.2 MB/s   25m1s[K[A[1Gpulling manifest [K
pulling 1b2b95e2f0eb:   4% ▕                  ▏ 296 MB/8.1 GB  5.2 MB/s   25m1s[K[A[1Gpulling manifest [K
pulling 1b2b95e2f0eb:   4% ▕                  ▏ 297 MB/8.1 GB  5.2 MB/s   25m1s[K[A[1Gpulling manifest [K
pulling 1b2b95e2f0eb:   4% ▕                  ▏ 298 MB/8.1 GB  5.2 MB/s   25m1s[K[A[1Gpulling manifest [K
pulling 1b2b95e2f0eb:   4% ▕                  ▏ 298 MB/8.1 GB  5.2 MB/s   25m1s[K[A[1Gpulling manifest [K
pulling 1b2b95e2f0eb:   4% ▕                  ▏ 299 MB/8.1 GB  5.3 MB/s  24m37s[K[A[1Gpulling manifest [K
pulling 1b2b95e2f0eb:   4% ▕                  ▏ 299 MB/8.1 GB  5.3 MB/s  24m37s[K[A[1Gpulling manifest [K
pulling 1b2b95e2f0eb:   4% ▕                  ▏ 300 MB/8.1 GB  5.3 MB/s  24m37s[K[A[1Gpulling manifest [K
pulling 1b2b95e2f0eb:   4% ▕                  ▏ 301 MB/8.1 GB  5.3 MB/s  24m36s[K[A[1Gpulling manifest [K
pulling 1b2b95e2f0eb:   4% ▕                  ▏ 301 MB/8.1 GB  5.3 MB/s  24m36s[K[A[1Gpulling manifest [K
pulling 1b2b95e2f0eb:   4% ▕                  ▏ 301 MB/8.1 GB  5.3 MB/s  24m36s[K[A[1Gpulling manifest [K
pulling 1b2b95e2f0eb:   4% ▕                  ▏ 302 MB/8.1 GB  5.3 MB/s  24m36s[K[A[1Gpulling manifest [K
pulling 1b2b95e2f0eb:   4% ▕                  ▏ 302 MB/8.1 GB  5.3 MB/s  24m36s[K[A[1Gpulling manifest [K
pulling 1b2b95e2f0eb:   4% ▕                  ▏ 302 MB/8.1 GB  5.3 MB/s  24m36s[K[A[1Gpulling manifest [K
pulling 1b2b95e2f0eb:   4% ▕                  ▏ 303 MB/8.1 GB  5.3 MB/s  24m36s[K[A[1Gpulling manifest [K
pulling 1b2b95e2f0eb:   4% ▕                  ▏ 304 MB/8.1 GB  5.2 MB/s  24m50s[K[A[1Gpulling manifest [K
pulling 1b2b95e2f0eb:   4% ▕                  ▏ 304 MB/8.1 GB  5.2 MB/s  24m50s[K[A[1Gpulling manifest [K
pulling 1b2b95e2f0eb:   4% ▕                  ▏ 305 MB/8.1 GB  5.2 MB/s  24m50s[K[A[1Gpulling manifest [K
pulling 1b2b95e2f0eb:   4% ▕                  ▏ 305 MB/8.1 GB  5.2 MB/s  24m50s[K[A[1Gpulling manifest [K
pulling 1b2b95e2f0eb:   4% ▕                  ▏ 305 MB/8.1 GB  5.2 MB/s  24m50s[K[A[1Gpulling manifest [K
pulling 1b2b95e2f0eb:   4% ▕                  ▏ 306 MB/8.1 GB  5.2 MB/s  24m50s[K[A[1Gpulling manifest [K
pulling 1b2b95e2f0eb:   4% ▕                  ▏ 307 MB/8.1 GB  5.2 MB/s  24m49s[K[A[1Gpulling manifest [K
pulling 1b2b95e2f0eb:   4% ▕                  ▏ 307 MB/8.1 GB  5.2 MB/s  24m49s[K[A[1Gpulling manifest [K
pulling 1b2b95e2f0eb:   4% ▕                  ▏ 308 MB/8.1 GB  5.2 MB/s  24m49s[K[A[1Gpulling manifest [K
pulling 1b2b95e2f0eb:   4% ▕                  ▏ 308 MB/8.1 GB  5.2 MB/s  24m49s[K[A[1Gpulling manifest [K
pulling 1b2b95e2f0eb:   4% ▕                  ▏ 308 MB/8.1 GB  5.2 MB/s  24m54s[K[A[1Gpulling manifest [K
pulling 1b2b95e2f0eb:   4% ▕                  ▏ 309 MB/8.1 GB  5.2 MB/s  24m54s[K[A[1Gpulling manifest [K
pulling 1b2b95e2f0eb:   4% ▕                  ▏ 310 MB/8.1 GB  5.2 MB/s  24m54s[K[A[1Gpulling manifest [K
pulling 1b2b95e2f0eb:   4% ▕                  ▏ 310 MB/8.1 GB  5.2 MB/s  24m54s[K[A[1Gpulling manifest [K
pulling 1b2b95e2f0eb:   4% ▕                  ▏ 311 MB/8.1 GB  5.2 MB/s  24m54s[K[A[1Gpulling manifest [K
pulling 1b2b95e2f0eb:   4% ▕                  ▏ 311 MB/8.1 GB  5.2 MB/s  24m54s[K[A[1Gpulling manifest [K
pulling 1b2b95e2f0eb:   4% ▕                  ▏ 312 MB/8.1 GB  5.2 MB/s  24m54s[K[A[1Gpulling manifest [K
pulling 1b2b95e2f0eb:   4% ▕                  ▏ 312 MB/8.1 GB  5.2 MB/s  24m53s[K[A[1Gpulling manifest [K
pulling 1b2b95e2f0eb:   4% ▕                  ▏ 313 MB/8.1 GB  5.2 MB/s  24m53s[K[A[1Gpulling manifest [K
pulling 1b2b95e2f0eb:   4% ▕                  ▏ 313 MB/8.1 GB  5.2 MB/s  24m53s[K[A[1Gpulling manifest [K
pulling 1b2b95e2f0eb:   4% ▕                  ▏ 314 MB/8.1 GB  5.2 MB/s   25m1s[K[A[1Gpulling manifest [K
pulling 1b2b95e2f0eb:   4% ▕                  ▏ 314 MB/8.1 GB  5.2 MB/s   25m1s[K[A[1Gpulling manifest [K
pulling 1b2b95e2f0eb:   4% ▕                  ▏ 314 MB/8.1 GB  5.2 MB/s   25m1s[K[A[1Gpulling manifest [K
pulling 1b2b95e2f0eb:   4% ▕                  ▏ 315 MB/8.1 GB  5.2 MB/s   25m1s[K[A[1Gpulling manifest [K
pulling 1b2b95e2f0eb:   4% ▕                  ▏ 316 MB/8.1 GB  5.2 MB/s   25m0s[K[A[1Gpulling manifest [K
pulling 1b2b95e2f0eb:   4% ▕                  ▏ 316 MB/8.1 GB  5.2 MB/s   25m0s[K[A[1Gpulling manifest [K
pulling 1b2b95e2f0eb:   4% ▕                  ▏ 317 MB/8.1 GB  5.2 MB/s   25m0s[K[A[1Gpulling manifest [K
pulling 1b2b95e2f0eb:   4% ▕                  ▏ 317 MB/8.1 GB  5.2 MB/s   25m0s[K[A[1Gpulling manifest [K
pulling 1b2b95e2f0eb:   4% ▕                  ▏ 317 MB/8.1 GB  5.2 MB/s   25m0s[K[A[1Gpulling manifest [K
pulling 1b2b95e2f0eb:   4% ▕                  ▏ 318 MB/8.1 GB  5.2 MB/s   25m0s[K[A[1Gpulling manifest [K
pulling 1b2b95e2f0eb:   4% ▕                  ▏ 319 MB/8.1 GB  5.2 MB/s   25m5s[K[A[1Gpulling manifest [K
pulling 1b2b95e2f0eb:   4% ▕                  ▏ 319 MB/8.1 GB  5.2 MB/s   25m5s[K[A[1Gpulling manifest [K
pulling 1b2b95e2f0eb:   4% ▕                  ▏ 320 MB/8.1 GB  5.2 MB/s   25m4s[K[A[1Gpulling manifest [K
pulling 1b2b95e2f0eb:   4% ▕                  ▏ 320 MB/8.1 GB  5.2 MB/s   25m4s[K[A[1Gpulling manifest [K
pulling 1b2b95e2f0eb:   4% ▕                  ▏ 321 MB/8.1 GB  5.2 MB/s   25m4s[K[A[1Gpulling manifest [K
pulling 1b2b95e2f0eb:   4% ▕                  ▏ 321 MB/8.1 GB  5.2 MB/s   25m4s[K[A[1Gpulling manifest [K
pulling 1b2b95e2f0eb:   4% ▕                  ▏ 322 MB/8.1 GB  5.2 MB/s   25m4s[K[A[1Gpulling manifest [K
pulling 1b2b95e2f0eb:   4% ▕                  ▏ 322 MB/8.1 GB  5.2 MB/s   25m4s[K[A[1Gpulling manifest [K
pulling 1b2b95e2f0eb:   4% ▕                  ▏ 323 MB/8.1 GB  5.2 MB/s   25m4s[K[A[1Gpulling manifest [K
pulling 1b2b95e2f0eb:   4% ▕                  ▏ 324 MB/8.1 GB  5.2 MB/s   25m4s[K[A[1Gpulling manifest [K
pulling 1b2b95e2f0eb:   4% ▕                  ▏ 324 MB/8.1 GB  5.2 MB/s   25m4s[K[A[1Gpulling manifest [K
pulling 1b2b95e2f0eb:   4% ▕                  ▏ 325 MB/8.1 GB  5.2 MB/s  24m49s[K[A[1Gpulling manifest [K
pulling 1b2b95e2f0eb:   4% ▕                  ▏ 325 MB/8.1 GB  5.2 MB/s  24m49s[K[A[1Gpulling manifest [K
pulling 1b2b95e2f0eb:   4% ▕                  ▏ 325 MB/8.1 GB  5.2 MB/s  24m49s[K[A[1Gpulling manifest [K
pulling 1b2b95e2f0eb:   4% ▕                  ▏ 326 MB/8.1 GB  5.2 MB/s  24m49s[K[A[1Gpulling manifest [K
pulling 1b2b95e2f0eb:   4% ▕                  ▏ 327 MB/8.1 GB  5.2 MB/s  24m49s[K[A[1Gpulling manifest [K
pulling 1b2b95e2f0eb:   4% ▕                  ▏ 327 MB/8.1 GB  5.2 MB/s  24m49s[K[A[1Gpulling manifest [K
pulling 1b2b95e2f0eb:   4% ▕                  ▏ 328 MB/8.1 GB  5.2 MB/s  24m49s[K[A[1Gpulling manifest [K
pulling 1b2b95e2f0eb:   4% ▕                  ▏ 328 MB/8.1 GB  5.2 MB/s  24m49s[K[A[1Gpulling manifest [K
pulling 1b2b95e2f0eb:   4% ▕                  ▏ 328 MB/8.1 GB  5.2 MB/s  24m49s[K[A[1Gpulling manifest [K
pulling 1b2b95e2f0eb:   4% ▕                  ▏ 329 MB/8.1 GB  5.2 MB/s  24m48s[K[A[1Gpulling manifest [K
pulling 1b2b95e2f0eb:   4% ▕                  ▏ 330 MB/8.1 GB  5.2 MB/s  24m58s[K[A[1Gpulling manifest [K
pulling 1b2b95e2f0eb:   4% ▕                  ▏ 330 MB/8.1 GB  5.2 MB/s  24m58s[K[A[1Gpulling manifest [K
pulling 1b2b95e2f0eb:   4% ▕                  ▏ 331 MB/8.1 GB  5.2 MB/s  24m58s[K[A[1Gpulling manifest [K
pulling 1b2b95e2f0eb:   4% ▕                  ▏ 331 MB/8.1 GB  5.2 MB/s  24m58s[K[A[1Gpulling manifest [K
pulling 1b2b95e2f0eb:   4% ▕                  ▏ 332 MB/8.1 GB  5.2 MB/s  24m58s[K[A[1Gpulling manifest [K
pulling 1b2b95e2f0eb:   4% ▕                  ▏ 332 MB/8.1 GB  5.2 MB/s  24m58s[K[A[1Gpulling manifest [K
pulling 1b2b95e2f0eb:   4% ▕                  ▏ 333 MB/8.1 GB  5.2 MB/s  24m58s[K[A[1Gpulling manifest [K
pulling 1b2b95e2f0eb:   4% ▕                  ▏ 333 MB/8.1 GB  5.2 MB/s  24m58s[K[A[1Gpulling manifest [K
pulling 1b2b95e2f0eb:   4% ▕                  ▏ 334 MB/8.1 GB  5.2 MB/s  24m57s[K[A[1Gpulling manifest [K
pulling 1b2b95e2f0eb:   4% ▕                  ▏ 334 MB/8.1 GB  5.2 MB/s  24m57s[K[A[1Gpulling manifest [K
pulling 1b2b95e2f0eb:   4% ▕                  ▏ 334 MB/8.1 GB  5.2 MB/s  24m55s[K[A[1Gpulling manifest [K
pulling 1b2b95e2f0eb:   4% ▕                  ▏ 335 MB/8.1 GB  5.2 MB/s  24m55s[K[A[1Gpulling manifest [K
pulling 1b2b95e2f0eb:   4% ▕                  ▏ 335 MB/8.1 GB  5.2 MB/s  24m55s[K[A[1Gpulling manifest [K
pulling 1b2b95e2f0eb:   4% ▕                  ▏ 336 MB/8.1 GB  5.2 MB/s  24m55s[K[A[1Gpulling manifest [K
pulling 1b2b95e2f0eb:   4% ▕                  ▏ 336 MB/8.1 GB  5.2 MB/s  24m55s[K[A[1Gpulling manifest [K
pulling 1b2b95e2f0eb:   4% ▕                  ▏ 337 MB/8.1 GB  5.2 MB/s  24m55s[K[A[1Gpulling manifest [K
pulling 1b2b95e2f0eb:   4% ▕                  ▏ 337 MB/8.1 GB  5.2 MB/s  24m55s[K[A[1Gpulling manifest [K
pulling 1b2b95e2f0eb:   4% ▕                  ▏ 338 MB/8.1 GB  5.2 MB/s  24m55s[K[A[1Gpulling manifest [K
pulling 1b2b95e2f0eb:   4% ▕                  ▏ 339 MB/8.1 GB  5.2 MB/s  24m54s[K[A[1Gpulling manifest [K
pulling 1b2b95e2f0eb:   4% ▕                  ▏ 339 MB/8.1 GB  5.2 MB/s  24m54s[K[A[1Gpulling manifest [K
pulling 1b2b95e2f0eb:   4% ▕                  ▏ 340 MB/8.1 GB  5.2 MB/s   25m1s[K[A[1Gpulling manifest [K
pulling 1b2b95e2f0eb:   4% ▕                  ▏ 340 MB/8.1 GB  5.2 MB/s   25m0s[K[A[1Gpulling manifest [K
pulling 1b2b95e2f0eb:   4% ▕                  ▏ 340 MB/8.1 GB  5.2 MB/s   25m0s[K[A[1Gpulling manifest [K
pulling 1b2b95e2f0eb:   4% ▕                  ▏ 341 MB/8.1 GB  5.2 MB/s   25m0s[K[A[1Gpulling manifest [K
pulling 1b2b95e2f0eb:   4% ▕                  ▏ 342 MB/8.1 GB  5.2 MB/s   25m0s[K[A[1Gpulling manifest [K
pulling 1b2b95e2f0eb:   4% ▕                  ▏ 342 MB/8.1 GB  5.2 MB/s   25m0s[K[A[1Gpulling manifest [K
pulling 1b2b95e2f0eb:   4% ▕                  ▏ 342 MB/8.1 GB  5.2 MB/s   25m0s[K[A[1Gpulling manifest [K
pulling 1b2b95e2f0eb:   4% ▕                  ▏ 343 MB/8.1 GB  5.2 MB/s   25m0s[K[A[1Gpulling manifest [K
pulling 1b2b95e2f0eb:   4% ▕                  ▏ 343 MB/8.1 GB  5.2 MB/s   25m0s[K[A[1Gpulling manifest [K
pulling 1b2b95e2f0eb:   4% ▕                  ▏ 343 MB/8.1 GB  5.2 MB/s   25m0s[K[A[1Gpulling manifest [K
pulling 1b2b95e2f0eb:   4% ▕                  ▏ 344 MB/8.1 GB  5.1 MB/s  25m31s[K[A[1Gpulling manifest [K
pulling 1b2b95e2f0eb:   4% ▕                  ▏ 344 MB/8.1 GB  5.1 MB/s  25m31s[K[A[1Gpulling manifest [K
pulling 1b2b95e2f0eb:   4% ▕                  ▏ 345 MB/8.1 GB  5.1 MB/s  25m31s[K[A[1Gpulling manifest [K
pulling 1b2b95e2f0eb:   4% ▕                  ▏ 345 MB/8.1 GB  5.1 MB/s  25m31s[K[A[1Gpulling manifest [K
pulling 1b2b95e2f0eb:   4% ▕                  ▏ 345 MB/8.1 GB  5.1 MB/s  25m31s[K[A[1Gpulling manifest [K
pulling 1b2b95e2f0eb:   4% ▕                  ▏ 346 MB/8.1 GB  5.1 MB/s  25m31s[K[A[1Gpulling manifest [K
pulling 1b2b95e2f0eb:   4% ▕                  ▏ 347 MB/8.1 GB  5.1 MB/s  25m31s[K[A[1Gpulling manifest [K
pulling 1b2b95e2f0eb:   4% ▕                  ▏ 347 MB/8.1 GB  5.1 MB/s  25m31s[K[A[1Gpulling manifest [K
pulling 1b2b95e2f0eb:   4% ▕                  ▏ 347 MB/8.1 GB  5.1 MB/s  25m31s[K[A[1Gpulling manifest [K
pulling 1b2b95e2f0eb:   4% ▕                  ▏ 348 MB/8.1 GB  5.1 MB/s  25m31s[K[A[1Gpulling manifest [K
pulling 1b2b95e2f0eb:   4% ▕                  ▏ 348 MB/8.1 GB  5.1 MB/s  25m30s[K[A[1Gpulling manifest [K
pulling 1b2b95e2f0eb:   4% ▕                  ▏ 349 MB/8.1 GB  5.0 MB/s  25m52s[K[A[1Gpulling manifest [K
pulling 1b2b95e2f0eb:   4% ▕                  ▏ 349 MB/8.1 GB  5.0 MB/s  25m52s[K[A[1Gpulling manifest [K
pulling 1b2b95e2f0eb:   4% ▕                  ▏ 350 MB/8.1 GB  5.0 MB/s  25m52s[K[A[1Gpulling manifest [K
pulling 1b2b95e2f0eb:   4% ▕                  ▏ 350 MB/8.1 GB  5.0 MB/s  25m52s[K[A[1Gpulling manifest [K
pulling 1b2b95e2f0eb:   4% ▕                  ▏ 350 MB/8.1 GB  5.0 MB/s  25m51s[K[A[1Gpulling manifest [K
pulling 1b2b95e2f0eb:   4% ▕                  ▏ 351 MB/8.1 GB  5.0 MB/s  25m51s[K[A[1Gpulling manifest [K
pulling 1b2b95e2f0eb:   4% ▕                  ▏ 351 MB/8.1 GB  5.0 MB/s  25m51s[K[A[1Gpulling manifest [K
pulling 1b2b95e2f0eb:   4% ▕                  ▏ 352 MB/8.1 GB  5.0 MB/s  25m51s[K[A[1Gpulling manifest [K
pulling 1b2b95e2f0eb:   4% ▕                  ▏ 352 MB/8.1 GB  5.0 MB/s  25m51s[K[A[1Gpulling manifest [K
pulling 1b2b95e2f0eb:   4% ▕                  ▏ 352 MB/8.1 GB  5.0 MB/s  25m51s[K[A[1Gpulling manifest [K
pulling 1b2b95e2f0eb:   4% ▕                  ▏ 353 MB/8.1 GB  4.9 MB/s  26m21s[K[A[1Gpulling manifest [K
pulling 1b2b95e2f0eb:   4% ▕                  ▏ 353 MB/8.1 GB  4.9 MB/s  26m21s[K[A[1Gpulling manifest [K
pulling 1b2b95e2f0eb:   4% ▕                  ▏ 354 MB/8.1 GB  4.9 MB/s  26m21s[K[A[1Gpulling manifest [K
pulling 1b2b95e2f0eb:   4% ▕                  ▏ 354 MB/8.1 GB  4.9 MB/s  26m21s[K[A[1Gpulling manifest [K
pulling 1b2b95e2f0eb:   4% ▕                  ▏ 354 MB/8.1 GB  4.9 MB/s  26m21s[K[A[1Gpulling manifest [K
pulling 1b2b95e2f0eb:   4% ▕                  ▏ 355 MB/8.1 GB  4.9 MB/s  26m21s[K[A[1Gpulling manifest [K
pulling 1b2b95e2f0eb:   4% ▕                  ▏ 355 MB/8.1 GB  4.9 MB/s  26m21s[K[A[1Gpulling manifest [K
pulling 1b2b95e2f0eb:   4% ▕                  ▏ 356 MB/8.1 GB  4.9 MB/s  26m21s[K[A[1Gpulling manifest [K
pulling 1b2b95e2f0eb:   4% ▕                  ▏ 356 MB/8.1 GB  4.9 MB/s  26m21s[K[A[1Gpulling manifest [K
pulling 1b2b95e2f0eb:   4% ▕                  ▏ 356 MB/8.1 GB  4.9 MB/s  26m21s[K[A[1Gpulling manifest [K
pulling 1b2b95e2f0eb:   4% ▕                  ▏ 357 MB/8.1 GB  4.8 MB/s   27m1s[K[A[1Gpulling manifest [K
pulling 1b2b95e2f0eb:   4% ▕                  ▏ 357 MB/8.1 GB  4.8 MB/s   27m1s[K[A[1Gpulling manifest [K
pulling 1b2b95e2f0eb:   4% ▕                  ▏ 358 MB/8.1 GB  4.8 MB/s   27m1s[K[A[1Gpulling manifest [K
pulling 1b2b95e2f0eb:   4% ▕                  ▏ 358 MB/8.1 GB  4.8 MB/s   27m1s[K[A[1Gpulling manifest [K
pulling 1b2b95e2f0eb:   4% ▕                  ▏ 358 MB/8.1 GB  4.8 MB/s   27m1s[K[A[1Gpulling manifest [K
pulling 1b2b95e2f0eb:   4% ▕                  ▏ 359 MB/8.1 GB  4.8 MB/s   27m0s[K[A[1Gpulling manifest [K
pulling 1b2b95e2f0eb:   4% ▕                  ▏ 359 MB/8.1 GB  4.8 MB/s   27m0s[K[A[1Gpulling manifest [K
pulling 1b2b95e2f0eb:   4% ▕                  ▏ 359 MB/8.1 GB  4.8 MB/s   27m0s[K[A[1Gpulling manifest [K
pulling 1b2b95e2f0eb:   4% ▕                  ▏ 360 MB/8.1 GB  4.8 MB/s   27m0s[K[A[1Gpulling manifest [K
pulling 1b2b95e2f0eb:   4% ▕                  ▏ 360 MB/8.1 GB  4.8 MB/s   27m0s[K[A[1Gpulling manifest [K
pulling 1b2b95e2f0eb:   4% ▕                  ▏ 361 MB/8.1 GB  4.6 MB/s  27m46s[K[A[1Gpulling manifest [K
pulling 1b2b95e2f0eb:   4% ▕                  ▏ 361 MB/8.1 GB  4.6 MB/s  27m46s[K[A[1Gpulling manifest [K
pulling 1b2b95e2f0eb:   4% ▕                  ▏ 361 MB/8.1 GB  4.6 MB/s  27m46s[K[A[1Gpulling manifest [K
pulling 1b2b95e2f0eb:   4% ▕                  ▏ 362 MB/8.1 GB  4.6 MB/s  27m46s[K[A[1Gpulling manifest [K
pulling 1b2b95e2f0eb:   4% ▕                  ▏ 362 MB/8.1 GB  4.6 MB/s  27m46s[K[A[1Gpulling manifest [K
pulling 1b2b95e2f0eb:   4% ▕                  ▏ 362 MB/8.1 GB  4.6 MB/s  27m46s[K[A[1Gpulling manifest [K
pulling 1b2b95e2f0eb:   4% ▕                  ▏ 363 MB/8.1 GB  4.6 MB/s  27m45s[K[A[1Gpulling manifest [K
pulling 1b2b95e2f0eb:   4% ▕                  ▏ 363 MB/8.1 GB  4.6 MB/s  27m45s[K[A[1Gpulling manifest [K
pulling 1b2b95e2f0eb:   4% ▕                  ▏ 364 MB/8.1 GB  4.6 MB/s  27m45s[K[A[1Gpulling manifest [K
pulling 1b2b95e2f0eb:   4% ▕                  ▏ 364 MB/8.1 GB  4.6 MB/s  27m45s[K[A[1Gpulling manifest [K
pulling 1b2b95e2f0eb:   5% ▕                  ▏ 365 MB/8.1 GB  4.5 MB/s  28m50s[K[A[1Gpulling manifest [K
pulling 1b2b95e2f0eb:   5% ▕                  ▏ 365 MB/8.1 GB  4.5 MB/s  28m50s[K[A[1Gpulling manifest [K
pulling 1b2b95e2f0eb:   5% ▕                  ▏ 365 MB/8.1 GB  4.5 MB/s  28m49s[K[A[1Gpulling manifest [K
pulling 1b2b95e2f0eb:   5% ▕                  ▏ 366 MB/8.1 GB  4.5 MB/s  28m49s[K[A[1Gpulling manifest [K
pulling 1b2b95e2f0eb:   5% ▕                  ▏ 366 MB/8.1 GB  4.5 MB/s  28m49s[K[A[1Gpulling manifest [K
pulling 1b2b95e2f0eb:   5% ▕                  ▏ 367 MB/8.1 GB  4.5 MB/s  28m49s[K[A[1Gpulling manifest [K
pulling 1b2b95e2f0eb:   5% ▕                  ▏ 367 MB/8.1 GB  4.5 MB/s  28m49s[K[A[1Gpulling manifest [K
pulling 1b2b95e2f0eb:   5% ▕                  ▏ 368 MB/8.1 GB  4.5 MB/s  28m49s[K[A[1Gpulling manifest [K
pulling 1b2b95e2f0eb:   5% ▕                  ▏ 368 MB/8.1 GB  4.5 MB/s  28m49s[K[A[1Gpulling manifest [K
pulling 1b2b95e2f0eb:   5% ▕                  ▏ 369 MB/8.1 GB  4.5 MB/s  28m49s[K[A[1Gpulling manifest [K
pulling 1b2b95e2f0eb:   5% ▕                  ▏ 369 MB/8.1 GB  4.5 MB/s  28m49s[K[A[1Gpulling manifest [K
pulling 1b2b95e2f0eb:   5% ▕                  ▏ 369 MB/8.1 GB  4.4 MB/s  29m19s[K[A[1Gpulling manifest [K
pulling 1b2b95e2f0eb:   5% ▕                  ▏ 370 MB/8.1 GB  4.4 MB/s  29m19s[K[A[1Gpulling manifest [K
pulling 1b2b95e2f0eb:   5% ▕                  ▏ 370 MB/8.1 GB  4.4 MB/s  29m19s[K[A[1Gpulling manifest [K
pulling 1b2b95e2f0eb:   5% ▕                  ▏ 371 MB/8.1 GB  4.4 MB/s  29m19s[K[A[1Gpulling manifest [K
pulling 1b2b95e2f0eb:   5% ▕                  ▏ 371 MB/8.1 GB  4.4 MB/s  29m19s[K[A[1Gpulling manifest [K
pulling 1b2b95e2f0eb:   5% ▕                  ▏ 372 MB/8.1 GB  4.4 MB/s  29m19s[K[A[1Gpulling manifest [K
pulling 1b2b95e2f0eb:   5% ▕                  ▏ 372 MB/8.1 GB  4.4 MB/s  29m18s[K[A[1Gpulling manifest [K
pulling 1b2b95e2f0eb:   5% ▕                  ▏ 372 MB/8.1 GB  4.4 MB/s  29m18s[K[A[1Gpulling manifest [K
pulling 1b2b95e2f0eb:   5% ▕                  ▏ 373 MB/8.1 GB  4.4 MB/s  29m18s[K[A[1Gpulling manifest [K
pulling 1b2b95e2f0eb:   5% ▕                  ▏ 373 MB/8.1 GB  4.4 MB/s  29m18s[K[A[1Gpulling manifest [K
pulling 1b2b95e2f0eb:   5% ▕                  ▏ 374 MB/8.1 GB  4.3 MB/s  29m41s[K[A[1Gpulling manifest [K
pulling 1b2b95e2f0eb:   5% ▕                  ▏ 374 MB/8.1 GB  4.3 MB/s  29m41s[K[A[1Gpulling manifest [K
pulling 1b2b95e2f0eb:   5% ▕                  ▏ 374 MB/8.1 GB  4.3 MB/s  29m40s[K[A[1Gpulling manifest [K
pulling 1b2b95e2f0eb:   5% ▕                  ▏ 375 MB/8.1 GB  4.3 MB/s  29m40s[K[A[1Gpulling manifest [K
pulling 1b2b95e2f0eb:   5% ▕                  ▏ 375 MB/8.1 GB  4.3 MB/s  29m40s[K[A[1Gpulling manifest [K
pulling 1b2b95e2f0eb:   5% ▕                  ▏ 376 MB/8.1 GB  4.3 MB/s  29m40s[K[A[1Gpulling manifest [K
pulling 1b2b95e2f0eb:   5% ▕                  ▏ 376 MB/8.1 GB  4.3 MB/s  29m40s[K[A[1Gpulling manifest [K
pulling 1b2b95e2f0eb:   5% ▕                  ▏ 376 MB/8.1 GB  4.3 MB/s  29m40s[K[A[1Gpulling manifest [K
pulling 1b2b95e2f0eb:   5% ▕                  ▏ 377 MB/8.1 GB  4.3 MB/s  29m40s[K[A[1Gpulling manifest [K
pulling 1b2b95e2f0eb:   5% ▕                  ▏ 378 MB/8.1 GB  4.3 MB/s  29m40s[K[A[1Gpulling manifest [K
pulling 1b2b95e2f0eb:   5% ▕                  ▏ 378 MB/8.1 GB  4.3 MB/s  30m13s[K[A[1Gpulling manifest [K
pulling 1b2b95e2f0eb:   5% ▕                  ▏ 378 MB/8.1 GB  4.3 MB/s  30m13s[K[A[1Gpulling manifest [K
pulling 1b2b95e2f0eb:   5% ▕                  ▏ 379 MB/8.1 GB  4.3 MB/s  30m13s[K[A[1Gpulling manifest [K
pulling 1b2b95e2f0eb:   5% ▕                  ▏ 379 MB/8.1 GB  4.3 MB/s  30m13s[K[A[1Gpulling manifest [K
pulling 1b2b95e2f0eb:   5% ▕                  ▏ 379 MB/8.1 GB  4.3 MB/s  30m12s[K[A[1Gpulling manifest [K
pulling 1b2b95e2f0eb:   5% ▕                  ▏ 380 MB/8.1 GB  4.3 MB/s  30m12s[K[A[1Gpulling manifest [K
pulling 1b2b95e2f0eb:   5% ▕                  ▏ 380 MB/8.1 GB  4.3 MB/s  30m12s[K[A[1Gpulling manifest [K
pulling 1b2b95e2f0eb:   5% ▕                  ▏ 381 MB/8.1 GB  4.3 MB/s  30m12s[K[A[1Gpulling manifest [K
pulling 1b2b95e2f0eb:   5% ▕                  ▏ 381 MB/8.1 GB  4.3 MB/s  30m12s[K[A[1Gpulling manifest [K
pulling 1b2b95e2f0eb:   5% ▕                  ▏ 381 MB/8.1 GB  4.3 MB/s  30m12s[K[A[1Gpulling manifest [K
pulling 1b2b95e2f0eb:   5% ▕                  ▏ 382 MB/8.1 GB  4.2 MB/s  30m19s[K[A[1Gpulling manifest [K
pulling 1b2b95e2f0eb:   5% ▕                  ▏ 383 MB/8.1 GB  4.2 MB/s  30m19s[K[A[1Gpulling manifest [K
pulling 1b2b95e2f0eb:   5% ▕                  ▏ 383 MB/8.1 GB  4.2 MB/s  30m19s[K[A[1Gpulling manifest [K
pulling 1b2b95e2f0eb:   5% ▕                  ▏ 383 MB/8.1 GB  4.2 MB/s  30m19s[K[A[1Gpulling manifest [K
pulling 1b2b95e2f0eb:   5% ▕                  ▏ 384 MB/8.1 GB  4.2 MB/s  30m19s[K[A[1Gpulling manifest [K
pulling 1b2b95e2f0eb:   5% ▕                  ▏ 384 MB/8.1 GB  4.2 MB/s  30m19s[K[A[1Gpulling manifest [K
pulling 1b2b95e2f0eb:   5% ▕                  ▏ 385 MB/8.1 GB  4.2 MB/s  30m19s[K[A[1Gpulling manifest [K
pulling 1b2b95e2f0eb:   5% ▕                  ▏ 385 MB/8.1 GB  4.2 MB/s  30m19s[K[A[1Gpulling manifest [K
pulling 1b2b95e2f0eb:   5% ▕                  ▏ 385 MB/8.1 GB  4.2 MB/s  30m19s[K[A[1Gpulling manifest [K
pulling 1b2b95e2f0eb:   5% ▕                  ▏ 386 MB/8.1 GB  4.2 MB/s  30m19s[K[A[1Gpulling manifest [K
pulling 1b2b95e2f0eb:   5% ▕                  ▏ 386 MB/8.1 GB  4.2 MB/s  30m36s[K[A[1Gpulling manifest [K
pulling 1b2b95e2f0eb:   5% ▕                  ▏ 386 MB/8.1 GB  4.2 MB/s  30m36s[K[A[1Gpulling manifest [K
pulling 1b2b95e2f0eb:   5% ▕                  ▏ 387 MB/8.1 GB  4.2 MB/s  30m36s[K[A[1Gpulling manifest [K
pulling 1b2b95e2f0eb:   5% ▕                  ▏ 388 MB/8.1 GB  4.2 MB/s  30m35s[K[A[1Gpulling manifest [K
pulling 1b2b95e2f0eb:   5% ▕                  ▏ 388 MB/8.1 GB  4.2 MB/s  30m35s[K[A[1Gpulling manifest [K
pulling 1b2b95e2f0eb:   5% ▕                  ▏ 388 MB/8.1 GB  4.2 MB/s  30m35s[K[A[1Gpulling manifest [K
pulling 1b2b95e2f0eb:   5% ▕                  ▏ 389 MB/8.1 GB  4.2 MB/s  30m35s[K[A[1Gpulling manifest [K
pulling 1b2b95e2f0eb:   5% ▕                  ▏ 389 MB/8.1 GB  4.2 MB/s  30m35s[K[A[1Gpulling manifest [K
pulling 1b2b95e2f0eb:   5% ▕                  ▏ 390 MB/8.1 GB  4.2 MB/s  30m35s[K[A[1Gpulling manifest [K
pulling 1b2b95e2f0eb:   5% ▕                  ▏ 390 MB/8.1 GB  4.2 MB/s  30m35s[K[A[1Gpulling manifest [K
pulling 1b2b95e2f0eb:   5% ▕                  ▏ 390 MB/8.1 GB  4.2 MB/s  30m35s[K[A[1Gpulling manifest [K
pulling 1b2b95e2f0eb:   5% ▕                  ▏ 391 MB/8.1 GB  4.2 MB/s  30m38s[K[A[1Gpulling manifest [K
pulling 1b2b95e2f0eb:   5% ▕                  ▏ 391 MB/8.1 GB  4.2 MB/s  30m37s[K[A[1Gpulling manifest [K
pulling 1b2b95e2f0eb:   5% ▕                  ▏ 391 MB/8.1 GB  4.2 MB/s  30m37s[K[A[1Gpulling manifest [K
pulling 1b2b95e2f0eb:   5% ▕                  ▏ 392 MB/8.1 GB  4.2 MB/s  30m37s[K[A[1Gpulling manifest [K
pulling 1b2b95e2f0eb:   5% ▕                  ▏ 392 MB/8.1 GB  4.2 MB/s  30m37s[K[A[1Gpulling manifest [K
pulling 1b2b95e2f0eb:   5% ▕                  ▏ 393 MB/8.1 GB  4.2 MB/s  30m37s[K[A[1Gpulling manifest [K
pulling 1b2b95e2f0eb:   5% ▕                  ▏ 393 MB/8.1 GB  4.2 MB/s  30m37s[K[A[1Gpulling manifest [K
pulling 1b2b95e2f0eb:   5% ▕                  ▏ 393 MB/8.1 GB  4.2 MB/s  30m37s[K[A[1Gpulling manifest [K
pulling 1b2b95e2f0eb:   5% ▕                  ▏ 394 MB/8.1 GB  4.2 MB/s  30m37s[K[A[1Gpulling manifest [K
pulling 1b2b95e2f0eb:   5% ▕                  ▏ 394 MB/8.1 GB  4.2 MB/s  30m37s[K[A[1Gpulling manifest [K
pulling 1b2b95e2f0eb:   5% ▕                  ▏ 395 MB/8.1 GB  4.2 MB/s  30m27s[K[A[1Gpulling manifest [K
pulling 1b2b95e2f0eb:   5% ▕                  ▏ 395 MB/8.1 GB  4.2 MB/s  30m27s[K[A[1Gpulling manifest [K
pulling 1b2b95e2f0eb:   5% ▕                  ▏ 396 MB/8.1 GB  4.2 MB/s  30m27s[K[A[1Gpulling manifest [K
pulling 1b2b95e2f0eb:   5% ▕                  ▏ 396 MB/8.1 GB  4.2 MB/s  30m26s[K[A[1Gpulling manifest [K
pulling 1b2b95e2f0eb:   5% ▕                  ▏ 396 MB/8.1 GB  4.2 MB/s  30m26s[K[A[1Gpulling manifest [K
pulling 1b2b95e2f0eb:   5% ▕                  ▏ 397 MB/8.1 GB  4.2 MB/s  30m26s[K[A[1Gpulling manifest [K
pulling 1b2b95e2f0eb:   5% ▕                  ▏ 398 MB/8.1 GB  4.2 MB/s  30m26s[K[A[1Gpulling manifest [K
pulling 1b2b95e2f0eb:   5% ▕                  ▏ 398 MB/8.1 GB  4.2 MB/s  30m26s[K[A[1Gpulling manifest [K
pulling 1b2b95e2f0eb:   5% ▕                  ▏ 398 MB/8.1 GB  4.2 MB/s  30m26s[K[A[1Gpulling manifest [K
pulling 1b2b95e2f0eb:   5% ▕                  ▏ 399 MB/8.1 GB  4.2 MB/s  30m26s[K[A[1Gpulling manifest [K
pulling 1b2b95e2f0eb:   5% ▕                  ▏ 399 MB/8.1 GB  4.3 MB/s  29m59s[K[A[1Gpulling manifest [K
pulling 1b2b95e2f0eb:   5% ▕                  ▏ 400 MB/8.1 GB  4.3 MB/s  29m59s[K[A[1Gpulling manifest [K
pulling 1b2b95e2f0eb:   5% ▕                  ▏ 400 MB/8.1 GB  4.3 MB/s  29m59s[K[A[1Gpulling manifest [K
pulling 1b2b95e2f0eb:   5% ▕                  ▏ 401 MB/8.1 GB  4.3 MB/s  29m59s[K[A[1Gpulling manifest [K
pulling 1b2b95e2f0eb:   5% ▕                  ▏ 401 MB/8.1 GB  4.3 MB/s  29m59s[K[A[1Gpulling manifest [K
pulling 1b2b95e2f0eb:   5% ▕                  ▏ 402 MB/8.1 GB  4.3 MB/s  29m59s[K[A[1Gpulling manifest [K
pulling 1b2b95e2f0eb:   5% ▕                  ▏ 402 MB/8.1 GB  4.3 MB/s  29m59s[K[A[1Gpulling manifest [K
pulling 1b2b95e2f0eb:   5% ▕                  ▏ 402 MB/8.1 GB  4.3 MB/s  29m59s[K[A[1Gpulling manifest [K
pulling 1b2b95e2f0eb:   5% ▕                  ▏ 403 MB/8.1 GB  4.3 MB/s  29m58s[K[A[1Gpulling manifest [K
pulling 1b2b95e2f0eb:   5% ▕                  ▏ 403 MB/8.1 GB  4.3 MB/s  29m58s[K[A[1Gpulling manifest [K
pulling 1b2b95e2f0eb:   5% ▕                  ▏ 403 MB/8.1 GB  4.3 MB/s  29m46s[K[A[1Gpulling manifest [K
pulling 1b2b95e2f0eb:   5% ▕                  ▏ 404 MB/8.1 GB  4.3 MB/s  29m45s[K[A[1Gpulling manifest [K
pulling 1b2b95e2f0eb:   5% ▕                  ▏ 404 MB/8.1 GB  4.3 MB/s  29m45s[K[A[1Gpulling manifest [K
pulling 1b2b95e2f0eb:   5% ▕                  ▏ 404 MB/8.1 GB  4.3 MB/s  29m45s[K[A[1Gpulling manifest [K
pulling 1b2b95e2f0eb:   5% ▕                  ▏ 405 MB/8.1 GB  4.3 MB/s  29m45s[K[A[1Gpulling manifest [K
pulling 1b2b95e2f0eb:   5% ▕                  ▏ 405 MB/8.1 GB  4.3 MB/s  29m45s[K[A[1Gpulling manifest [K
pulling 1b2b95e2f0eb:   5% ▕                  ▏ 406 MB/8.1 GB  4.3 MB/s  29m45s[K[A[1Gpulling manifest [K
pulling 1b2b95e2f0eb:   5% ▕                  ▏ 406 MB/8.1 GB  4.3 MB/s  29m45s[K[A[1Gpulling manifest [K
pulling 1b2b95e2f0eb:   5% ▕                  ▏ 406 MB/8.1 GB  4.3 MB/s  29m45s[K[A[1Gpulling manifest [K
pulling 1b2b95e2f0eb:   5% ▕                  ▏ 407 MB/8.1 GB  4.3 MB/s  29m45s[K[A[1Gpulling manifest [K
pulling 1b2b95e2f0eb:   5% ▕                  ▏ 408 MB/8.1 GB  4.3 MB/s  29m52s[K[A[1Gpulling manifest [K
pulling 1b2b95e2f0eb:   5% ▕                  ▏ 408 MB/8.1 GB  4.3 MB/s  29m52s[K[A[1Gpulling manifest [K
pulling 1b2b95e2f0eb:   5% ▕                  ▏ 408 MB/8.1 GB  4.3 MB/s  29m52s[K[A[1Gpulling manifest [K
pulling 1b2b95e2f0eb:   5% ▕                  ▏ 409 MB/8.1 GB  4.3 MB/s  29m52s[K[A[1Gpulling manifest [K
pulling 1b2b95e2f0eb:   5% ▕                  ▏ 409 MB/8.1 GB  4.3 MB/s  29m52s[K[A[1Gpulling manifest [K
pulling 1b2b95e2f0eb:   5% ▕                  ▏ 410 MB/8.1 GB  4.3 MB/s  29m52s[K[A[1Gpulling manifest [K
pulling 1b2b95e2f0eb:   5% ▕                  ▏ 410 MB/8.1 GB  4.3 MB/s  29m52s[K[A[1Gpulling manifest [K
pulling 1b2b95e2f0eb:   5% ▕                  ▏ 411 MB/8.1 GB  4.3 MB/s  29m52s[K[A[1Gpulling manifest [K
pulling 1b2b95e2f0eb:   5% ▕                  ▏ 411 MB/8.1 GB  4.3 MB/s  29m52s[K[A[1Gpulling manifest [K
pulling 1b2b95e2f0eb:   5% ▕                  ▏ 412 MB/8.1 GB  4.3 MB/s  29m51s[K[A[1Gpulling manifest [K
pulling 1b2b95e2f0eb:   5% ▕                  ▏ 412 MB/8.1 GB  4.3 MB/s  29m51s[K[A[1Gpulling manifest [K
pulling 1b2b95e2f0eb:   5% ▕                  ▏ 413 MB/8.1 GB  4.3 MB/s  29m44s[K[A[1Gpulling manifest [K
pulling 1b2b95e2f0eb:   5% ▕                  ▏ 413 MB/8.1 GB  4.3 MB/s  29m43s[K[A[1Gpulling manifest [K
pulling 1b2b95e2f0eb:   5% ▕                  ▏ 413 MB/8.1 GB  4.3 MB/s  29m43s[K[A[1Gpulling manifest [K
pulling 1b2b95e2f0eb:   5% ▕                  ▏ 414 MB/8.1 GB  4.3 MB/s  29m43s[K[A[1Gpulling manifest [K
pulling 1b2b95e2f0eb:   5% ▕                  ▏ 414 MB/8.1 GB  4.3 MB/s  29m43s[K[A[1Gpulling manifest [K
pulling 1b2b95e2f0eb:   5% ▕                  ▏ 414 MB/8.1 GB  4.3 MB/s  29m43s[K[A[1Gpulling manifest [K
pulling 1b2b95e2f0eb:   5% ▕                  ▏ 415 MB/8.1 GB  4.3 MB/s  29m43s[K[A[1Gpulling manifest [K
pulling 1b2b95e2f0eb:   5% ▕                  ▏ 416 MB/8.1 GB  4.3 MB/s  29m43s[K[A[1Gpulling manifest [K
pulling 1b2b95e2f0eb:   5% ▕                  ▏ 416 MB/8.1 GB  4.3 MB/s  29m43s[K[A[1Gpulling manifest [K
pulling 1b2b95e2f0eb:   5% ▕                  ▏ 416 MB/8.1 GB  4.3 MB/s  29m43s[K[A[1Gpulling manifest [K
pulling 1b2b95e2f0eb:   5% ▕                  ▏ 417 MB/8.1 GB  4.3 MB/s  29m53s[K[A[1Gpulling manifest [K
pulling 1b2b95e2f0eb:   5% ▕                  ▏ 417 MB/8.1 GB  4.3 MB/s  29m53s[K[A[1Gpulling manifest [K
pulling 1b2b95e2f0eb:   5% ▕                  ▏ 417 MB/8.1 GB  4.3 MB/s  29m53s[K[A[1Gpulling manifest [K
pulling 1b2b95e2f0eb:   5% ▕                  ▏ 418 MB/8.1 GB  4.3 MB/s  29m53s[K[A[1Gpulling manifest [K
pulling 1b2b95e2f0eb:   5% ▕                  ▏ 418 MB/8.1 GB  4.3 MB/s  29m53s[K[A[1Gpulling manifest [K
pulling 1b2b95e2f0eb:   5% ▕                  ▏ 419 MB/8.1 GB  4.3 MB/s  29m53s[K[A[1Gpulling manifest [K
pulling 1b2b95e2f0eb:   5% ▕                  ▏ 419 MB/8.1 GB  4.3 MB/s  29m53s[K[A[1Gpulling manifest [K
pulling 1b2b95e2f0eb:   5% ▕                  ▏ 420 MB/8.1 GB  4.3 MB/s  29m52s[K[A[1Gpulling manifest [K
pulling 1b2b95e2f0eb:   5% ▕                  ▏ 420 MB/8.1 GB  4.3 MB/s  29m52s[K[A[1Gpulling manifest [K
pulling 1b2b95e2f0eb:   5% ▕                  ▏ 421 MB/8.1 GB  4.3 MB/s  29m52s[K[A[1Gpulling manifest [K
pulling 1b2b95e2f0eb:   5% ▕                  ▏ 421 MB/8.1 GB  4.3 MB/s  29m47s[K[A[1Gpulling manifest [K
pulling 1b2b95e2f0eb:   5% ▕                  ▏ 421 MB/8.1 GB  4.3 MB/s  29m47s[K[A[1Gpulling manifest [K
pulling 1b2b95e2f0eb:   5% ▕                  ▏ 422 MB/8.1 GB  4.3 MB/s  29m47s[K[A[1Gpulling manifest [K
pulling 1b2b95e2f0eb:   5% ▕                  ▏ 422 MB/8.1 GB  4.3 MB/s  29m47s[K[A[1Gpulling manifest [K
pulling 1b2b95e2f0eb:   5% ▕                  ▏ 422 MB/8.1 GB  4.3 MB/s  29m47s[K[A[1Gpulling manifest [K
pulling 1b2b95e2f0eb:   5% ▕                  ▏ 423 MB/8.1 GB  4.3 MB/s  29m46s[K[A[1Gpulling manifest [K
pulling 1b2b95e2f0eb:   5% ▕                  ▏ 423 MB/8.1 GB  4.3 MB/s  29m46s[K[A[1Gpulling manifest [K
pulling 1b2b95e2f0eb:   5% ▕                  ▏ 424 MB/8.1 GB  4.3 MB/s  29m46s[K[A[1Gpulling manifest [K
pulling 1b2b95e2f0eb:   5% ▕                  ▏ 424 MB/8.1 GB  4.3 MB/s  29m46s[K[A[1Gpulling manifest [K
pulling 1b2b95e2f0eb:   5% ▕                  ▏ 424 MB/8.1 GB  4.3 MB/s  29m46s[K[A[1Gpulling manifest [K
pulling 1b2b95e2f0eb:   5% ▕                  ▏ 425 MB/8.1 GB  4.3 MB/s   30m3s[K[A[1Gpulling manifest [K
pulling 1b2b95e2f0eb:   5% ▕                  ▏ 425 MB/8.1 GB  4.3 MB/s   30m2s[K[A[1Gpulling manifest [K
pulling 1b2b95e2f0eb:   5% ▕                  ▏ 425 MB/8.1 GB  4.3 MB/s   30m2s[K[A[1Gpulling manifest [K
pulling 1b2b95e2f0eb:   5% ▕                  ▏ 426 MB/8.1 GB  4.3 MB/s   30m2s[K[A[1Gpulling manifest [K
pulling 1b2b95e2f0eb:   5% ▕                  ▏ 426 MB/8.1 GB  4.3 MB/s   30m2s[K[A[1Gpulling manifest [K
pulling 1b2b95e2f0eb:   5% ▕                  ▏ 427 MB/8.1 GB  4.3 MB/s   30m2s[K[A[1Gpulling manifest [K
pulling 1b2b95e2f0eb:   5% ▕                  ▏ 427 MB/8.1 GB  4.3 MB/s   30m2s[K[A[1Gpulling manifest [K
pulling 1b2b95e2f0eb:   5% ▕                  ▏ 428 MB/8.1 GB  4.3 MB/s   30m2s[K[A[1Gpulling manifest [K
pulling 1b2b95e2f0eb:   5% ▕                  ▏ 428 MB/8.1 GB  4.3 MB/s   30m2s[K[A[1Gpulling manifest [K
pulling 1b2b95e2f0eb:   5% ▕                  ▏ 428 MB/8.1 GB  4.3 MB/s   30m2s[K[A[1Gpulling manifest [K
pulling 1b2b95e2f0eb:   5% ▕                  ▏ 429 MB/8.1 GB  4.3 MB/s  29m59s[K[A[1Gpulling manifest [K
pulling 1b2b95e2f0eb:   5% ▕                  ▏ 429 MB/8.1 GB  4.3 MB/s  29m59s[K[A[1Gpulling manifest [K
pulling 1b2b95e2f0eb:   5% ▕                  ▏ 430 MB/8.1 GB  4.3 MB/s  29m59s[K[A[1Gpulling manifest [K
pulling 1b2b95e2f0eb:   5% ▕                  ▏ 430 MB/8.1 GB  4.3 MB/s  29m59s[K[A[1Gpulling manifest [K
pulling 1b2b95e2f0eb:   5% ▕                  ▏ 430 MB/8.1 GB  4.3 MB/s  29m59s[K[A[1Gpulling manifest [K
pulling 1b2b95e2f0eb:   5% ▕                  ▏ 431 MB/8.1 GB  4.3 MB/s  29m59s[K[A[1Gpulling manifest [K
pulling 1b2b95e2f0eb:   5% ▕                  ▏ 432 MB/8.1 GB  4.3 MB/s  29m59s[K[A[1Gpulling manifest [K
pulling 1b2b95e2f0eb:   5% ▕                  ▏ 432 MB/8.1 GB  4.3 MB/s  29m59s[K[A[1Gpulling manifest [K
pulling 1b2b95e2f0eb:   5% ▕                  ▏ 432 MB/8.1 GB  4.3 MB/s  29m59s[K[A[1Gpulling manifest [K
pulling 1b2b95e2f0eb:   5% ▕                  ▏ 433 MB/8.1 GB  4.3 MB/s  29m58s[K[A[1Gpulling manifest [K
pulling 1b2b95e2f0eb:   5% ▕                  ▏ 433 MB/8.1 GB  4.3 MB/s  29m58s[K[A[1Gpulling manifest [K
pulling 1b2b95e2f0eb:   5% ▕                  ▏ 433 MB/8.1 GB  4.3 MB/s  29m43s[K[A[1Gpulling manifest [K
pulling 1b2b95e2f0eb:   5% ▕                  ▏ 434 MB/8.1 GB  4.3 MB/s  29m43s[K[A[1Gpulling manifest [K
pulling 1b2b95e2f0eb:   5% ▕                  ▏ 434 MB/8.1 GB  4.3 MB/s  29m43s[K[A[1Gpulling manifest [K
pulling 1b2b95e2f0eb:   5% ▕                  ▏ 435 MB/8.1 GB  4.3 MB/s  29m43s[K[A[1Gpulling manifest [K
pulling 1b2b95e2f0eb:   5% ▕                  ▏ 435 MB/8.1 GB  4.3 MB/s  29m42s[K[A[1Gpulling manifest [K
pulling 1b2b95e2f0eb:   5% ▕                  ▏ 435 MB/8.1 GB  4.3 MB/s  29m42s[K[A[1Gpulling manifest [K
pulling 1b2b95e2f0eb:   5% ▕                  ▏ 436 MB/8.1 GB  4.3 MB/s  29m42s[K[A[1Gpulling manifest [K
pulling 1b2b95e2f0eb:   5% ▕                  ▏ 437 MB/8.1 GB  4.3 MB/s  29m42s[K[A[1Gpulling manifest [K
pulling 1b2b95e2f0eb:   5% ▕                  ▏ 437 MB/8.1 GB  4.3 MB/s  29m42s[K[A[1Gpulling manifest [K
pulling 1b2b95e2f0eb:   5% ▕                  ▏ 437 MB/8.1 GB  4.3 MB/s  29m42s[K[A[1Gpulling manifest [K
pulling 1b2b95e2f0eb:   5% ▕                  ▏ 438 MB/8.1 GB  4.3 MB/s   30m3s[K[A[1Gpulling manifest [K
pulling 1b2b95e2f0eb:   5% ▕                  ▏ 438 MB/8.1 GB  4.3 MB/s   30m2s[K[A[1Gpulling manifest [K
pulling 1b2b95e2f0eb:   5% ▕                  ▏ 439 MB/8.1 GB  4.3 MB/s   30m2s[K[A[1Gpulling manifest [K
pulling 1b2b95e2f0eb:   5% ▕                  ▏ 439 MB/8.1 GB  4.3 MB/s   30m2s[K[A[1Gpulling manifest [K
pulling 1b2b95e2f0eb:   5% ▕                  ▏ 439 MB/8.1 GB  4.3 MB/s   30m2s[K[A[1Gpulling manifest [K
pulling 1b2b95e2f0eb:   5% ▕                  ▏ 440 MB/8.1 GB  4.3 MB/s   30m2s[K[A[1Gpulling manifest [K
pulling 1b2b95e2f0eb:   5% ▕                  ▏ 441 MB/8.1 GB  4.3 MB/s   30m2s[K[A[1Gpulling manifest [K
pulling 1b2b95e2f0eb:   5% ▕                  ▏ 441 MB/8.1 GB  4.3 MB/s   30m2s[K[A[1Gpulling manifest [K
pulling 1b2b95e2f0eb:   5% ▕                  ▏ 441 MB/8.1 GB  4.3 MB/s   30m2s[K[A[1Gpulling manifest [K
pulling 1b2b95e2f0eb:   5% ▕                  ▏ 442 MB/8.1 GB  4.3 MB/s   30m2s[K[A[1Gpulling manifest [K
pulling 1b2b95e2f0eb:   5% ▕                  ▏ 442 MB/8.1 GB  4.3 MB/s  29m42s[K[A[1Gpulling manifest [K
pulling 1b2b95e2f0eb:   5% ▕                  ▏ 443 MB/8.1 GB  4.3 MB/s  29m42s[K[A[1Gpulling manifest [K
pulling 1b2b95e2f0eb:   5% ▕                  ▏ 443 MB/8.1 GB  4.3 MB/s  29m42s[K[A[1Gpulling manifest [K
pulling 1b2b95e2f0eb:   5% ▕                  ▏ 443 MB/8.1 GB  4.3 MB/s  29m42s[K[A[1Gpulling manifest [K
pulling 1b2b95e2f0eb:   5% ▕                  ▏ 444 MB/8.1 GB  4.3 MB/s  29m42s[K[A[1Gpulling manifest [K
pulling 1b2b95e2f0eb:   5% ▕                  ▏ 444 MB/8.1 GB  4.3 MB/s  29m41s[K[A[1Gpulling manifest [K
pulling 1b2b95e2f0eb:   5% ▕                  ▏ 445 MB/8.1 GB  4.3 MB/s  29m41s[K[A[1Gpulling manifest [K
pulling 1b2b95e2f0eb:   5% ▕                  ▏ 445 MB/8.1 GB  4.3 MB/s  29m41s[K[A[1Gpulling manifest [K
pulling 1b2b95e2f0eb:   6% ▕                  ▏ 446 MB/8.1 GB  4.3 MB/s  29m41s[K[A[1Gpulling manifest [K
pulling 1b2b95e2f0eb:   6% ▕                  ▏ 446 MB/8.1 GB  4.3 MB/s  29m41s[K[A[1Gpulling manifest [K
pulling 1b2b95e2f0eb:   6% ▕                  ▏ 447 MB/8.1 GB  4.4 MB/s  29m19s[K[A[1Gpulling manifest [K
pulling 1b2b95e2f0eb:   6% ▕                  ▏ 447 MB/8.1 GB  4.4 MB/s  29m19s[K[A[1Gpulling manifest [K
pulling 1b2b95e2f0eb:   6% ▕                  ▏ 448 MB/8.1 GB  4.4 MB/s  29m19s[K[A[1Gpulling manifest [K
pulling 1b2b95e2f0eb:   6% ▕                  ▏ 448 MB/8.1 GB  4.4 MB/s  29m19s[K[A[1Gpulling manifest [K
pulling 1b2b95e2f0eb:   6% ▕                  ▏ 449 MB/8.1 GB  4.4 MB/s  29m19s[K[A[1Gpulling manifest [K
pulling 1b2b95e2f0eb:   6% ▕                  ▏ 449 MB/8.1 GB  4.4 MB/s  29m18s[K[A[1Gpulling manifest [K
pulling 1b2b95e2f0eb:   6% ▕                  ▏ 449 MB/8.1 GB  4.4 MB/s  29m18s[K[A[1Gpulling manifest [K
pulling 1b2b95e2f0eb:   6% ▕                  ▏ 450 MB/8.1 GB  4.4 MB/s  29m18s[K[A[1Gpulling manifest [K
pulling 1b2b95e2f0eb:   6% ▕█                 ▏ 450 MB/8.1 GB  4.4 MB/s  29m18s[K[A[1Gpulling manifest [K
pulling 1b2b95e2f0eb:   6% ▕█                 ▏ 451 MB/8.1 GB  4.4 MB/s  29m18s[K[A[1Gpulling manifest [K
pulling 1b2b95e2f0eb:   6% ▕█                 ▏ 451 MB/8.1 GB  4.3 MB/s  29m40s[K[A[1Gpulling manifest [K
pulling 1b2b95e2f0eb:   6% ▕█                 ▏ 451 MB/8.1 GB  4.3 MB/s  29m40s[K[A[1Gpulling manifest [K
pulling 1b2b95e2f0eb:   6% ▕█                 ▏ 452 MB/8.1 GB  4.3 MB/s  29m40s[K[A[1Gpulling manifest [K
pulling 1b2b95e2f0eb:   6% ▕█                 ▏ 452 MB/8.1 GB  4.3 MB/s  29m39s[K[A[1Gpulling manifest [K
pulling 1b2b95e2f0eb:   6% ▕█                 ▏ 453 MB/8.1 GB  4.3 MB/s  29m39s[K[A[1Gpulling manifest [K
pulling 1b2b95e2f0eb:   6% ▕█                 ▏ 453 MB/8.1 GB  4.3 MB/s  29m39s[K[A[1Gpulling manifest [K
pulling 1b2b95e2f0eb:   6% ▕█                 ▏ 454 MB/8.1 GB  4.3 MB/s  29m39s[K[A[1Gpulling manifest [K
pulling 1b2b95e2f0eb:   6% ▕█                 ▏ 454 MB/8.1 GB  4.3 MB/s  29m39s[K[A[1Gpulling manifest [K
pulling 1b2b95e2f0eb:   6% ▕█                 ▏ 454 MB/8.1 GB  4.3 MB/s  29m39s[K[A[1Gpulling manifest [K
pulling 1b2b95e2f0eb:   6% ▕█                 ▏ 455 MB/8.1 GB  4.3 MB/s  29m39s[K[A[1Gpulling manifest [K
pulling 1b2b95e2f0eb:   6% ▕█                 ▏ 455 MB/8.1 GB  4.3 MB/s  29m39s[K[A[1Gpulling manifest [K
pulling 1b2b95e2f0eb:   6% ▕█                 ▏ 456 MB/8.1 GB  4.3 MB/s  29m27s[K[A[1Gpulling manifest [K
pulling 1b2b95e2f0eb:   6% ▕█                 ▏ 456 MB/8.1 GB  4.3 MB/s  29m27s[K[A[1Gpulling manifest [K
pulling 1b2b95e2f0eb:   6% ▕█                 ▏ 457 MB/8.1 GB  4.3 MB/s  29m27s[K[A[1Gpulling manifest [K
pulling 1b2b95e2f0eb:   6% ▕█                 ▏ 457 MB/8.1 GB  4.3 MB/s  29m26s[K[A[1Gpulling manifest [K
pulling 1b2b95e2f0eb:   6% ▕█                 ▏ 458 MB/8.1 GB  4.3 MB/s  29m26s[K[A[1Gpulling manifest [K
pulling 1b2b95e2f0eb:   6% ▕█                 ▏ 458 MB/8.1 GB  4.3 MB/s  29m26s[K[A[1Gpulling manifest [K
pulling 1b2b95e2f0eb:   6% ▕█                 ▏ 459 MB/8.1 GB  4.3 MB/s  29m26s[K[A[1Gpulling manifest [K
pulling 1b2b95e2f0eb:   6% ▕█                 ▏ 459 MB/8.1 GB  4.3 MB/s  29m26s[K[A[1Gpulling manifest [K
pulling 1b2b95e2f0eb:   6% ▕█                 ▏ 459 MB/8.1 GB  4.3 MB/s  29m26s[K[A[1Gpulling manifest [K
pulling 1b2b95e2f0eb:   6% ▕█                 ▏ 460 MB/8.1 GB  4.3 MB/s  29m26s[K[A[1Gpulling manifest [K
pulling 1b2b95e2f0eb:   6% ▕█                 ▏ 460 MB/8.1 GB  4.4 MB/s   29m8s[K[A[1Gpulling manifest [K
pulling 1b2b95e2f0eb:   6% ▕█                 ▏ 461 MB/8.1 GB  4.4 MB/s   29m8s[K[A[1Gpulling manifest [K
pulling 1b2b95e2f0eb:   6% ▕█                 ▏ 461 MB/8.1 GB  4.4 MB/s   29m8s[K[A[1Gpulling manifest [K
pulling 1b2b95e2f0eb:   6% ▕█                 ▏ 462 MB/8.1 GB  4.4 MB/s   29m8s[K[A[1Gpulling manifest [K
pulling 1b2b95e2f0eb:   6% ▕█                 ▏ 462 MB/8.1 GB  4.4 MB/s   29m8s[K[A[1Gpulling manifest [K
pulling 1b2b95e2f0eb:   6% ▕█                 ▏ 463 MB/8.1 GB  4.4 MB/s   29m8s[K[A[1Gpulling manifest [K
pulling 1b2b95e2f0eb:   6% ▕█                 ▏ 463 MB/8.1 GB  4.4 MB/s   29m8s[K[A[1Gpulling manifest [K
pulling 1b2b95e2f0eb:   6% ▕█                 ▏ 463 MB/8.1 GB  4.4 MB/s   29m8s[K[A[1Gpulling manifest [K
pulling 1b2b95e2f0eb:   6% ▕█                 ▏ 464 MB/8.1 GB  4.4 MB/s   29m7s[K[A[1Gpulling manifest [K
pulling 1b2b95e2f0eb:   6% ▕█                 ▏ 464 MB/8.1 GB  4.4 MB/s   29m7s[K[A[1Gpulling manifest [K
pulling 1b2b95e2f0eb:   6% ▕█                 ▏ 465 MB/8.1 GB  4.5 MB/s  28m33s[K[A[1Gpulling manifest [K
pulling 1b2b95e2f0eb:   6% ▕█                 ▏ 465 MB/8.1 GB  4.5 MB/s  28m33s[K[A[1Gpulling manifest [K
pulling 1b2b95e2f0eb:   6% ▕█                 ▏ 466 MB/8.1 GB  4.5 MB/s  28m33s[K[A[1Gpulling manifest [K
pulling 1b2b95e2f0eb:   6% ▕█                 ▏ 466 MB/8.1 GB  4.5 MB/s  28m33s[K[A[1Gpulling manifest [K
pulling 1b2b95e2f0eb:   6% ▕█                 ▏ 466 MB/8.1 GB  4.5 MB/s  28m33s[K[A[1Gpulling manifest [K
pulling 1b2b95e2f0eb:   6% ▕█                 ▏ 467 MB/8.1 GB  4.5 MB/s  28m33s[K[A[1Gpulling manifest [K
pulling 1b2b95e2f0eb:   6% ▕█                 ▏ 467 MB/8.1 GB  4.5 MB/s  28m33s[K[A[1Gpulling manifest [K
pulling 1b2b95e2f0eb:   6% ▕█                 ▏ 468 MB/8.1 GB  4.5 MB/s  28m33s[K[A[1Gpulling manifest [K
pulling 1b2b95e2f0eb:   6% ▕█                 ▏ 468 MB/8.1 GB  4.5 MB/s  28m32s[K[A[1Gpulling manifest [K
pulling 1b2b95e2f0eb:   6% ▕█                 ▏ 469 MB/8.1 GB  4.5 MB/s  28m32s[K[A[1Gpulling manifest [K
pulling 1b2b95e2f0eb:   6% ▕█                 ▏ 469 MB/8.1 GB  4.5 MB/s  28m29s[K[A[1Gpulling manifest [K
pulling 1b2b95e2f0eb:   6% ▕█                 ▏ 470 MB/8.1 GB  4.5 MB/s  28m29s[K[A[1Gpulling manifest [K
pulling 1b2b95e2f0eb:   6% ▕█                 ▏ 470 MB/8.1 GB  4.5 MB/s  28m29s[K[A[1Gpulling manifest [K
pulling 1b2b95e2f0eb:   6% ▕█                 ▏ 471 MB/8.1 GB  4.5 MB/s  28m29s[K[A[1Gpulling manifest [K
pulling 1b2b95e2f0eb:   6% ▕█                 ▏ 471 MB/8.1 GB  4.5 MB/s  28m29s[K[A[1Gpulling manifest [K
pulling 1b2b95e2f0eb:   6% ▕█                 ▏ 471 MB/8.1 GB  4.5 MB/s  28m29s[K[A[1Gpulling manifest [K
pulling 1b2b95e2f0eb:   6% ▕█                 ▏ 472 MB/8.1 GB  4.5 MB/s  28m29s[K[A[1Gpulling manifest [K
pulling 1b2b95e2f0eb:   6% ▕█                 ▏ 472 MB/8.1 GB  4.5 MB/s  28m28s[K[A[1Gpulling manifest [K
pulling 1b2b95e2f0eb:   6% ▕█                 ▏ 473 MB/8.1 GB  4.5 MB/s  28m28s[K[A[1Gpulling manifest [K
pulling 1b2b95e2f0eb:   6% ▕█                 ▏ 473 MB/8.1 GB  4.5 MB/s  28m28s[K[A[1Gpulling manifest [K
pulling 1b2b95e2f0eb:   6% ▕█                 ▏ 474 MB/8.1 GB  4.5 MB/s  28m14s[K[A[1Gpulling manifest [K
pulling 1b2b95e2f0eb:   6% ▕█                 ▏ 474 MB/8.1 GB  4.5 MB/s  28m14s[K[A[1Gpulling manifest [K
pulling 1b2b95e2f0eb:   6% ▕█                 ▏ 475 MB/8.1 GB  4.5 MB/s  28m13s[K[A[1Gpulling manifest [K
pulling 1b2b95e2f0eb:   6% ▕█                 ▏ 475 MB/8.1 GB  4.5 MB/s  28m13s[K[A[1Gpulling manifest [K
pulling 1b2b95e2f0eb:   6% ▕█                 ▏ 475 MB/8.1 GB  4.5 MB/s  28m13s[K[A[1Gpulling manifest [K
pulling 1b2b95e2f0eb:   6% ▕█                 ▏ 476 MB/8.1 GB  4.5 MB/s  28m13s[K[A[1Gpulling manifest [K
pulling 1b2b95e2f0eb:   6% ▕█                 ▏ 476 MB/8.1 GB  4.5 MB/s  28m13s[K[A[1Gpulling manifest [K
pulling 1b2b95e2f0eb:   6% ▕█                 ▏ 477 MB/8.1 GB  4.5 MB/s  28m13s[K[A[1Gpulling manifest [K
pulling 1b2b95e2f0eb:   6% ▕█                 ▏ 478 MB/8.1 GB  4.5 MB/s  28m13s[K[A[1Gpulling manifest [K
pulling 1b2b95e2f0eb:   6% ▕█                 ▏ 478 MB/8.1 GB  4.5 MB/s  28m13s[K[A[1Gpulling manifest [K
pulling 1b2b95e2f0eb:   6% ▕█                 ▏ 478 MB/8.1 GB  4.5 MB/s  28m13s[K[A[1Gpulling manifest [K
pulling 1b2b95e2f0eb:   6% ▕█                 ▏ 479 MB/8.1 GB  4.6 MB/s  27m43s[K[A[1Gpulling manifest [K
pulling 1b2b95e2f0eb:   6% ▕█                 ▏ 480 MB/8.1 GB  4.6 MB/s  27m43s[K[A[1Gpulling manifest [K
pulling 1b2b95e2f0eb:   6% ▕█                 ▏ 480 MB/8.1 GB  4.6 MB/s  27m43s[K[A[1Gpulling manifest [K
pulling 1b2b95e2f0eb:   6% ▕█                 ▏ 480 MB/8.1 GB  4.6 MB/s  27m43s[K[A[1Gpulling manifest [K
pulling 1b2b95e2f0eb:   6% ▕█                 ▏ 481 MB/8.1 GB  4.6 MB/s  27m43s[K[A[1Gpulling manifest [K
pulling 1b2b95e2f0eb:   6% ▕█                 ▏ 481 MB/8.1 GB  4.6 MB/s  27m43s[K[A[1Gpulling manifest [K
pulling 1b2b95e2f0eb:   6% ▕█                 ▏ 481 MB/8.1 GB  4.6 MB/s  27m43s[K[A[1Gpulling manifest [K
pulling 1b2b95e2f0eb:   6% ▕█                 ▏ 482 MB/8.1 GB  4.6 MB/s  27m42s[K[A[1Gpulling manifest [K
pulling 1b2b95e2f0eb:   6% ▕█                 ▏ 482 MB/8.1 GB  4.6 MB/s  27m42s[K[A[1Gpulling manifest [K
pulling 1b2b95e2f0eb:   6% ▕█                 ▏ 483 MB/8.1 GB  4.6 MB/s  27m42s[K[A[1Gpulling manifest [K
pulling 1b2b95e2f0eb:   6% ▕█                 ▏ 484 MB/8.1 GB  4.6 MB/s  27m48s[K[A[1Gpulling manifest [K
pulling 1b2b95e2f0eb:   6% ▕█                 ▏ 484 MB/8.1 GB  4.6 MB/s  27m48s[K[A[1Gpulling manifest [K
pulling 1b2b95e2f0eb:   6% ▕█                 ▏ 484 MB/8.1 GB  4.6 MB/s  27m48s[K[A[1Gpulling manifest [K
pulling 1b2b95e2f0eb:   6% ▕█                 ▏ 485 MB/8.1 GB  4.6 MB/s  27m47s[K[A[1Gpulling manifest [K
pulling 1b2b95e2f0eb:   6% ▕█                 ▏ 485 MB/8.1 GB  4.6 MB/s  27m47s[K[A[1Gpulling manifest [K
pulling 1b2b95e2f0eb:   6% ▕█                 ▏ 486 MB/8.1 GB  4.6 MB/s  27m47s[K[A[1Gpulling manifest [K
pulling 1b2b95e2f0eb:   6% ▕█                 ▏ 486 MB/8.1 GB  4.6 MB/s  27m47s[K[A[1Gpulling manifest [K
pulling 1b2b95e2f0eb:   6% ▕█                 ▏ 487 MB/8.1 GB  4.6 MB/s  27m47s[K[A[1Gpulling manifest [K
pulling 1b2b95e2f0eb:   6% ▕█                 ▏ 487 MB/8.1 GB  4.6 MB/s  27m47s[K[A[1Gpulling manifest [K
pulling 1b2b95e2f0eb:   6% ▕█                 ▏ 488 MB/8.1 GB  4.6 MB/s  27m47s[K[A[1Gpulling manifest [K
pulling 1b2b95e2f0eb:   6% ▕█                 ▏ 488 MB/8.1 GB  4.6 MB/s  27m46s[K[A[1Gpulling manifest [K
pulling 1b2b95e2f0eb:   6% ▕█                 ▏ 488 MB/8.1 GB  4.6 MB/s  27m46s[K[A[1Gpulling manifest [K
pulling 1b2b95e2f0eb:   6% ▕█                 ▏ 489 MB/8.1 GB  4.6 MB/s  27m45s[K[A[1Gpulling manifest [K
pulling 1b2b95e2f0eb:   6% ▕█                 ▏ 489 MB/8.1 GB  4.6 MB/s  27m45s[K[A[1Gpulling manifest [K
pulling 1b2b95e2f0eb:   6% ▕█                 ▏ 490 MB/8.1 GB  4.6 MB/s  27m45s[K[A[1Gpulling manifest [K
pulling 1b2b95e2f0eb:   6% ▕█                 ▏ 491 MB/8.1 GB  4.6 MB/s  27m45s[K[A[1Gpulling manifest [K
pulling 1b2b95e2f0eb:   6% ▕█                 ▏ 491 MB/8.1 GB  4.6 MB/s  27m45s[K[A[1Gpulling manifest [K
pulling 1b2b95e2f0eb:   6% ▕█                 ▏ 491 MB/8.1 GB  4.6 MB/s  27m45s[K[A[1Gpulling manifest [K
pulling 1b2b95e2f0eb:   6% ▕█                 ▏ 492 MB/8.1 GB  4.6 MB/s  27m45s[K[A[1Gpulling manifest [K
pulling 1b2b95e2f0eb:   6% ▕█                 ▏ 492 MB/8.1 GB  4.6 MB/s  27m45s[K[A[1Gpulling manifest [K
pulling 1b2b95e2f0eb:   6% ▕█                 ▏ 493 MB/8.1 GB  4.6 MB/s  27m24s[K[A[1Gpulling manifest [K
pulling 1b2b95e2f0eb:   6% ▕█                 ▏ 493 MB/8.1 GB  4.6 MB/s  27m23s[K[A[1Gpulling manifest [K
pulling 1b2b95e2f0eb:   6% ▕█                 ▏ 493 MB/8.1 GB  4.6 MB/s  27m23s[K[A[1Gpulling manifest [K
pulling 1b2b95e2f0eb:   6% ▕█                 ▏ 494 MB/8.1 GB  4.6 MB/s  27m23s[K[A[1Gpulling manifest [K
pulling 1b2b95e2f0eb:   6% ▕█                 ▏ 495 MB/8.1 GB  4.6 MB/s  27m23s[K[A[1Gpulling manifest [K
pulling 1b2b95e2f0eb:   6% ▕█                 ▏ 495 MB/8.1 GB  4.6 MB/s  27m23s[K[A[1Gpulling manifest [K
pulling 1b2b95e2f0eb:   6% ▕█                 ▏ 495 MB/8.1 GB  4.6 MB/s  27m23s[K[A[1Gpulling manifest [K
pulling 1b2b95e2f0eb:   6% ▕█                 ▏ 496 MB/8.1 GB  4.6 MB/s  27m23s[K[A[1Gpulling manifest [K
pulling 1b2b95e2f0eb:   6% ▕█                 ▏ 497 MB/8.1 GB  4.6 MB/s  27m23s[K[A[1Gpulling manifest [K
pulling 1b2b95e2f0eb:   6% ▕█                 ▏ 497 MB/8.1 GB  4.6 MB/s  27m23s[K[A[1Gpulling manifest [K
pulling 1b2b95e2f0eb:   6% ▕█                 ▏ 497 MB/8.1 GB  4.7 MB/s  27m11s[K[A[1Gpulling manifest [K
pulling 1b2b95e2f0eb:   6% ▕█                 ▏ 498 MB/8.1 GB  4.7 MB/s  27m11s[K[A[1Gpulling manifest [K
pulling 1b2b95e2f0eb:   6% ▕█                 ▏ 498 MB/8.1 GB  4.7 MB/s  27m11s[K[A[1Gpulling manifest [K
pulling 1b2b95e2f0eb:   6% ▕█                 ▏ 499 MB/8.1 GB  4.7 MB/s  27m11s[K[A[1Gpulling manifest [K
pulling 1b2b95e2f0eb:   6% ▕█                 ▏ 499 MB/8.1 GB  4.7 MB/s  27m11s[K[A[1Gpulling manifest [K
pulling 1b2b95e2f0eb:   6% ▕█                 ▏ 500 MB/8.1 GB  4.7 MB/s  27m11s[K[A[1Gpulling manifest [K
pulling 1b2b95e2f0eb:   6% ▕█                 ▏ 500 MB/8.1 GB  4.7 MB/s  27m11s[K[A[1Gpulling manifest [K
pulling 1b2b95e2f0eb:   6% ▕█                 ▏ 501 MB/8.1 GB  4.7 MB/s  27m11s[K[A[1Gpulling manifest [K
pulling 1b2b95e2f0eb:   6% ▕█                 ▏ 501 MB/8.1 GB  4.7 MB/s  27m10s[K[A[1Gpulling manifest [K
pulling 1b2b95e2f0eb:   6% ▕█                 ▏ 502 MB/8.1 GB  4.7 MB/s  27m10s[K[A[1Gpulling manifest [K
pulling 1b2b95e2f0eb:   6% ▕█                 ▏ 502 MB/8.1 GB  4.7 MB/s  27m10s[K[A[1Gpulling manifest [K
pulling 1b2b95e2f0eb:   6% ▕█                 ▏ 502 MB/8.1 GB  4.7 MB/s   27m9s[K[A[1Gpulling manifest [K
pulling 1b2b95e2f0eb:   6% ▕█                 ▏ 503 MB/8.1 GB  4.7 MB/s   27m9s[K[A[1Gpulling manifest [K
pulling 1b2b95e2f0eb:   6% ▕█                 ▏ 503 MB/8.1 GB  4.7 MB/s   27m9s[K[A[1Gpulling manifest [K
pulling 1b2b95e2f0eb:   6% ▕█                 ▏ 504 MB/8.1 GB  4.7 MB/s   27m9s[K[A[1Gpulling manifest [K
pulling 1b2b95e2f0eb:   6% ▕█                 ▏ 504 MB/8.1 GB  4.7 MB/s   27m9s[K[A[1Gpulling manifest [K
pulling 1b2b95e2f0eb:   6% ▕█                 ▏ 504 MB/8.1 GB  4.7 MB/s   27m9s[K[A[1Gpulling manifest [K
pulling 1b2b95e2f0eb:   6% ▕█                 ▏ 505 MB/8.1 GB  4.7 MB/s   27m9s[K[A[1Gpulling manifest [K
pulling 1b2b95e2f0eb:   6% ▕█                 ▏ 505 MB/8.1 GB  4.7 MB/s   27m9s[K[A[1Gpulling manifest [K
pulling 1b2b95e2f0eb:   6% ▕█                 ▏ 506 MB/8.1 GB  4.7 MB/s   27m9s[K[A[1Gpulling manifest [K
pulling 1b2b95e2f0eb:   6% ▕█                 ▏ 506 MB/8.1 GB  4.7 MB/s   27m9s[K[A[1Gpulling manifest [K
pulling 1b2b95e2f0eb:   6% ▕█                 ▏ 507 MB/8.1 GB  4.6 MB/s  27m25s[K[A[1Gpulling manifest [K
pulling 1b2b95e2f0eb:   6% ▕█                 ▏ 507 MB/8.1 GB  4.6 MB/s  27m24s[K[A[1Gpulling manifest [K
pulling 1b2b95e2f0eb:   6% ▕█                 ▏ 507 MB/8.1 GB  4.6 MB/s  27m24s[K[A[1Gpulling manifest [K
pulling 1b2b95e2f0eb:   6% ▕█                 ▏ 508 MB/8.1 GB  4.6 MB/s  27m24s[K[A[1Gpulling manifest [K
pulling 1b2b95e2f0eb:   6% ▕█                 ▏ 508 MB/8.1 GB  4.6 MB/s  27m24s[K[A[1Gpulling manifest [K
pulling 1b2b95e2f0eb:   6% ▕█                 ▏ 509 MB/8.1 GB  4.6 MB/s  27m24s[K[A[1Gpulling manifest [K
pulling 1b2b95e2f0eb:   6% ▕█                 ▏ 509 MB/8.1 GB  4.6 MB/s  27m24s[K[A[1Gpulling manifest [K
pulling 1b2b95e2f0eb:   6% ▕█                 ▏ 509 MB/8.1 GB  4.6 MB/s  27m24s[K[A[1Gpulling manifest [K
pulling 1b2b95e2f0eb:   6% ▕█                 ▏ 510 MB/8.1 GB  4.6 MB/s  27m24s[K[A[1Gpulling manifest [K
pulling 1b2b95e2f0eb:   6% ▕█                 ▏ 510 MB/8.1 GB  4.6 MB/s  27m24s[K[A[1Gpulling manifest [K
pulling 1b2b95e2f0eb:   6% ▕█                 ▏ 510 MB/8.1 GB  4.6 MB/s  27m29s[K[A[1Gpulling manifest [K
pulling 1b2b95e2f0eb:   6% ▕█                 ▏ 511 MB/8.1 GB  4.6 MB/s  27m29s[K[A[1Gpulling manifest [K
pulling 1b2b95e2f0eb:   6% ▕█                 ▏ 512 MB/8.1 GB  4.6 MB/s  27m29s[K[A[1Gpulling manifest [K
pulling 1b2b95e2f0eb:   6% ▕█                 ▏ 512 MB/8.1 GB  4.6 MB/s  27m29s[K[A[1Gpulling manifest [K
pulling 1b2b95e2f0eb:   6% ▕█                 ▏ 512 MB/8.1 GB  4.6 MB/s  27m29s[K[A[1Gpulling manifest [K
pulling 1b2b95e2f0eb:   6% ▕█                 ▏ 513 MB/8.1 GB  4.6 MB/s  27m29s[K[A[1Gpulling manifest [K
pulling 1b2b95e2f0eb:   6% ▕█                 ▏ 513 MB/8.1 GB  4.6 MB/s  27m29s[K[A[1Gpulling manifest [K
pulling 1b2b95e2f0eb:   6% ▕█                 ▏ 514 MB/8.1 GB  4.6 MB/s  27m29s[K[A[1Gpulling manifest [K
pulling 1b2b95e2f0eb:   6% ▕█                 ▏ 514 MB/8.1 GB  4.6 MB/s  27m29s[K[A[1Gpulling manifest [K
pulling 1b2b95e2f0eb:   6% ▕█                 ▏ 515 MB/8.1 GB  4.6 MB/s  27m29s[K[A[1Gpulling manifest [K
pulling 1b2b95e2f0eb:   6% ▕█                 ▏ 515 MB/8.1 GB  4.6 MB/s  27m34s[K[A[1Gpulling manifest [K
pulling 1b2b95e2f0eb:   6% ▕█                 ▏ 516 MB/8.1 GB  4.6 MB/s  27m34s[K[A[1Gpulling manifest [K
pulling 1b2b95e2f0eb:   6% ▕█                 ▏ 516 MB/8.1 GB  4.6 MB/s  27m34s[K[A[1Gpulling manifest [K
pulling 1b2b95e2f0eb:   6% ▕█                 ▏ 517 MB/8.1 GB  4.6 MB/s  27m33s[K[A[1Gpulling manifest [K
pulling 1b2b95e2f0eb:   6% ▕█                 ▏ 517 MB/8.1 GB  4.6 MB/s  27m33s[K[A[1Gpulling manifest [K
pulling 1b2b95e2f0eb:   6% ▕█                 ▏ 518 MB/8.1 GB  4.6 MB/s  27m33s[K[A[1Gpulling manifest [K
pulling 1b2b95e2f0eb:   6% ▕█                 ▏ 518 MB/8.1 GB  4.6 MB/s  27m33s[K[A[1Gpulling manifest [K
pulling 1b2b95e2f0eb:   6% ▕█                 ▏ 519 MB/8.1 GB  4.6 MB/s  27m33s[K[A[1Gpulling manifest [K
pulling 1b2b95e2f0eb:   6% ▕█                 ▏ 519 MB/8.1 GB  4.6 MB/s  27m33s[K[A[1Gpulling manifest [K
pulling 1b2b95e2f0eb:   6% ▕█                 ▏ 520 MB/8.1 GB  4.6 MB/s  27m33s[K[A[1Gpulling manifest [K
pulling 1b2b95e2f0eb:   6% ▕█                 ▏ 520 MB/8.1 GB  4.6 MB/s  27m23s[K[A[1Gpulling manifest [K
pulling 1b2b95e2f0eb:   6% ▕█                 ▏ 521 MB/8.1 GB  4.6 MB/s  27m23s[K[A[1Gpulling manifest [K
pulling 1b2b95e2f0eb:   6% ▕█                 ▏ 521 MB/8.1 GB  4.6 MB/s  27m23s[K[A[1Gpulling manifest [K
pulling 1b2b95e2f0eb:   6% ▕█                 ▏ 522 MB/8.1 GB  4.6 MB/s  27m23s[K[A[1Gpulling manifest [K
pulling 1b2b95e2f0eb:   6% ▕█                 ▏ 522 MB/8.1 GB  4.6 MB/s  27m23s[K[A[1Gpulling manifest [K
pulling 1b2b95e2f0eb:   6% ▕█                 ▏ 523 MB/8.1 GB  4.6 MB/s  27m23s[K[A[1Gpulling manifest [K
pulling 1b2b95e2f0eb:   6% ▕█                 ▏ 523 MB/8.1 GB  4.6 MB/s  27m22s[K[A[1Gpulling manifest [K
pulling 1b2b95e2f0eb:   6% ▕█                 ▏ 524 MB/8.1 GB  4.6 MB/s  27m22s[K[A[1Gpulling manifest [K
pulling 1b2b95e2f0eb:   6% ▕█                 ▏ 524 MB/8.1 GB  4.6 MB/s  27m22s[K[A[1Gpulling manifest [K
pulling 1b2b95e2f0eb:   6% ▕█                 ▏ 525 MB/8.1 GB  4.6 MB/s  27m22s[K[A[1Gpulling manifest [K
pulling 1b2b95e2f0eb:   6% ▕█                 ▏ 525 MB/8.1 GB  4.6 MB/s  27m22s[K[A[1Gpulling manifest [K
pulling 1b2b95e2f0eb:   6% ▕█                 ▏ 526 MB/8.1 GB  4.7 MB/s  26m59s[K[A[1Gpulling manifest [K
pulling 1b2b95e2f0eb:   6% ▕█                 ▏ 526 MB/8.1 GB  4.7 MB/s  26m59s[K[A[1Gpulling manifest [K
pulling 1b2b95e2f0eb:   6% ▕█                 ▏ 526 MB/8.1 GB  4.7 MB/s  26m59s[K[A[1Gpulling manifest [K
pulling 1b2b95e2f0eb:   7% ▕█                 ▏ 527 MB/8.1 GB  4.7 MB/s  26m58s[K[A[1Gpulling manifest [K
pulling 1b2b95e2f0eb:   7% ▕█                 ▏ 528 MB/8.1 GB  4.7 MB/s  26m58s[K[A[1Gpulling manifest [K
pulling 1b2b95e2f0eb:   7% ▕█                 ▏ 528 MB/8.1 GB  4.7 MB/s  26m58s[K[A[1Gpulling manifest [K
pulling 1b2b95e2f0eb:   7% ▕█                 ▏ 528 MB/8.1 GB  4.7 MB/s  26m58s[K[A[1Gpulling manifest [K
pulling 1b2b95e2f0eb:   7% ▕█                 ▏ 529 MB/8.1 GB  4.7 MB/s  26m58s[K[A[1Gpulling manifest [K
pulling 1b2b95e2f0eb:   7% ▕█                 ▏ 529 MB/8.1 GB  4.7 MB/s  26m58s[K[A[1Gpulling manifest [K
pulling 1b2b95e2f0eb:   7% ▕█                 ▏ 530 MB/8.1 GB  4.7 MB/s  26m58s[K[A[1Gpulling manifest [K
pulling 1b2b95e2f0eb:   7% ▕█                 ▏ 531 MB/8.1 GB  4.7 MB/s  26m48s[K[A[1Gpulling manifest [K
pulling 1b2b95e2f0eb:   7% ▕█                 ▏ 531 MB/8.1 GB  4.7 MB/s  26m48s[K[A[1Gpulling manifest [K
pulling 1b2b95e2f0eb:   7% ▕█                 ▏ 532 MB/8.1 GB  4.7 MB/s  26m48s[K[A[1Gpulling manifest [K
pulling 1b2b95e2f0eb:   7% ▕█                 ▏ 532 MB/8.1 GB  4.7 MB/s  26m47s[K[A[1Gpulling manifest [K
pulling 1b2b95e2f0eb:   7% ▕█                 ▏ 533 MB/8.1 GB  4.7 MB/s  26m47s[K[A[1Gpulling manifest [K
pulling 1b2b95e2f0eb:   7% ▕█                 ▏ 533 MB/8.1 GB  4.7 MB/s  26m47s[K[A[1Gpulling manifest [K
pulling 1b2b95e2f0eb:   7% ▕█                 ▏ 534 MB/8.1 GB  4.7 MB/s  26m47s[K[A[1Gpulling manifest [K
pulling 1b2b95e2f0eb:   7% ▕█                 ▏ 534 MB/8.1 GB  4.7 MB/s  26m47s[K[A[1Gpulling manifest [K
pulling 1b2b95e2f0eb:   7% ▕█                 ▏ 535 MB/8.1 GB  4.7 MB/s  26m47s[K[A[1Gpulling manifest [K
pulling 1b2b95e2f0eb:   7% ▕█                 ▏ 535 MB/8.1 GB  4.7 MB/s  26m47s[K[A[1Gpulling manifest [K
pulling 1b2b95e2f0eb:   7% ▕█                 ▏ 536 MB/8.1 GB  4.8 MB/s  26m23s[K[A[1Gpulling manifest [K
pulling 1b2b95e2f0eb:   7% ▕█                 ▏ 536 MB/8.1 GB  4.8 MB/s  26m23s[K[A[1Gpulling manifest [K
pulling 1b2b95e2f0eb:   7% ▕█                 ▏ 537 MB/8.1 GB  4.8 MB/s  26m23s[K[A[1Gpulling manifest [K
pulling 1b2b95e2f0eb:   7% ▕█                 ▏ 537 MB/8.1 GB  4.8 MB/s  26m23s[K[A[1Gpulling manifest [K
pulling 1b2b95e2f0eb:   7% ▕█                 ▏ 538 MB/8.1 GB  4.8 MB/s  26m23s[K[A[1Gpulling manifest [K
pulling 1b2b95e2f0eb:   7% ▕█                 ▏ 538 MB/8.1 GB  4.8 MB/s  26m23s[K[A[1Gpulling manifest [K
pulling 1b2b95e2f0eb:   7% ▕█                 ▏ 539 MB/8.1 GB  4.8 MB/s  26m23s[K[A[1Gpulling manifest [K
pulling 1b2b95e2f0eb:   7% ▕█                 ▏ 539 MB/8.1 GB  4.8 MB/s  26m22s[K[A[1Gpulling manifest [K
pulling 1b2b95e2f0eb:   7% ▕█                 ▏ 540 MB/8.1 GB  4.8 MB/s  26m22s[K[A[1Gpulling manifest [K
pulling 1b2b95e2f0eb:   7% ▕█                 ▏ 540 MB/8.1 GB  4.8 MB/s  26m22s[K[A[1Gpulling manifest [K
pulling 1b2b95e2f0eb:   7% ▕█                 ▏ 540 MB/8.1 GB  4.8 MB/s  26m30s[K[A[1Gpulling manifest [K
pulling 1b2b95e2f0eb:   7% ▕█                 ▏ 541 MB/8.1 GB  4.8 MB/s  26m30s[K[A[1Gpulling manifest [K
pulling 1b2b95e2f0eb:   7% ▕█                 ▏ 541 MB/8.1 GB  4.8 MB/s  26m30s[K[A[1Gpulling manifest [K
pulling 1b2b95e2f0eb:   7% ▕█                 ▏ 542 MB/8.1 GB  4.8 MB/s  26m30s[K[A[1Gpulling manifest [K
pulling 1b2b95e2f0eb:   7% ▕█                 ▏ 542 MB/8.1 GB  4.8 MB/s  26m29s[K[A[1Gpulling manifest [K
pulling 1b2b95e2f0eb:   7% ▕█                 ▏ 543 MB/8.1 GB  4.8 MB/s  26m29s[K[A[1Gpulling manifest [K
pulling 1b2b95e2f0eb:   7% ▕█                 ▏ 543 MB/8.1 GB  4.8 MB/s  26m29s[K[A[1Gpulling manifest [K
pulling 1b2b95e2f0eb:   7% ▕█                 ▏ 544 MB/8.1 GB  4.8 MB/s  26m29s[K[A[1Gpulling manifest [K
pulling 1b2b95e2f0eb:   7% ▕█                 ▏ 544 MB/8.1 GB  4.8 MB/s  26m29s[K[A[1Gpulling manifest [K
pulling 1b2b95e2f0eb:   7% ▕█                 ▏ 545 MB/8.1 GB  4.8 MB/s  26m29s[K[A[1Gpulling manifest [K
pulling 1b2b95e2f0eb:   7% ▕█                 ▏ 545 MB/8.1 GB  4.8 MB/s  26m21s[K[A[1Gpulling manifest [K
pulling 1b2b95e2f0eb:   7% ▕█                 ▏ 546 MB/8.1 GB  4.8 MB/s  26m21s[K[A[1Gpulling manifest [K
pulling 1b2b95e2f0eb:   7% ▕█                 ▏ 546 MB/8.1 GB  4.8 MB/s  26m21s[K[A[1Gpulling manifest [K
pulling 1b2b95e2f0eb:   7% ▕█                 ▏ 547 MB/8.1 GB  4.8 MB/s  26m21s[K[A[1Gpulling manifest [K
pulling 1b2b95e2f0eb:   7% ▕█                 ▏ 547 MB/8.1 GB  4.8 MB/s  26m21s[K[A[1Gpulling manifest [K
pulling 1b2b95e2f0eb:   7% ▕█                 ▏ 548 MB/8.1 GB  4.8 MB/s  26m21s[K[A[1Gpulling manifest [K
pulling 1b2b95e2f0eb:   7% ▕█                 ▏ 548 MB/8.1 GB  4.8 MB/s  26m21s[K[A[1Gpulling manifest [K
pulling 1b2b95e2f0eb:   7% ▕█                 ▏ 548 MB/8.1 GB  4.8 MB/s  26m21s[K[A[1Gpulling manifest [K
pulling 1b2b95e2f0eb:   7% ▕█                 ▏ 549 MB/8.1 GB  4.8 MB/s  26m20s[K[A[1Gpulling manifest [K
pulling 1b2b95e2f0eb:   7% ▕█                 ▏ 550 MB/8.1 GB  4.8 MB/s  26m20s[K[A[1Gpulling manifest [K
pulling 1b2b95e2f0eb:   7% ▕█                 ▏ 550 MB/8.1 GB  4.8 MB/s  26m20s[K[A[1Gpulling manifest [K
pulling 1b2b95e2f0eb:   7% ▕█                 ▏ 550 MB/8.1 GB  4.9 MB/s  25m51s[K[A[1Gpulling manifest [K
pulling 1b2b95e2f0eb:   7% ▕█                 ▏ 551 MB/8.1 GB  4.9 MB/s  25m51s[K[A[1Gpulling manifest [K
pulling 1b2b95e2f0eb:   7% ▕█                 ▏ 551 MB/8.1 GB  4.9 MB/s  25m50s[K[A[1Gpulling manifest [K
pulling 1b2b95e2f0eb:   7% ▕█                 ▏ 552 MB/8.1 GB  4.9 MB/s  25m50s[K[A[1Gpulling manifest [K
pulling 1b2b95e2f0eb:   7% ▕█                 ▏ 552 MB/8.1 GB  4.9 MB/s  25m50s[K[A[1Gpulling manifest [K
pulling 1b2b95e2f0eb:   7% ▕█                 ▏ 552 MB/8.1 GB  4.9 MB/s  25m50s[K[A[1Gpulling manifest [K
pulling 1b2b95e2f0eb:   7% ▕█                 ▏ 553 MB/8.1 GB  4.9 MB/s  25m50s[K[A[1Gpulling manifest [K
pulling 1b2b95e2f0eb:   7% ▕█                 ▏ 554 MB/8.1 GB  4.9 MB/s  25m50s[K[A[1Gpulling manifest [K
pulling 1b2b95e2f0eb:   7% ▕█                 ▏ 554 MB/8.1 GB  4.9 MB/s  25m50s[K[A[1Gpulling manifest [K
pulling 1b2b95e2f0eb:   7% ▕█                 ▏ 554 MB/8.1 GB  4.9 MB/s  25m50s[K[A[1Gpulling manifest [K
pulling 1b2b95e2f0eb:   7% ▕█                 ▏ 555 MB/8.1 GB  4.9 MB/s  25m36s[K[A[1Gpulling manifest [K
pulling 1b2b95e2f0eb:   7% ▕█                 ▏ 555 MB/8.1 GB  4.9 MB/s  25m36s[K[A[1Gpulling manifest [K
pulling 1b2b95e2f0eb:   7% ▕█                 ▏ 556 MB/8.1 GB  4.9 MB/s  25m35s[K[A[1Gpulling manifest [K
pulling 1b2b95e2f0eb:   7% ▕█                 ▏ 557 MB/8.1 GB  4.9 MB/s  25m35s[K[A[1Gpulling manifest [K
pulling 1b2b95e2f0eb:   7% ▕█                 ▏ 557 MB/8.1 GB  4.9 MB/s  25m35s[K[A[1Gpulling manifest [K
pulling 1b2b95e2f0eb:   7% ▕█                 ▏ 557 MB/8.1 GB  4.9 MB/s  25m35s[K[A[1Gpulling manifest [K
pulling 1b2b95e2f0eb:   7% ▕█                 ▏ 558 MB/8.1 GB  4.9 MB/s  25m35s[K[A[1Gpulling manifest [K
pulling 1b2b95e2f0eb:   7% ▕█                 ▏ 558 MB/8.1 GB  4.9 MB/s  25m35s[K[A[1Gpulling manifest [K
pulling 1b2b95e2f0eb:   7% ▕█                 ▏ 559 MB/8.1 GB  4.9 MB/s  25m35s[K[A[1Gpulling manifest [K
pulling 1b2b95e2f0eb:   7% ▕█                 ▏ 559 MB/8.1 GB  4.9 MB/s  25m35s[K[A[1Gpulling manifest [K
pulling 1b2b95e2f0eb:   7% ▕█                 ▏ 559 MB/8.1 GB  4.9 MB/s  25m35s[K[A[1Gpulling manifest [K
pulling 1b2b95e2f0eb:   7% ▕█                 ▏ 560 MB/8.1 GB  4.9 MB/s  25m35s[K[A[1Gpulling manifest [K
pulling 1b2b95e2f0eb:   7% ▕█                 ▏ 560 MB/8.1 GB  4.9 MB/s  25m35s[K[A[1Gpulling manifest [K
pulling 1b2b95e2f0eb:   7% ▕█                 ▏ 561 MB/8.1 GB  4.9 MB/s  25m35s[K[A[1Gpulling manifest [K
pulling 1b2b95e2f0eb:   7% ▕█                 ▏ 561 MB/8.1 GB  4.9 MB/s  25m35s[K[A[1Gpulling manifest [K
pulling 1b2b95e2f0eb:   7% ▕█                 ▏ 562 MB/8.1 GB  4.9 MB/s  25m35s[K[A[1Gpulling manifest [K
pulling 1b2b95e2f0eb:   7% ▕█                 ▏ 562 MB/8.1 GB  4.9 MB/s  25m35s[K[A[1Gpulling manifest [K
pulling 1b2b95e2f0eb:   7% ▕█                 ▏ 563 MB/8.1 GB  4.9 MB/s  25m35s[K[A[1Gpulling manifest [K
pulling 1b2b95e2f0eb:   7% ▕█                 ▏ 563 MB/8.1 GB  4.9 MB/s  25m35s[K[A[1Gpulling manifest [K
pulling 1b2b95e2f0eb:   7% ▕█                 ▏ 564 MB/8.1 GB  4.9 MB/s  25m35s[K[A[1Gpulling manifest [K
pulling 1b2b95e2f0eb:   7% ▕█                 ▏ 564 MB/8.1 GB  4.8 MB/s  25m55s[K[A[1Gpulling manifest [K
pulling 1b2b95e2f0eb:   7% ▕█                 ▏ 564 MB/8.1 GB  4.8 MB/s  25m55s[K[A[1Gpulling manifest [K
pulling 1b2b95e2f0eb:   7% ▕█                 ▏ 565 MB/8.1 GB  4.8 MB/s  25m55s[K[A[1Gpulling manifest [K
pulling 1b2b95e2f0eb:   7% ▕█                 ▏ 565 MB/8.1 GB  4.8 MB/s  25m55s[K[A[1Gpulling manifest [K
pulling 1b2b95e2f0eb:   7% ▕█                 ▏ 566 MB/8.1 GB  4.8 MB/s  25m55s[K[A[1Gpulling manifest [K
pulling 1b2b95e2f0eb:   7% ▕█                 ▏ 566 MB/8.1 GB  4.8 MB/s  25m55s[K[A[1Gpulling manifest [K
pulling 1b2b95e2f0eb:   7% ▕█                 ▏ 567 MB/8.1 GB  4.8 MB/s  25m55s[K[A[1Gpulling manifest [K
pulling 1b2b95e2f0eb:   7% ▕█                 ▏ 567 MB/8.1 GB  4.8 MB/s  25m55s[K[A[1Gpulling manifest [K
pulling 1b2b95e2f0eb:   7% ▕█                 ▏ 567 MB/8.1 GB  4.8 MB/s  25m55s[K[A[1Gpulling manifest [K
pulling 1b2b95e2f0eb:   7% ▕█                 ▏ 568 MB/8.1 GB  4.8 MB/s  25m55s[K[A[1Gpulling manifest [K
pulling 1b2b95e2f0eb:   7% ▕█                 ▏ 569 MB/8.1 GB  4.8 MB/s  26m13s[K[A[1Gpulling manifest [K
pulling 1b2b95e2f0eb:   7% ▕█                 ▏ 569 MB/8.1 GB  4.8 MB/s  26m13s[K[A[1Gpulling manifest [K
pulling 1b2b95e2f0eb:   7% ▕█                 ▏ 569 MB/8.1 GB  4.8 MB/s  26m13s[K[A[1Gpulling manifest [K
pulling 1b2b95e2f0eb:   7% ▕█                 ▏ 570 MB/8.1 GB  4.8 MB/s  26m13s[K[A[1Gpulling manifest [K
pulling 1b2b95e2f0eb:   7% ▕█                 ▏ 570 MB/8.1 GB  4.8 MB/s  26m13s[K[A[1Gpulling manifest [K
pulling 1b2b95e2f0eb:   7% ▕█                 ▏ 571 MB/8.1 GB  4.8 MB/s  26m12s[K[A[1Gpulling manifest [K
pulling 1b2b95e2f0eb:   7% ▕█                 ▏ 571 MB/8.1 GB  4.8 MB/s  26m12s[K[A[1Gpulling manifest [K
pulling 1b2b95e2f0eb:   7% ▕█                 ▏ 571 MB/8.1 GB  4.8 MB/s  26m12s[K[A[1Gpulling manifest [K
pulling 1b2b95e2f0eb:   7% ▕█                 ▏ 572 MB/8.1 GB  4.8 MB/s  26m12s[K[A[1Gpulling manifest [K
pulling 1b2b95e2f0eb:   7% ▕█                 ▏ 572 MB/8.1 GB  4.8 MB/s  26m12s[K[A[1Gpulling manifest [K
pulling 1b2b95e2f0eb:   7% ▕█                 ▏ 572 MB/8.1 GB  4.8 MB/s  26m12s[K[A[1Gpulling manifest [K
pulling 1b2b95e2f0eb:   7% ▕█                 ▏ 573 MB/8.1 GB  4.7 MB/s  26m41s[K[A[1Gpulling manifest [K
pulling 1b2b95e2f0eb:   7% ▕█                 ▏ 574 MB/8.1 GB  4.7 MB/s  26m41s[K[A[1Gpulling manifest [K
pulling 1b2b95e2f0eb:   7% ▕█                 ▏ 574 MB/8.1 GB  4.7 MB/s  26m40s[K[A[1Gpulling manifest [K
pulling 1b2b95e2f0eb:   7% ▕█                 ▏ 574 MB/8.1 GB  4.7 MB/s  26m40s[K[A[1Gpulling manifest [K
pulling 1b2b95e2f0eb:   7% ▕█                 ▏ 575 MB/8.1 GB  4.7 MB/s  26m40s[K[A[1Gpulling manifest [K
pulling 1b2b95e2f0eb:   7% ▕█                 ▏ 575 MB/8.1 GB  4.7 MB/s  26m40s[K[A[1Gpulling manifest [K
pulling 1b2b95e2f0eb:   7% ▕█                 ▏ 576 MB/8.1 GB  4.7 MB/s  26m40s[K[A[1Gpulling manifest [K
pulling 1b2b95e2f0eb:   7% ▕█                 ▏ 576 MB/8.1 GB  4.7 MB/s  26m40s[K[A[1Gpulling manifest [K
pulling 1b2b95e2f0eb:   7% ▕█                 ▏ 577 MB/8.1 GB  4.7 MB/s  26m40s[K[A[1Gpulling manifest [K
pulling 1b2b95e2f0eb:   7% ▕█                 ▏ 577 MB/8.1 GB  4.7 MB/s  26m40s[K[A[1Gpulling manifest [K
pulling 1b2b95e2f0eb:   7% ▕█                 ▏ 578 MB/8.1 GB  4.6 MB/s   27m1s[K[A[1Gpulling manifest [K
pulling 1b2b95e2f0eb:   7% ▕█                 ▏ 578 MB/8.1 GB  4.6 MB/s   27m1s[K[A[1Gpulling manifest [K
pulling 1b2b95e2f0eb:   7% ▕█                 ▏ 578 MB/8.1 GB  4.6 MB/s   27m1s[K[A[1Gpulling manifest [K
pulling 1b2b95e2f0eb:   7% ▕█                 ▏ 579 MB/8.1 GB  4.6 MB/s   27m1s[K[A[1Gpulling manifest [K
pulling 1b2b95e2f0eb:   7% ▕█                 ▏ 579 MB/8.1 GB  4.6 MB/s   27m0s[K[A[1Gpulling manifest [K
pulling 1b2b95e2f0eb:   7% ▕█                 ▏ 580 MB/8.1 GB  4.6 MB/s   27m0s[K[A[1Gpulling manifest [K
pulling 1b2b95e2f0eb:   7% ▕█                 ▏ 580 MB/8.1 GB  4.6 MB/s   27m0s[K[A[1Gpulling manifest [K
pulling 1b2b95e2f0eb:   7% ▕█                 ▏ 580 MB/8.1 GB  4.6 MB/s   27m0s[K[A[1Gpulling manifest [K
pulling 1b2b95e2f0eb:   7% ▕█                 ▏ 581 MB/8.1 GB  4.6 MB/s   27m0s[K[A[1Gpulling manifest [K
pulling 1b2b95e2f0eb:   7% ▕█                 ▏ 581 MB/8.1 GB  4.6 MB/s   27m0s[K[A[1Gpulling manifest [K
pulling 1b2b95e2f0eb:   7% ▕█                 ▏ 582 MB/8.1 GB  4.6 MB/s  27m16s[K[A[1Gpulling manifest [K
pulling 1b2b95e2f0eb:   7% ▕█                 ▏ 582 MB/8.1 GB  4.6 MB/s  27m16s[K[A[1Gpulling manifest [K
pulling 1b2b95e2f0eb:   7% ▕█                 ▏ 583 MB/8.1 GB  4.6 MB/s  27m15s[K[A[1Gpulling manifest [K
pulling 1b2b95e2f0eb:   7% ▕█                 ▏ 583 MB/8.1 GB  4.6 MB/s  27m15s[K[A[1Gpulling manifest [K
pulling 1b2b95e2f0eb:   7% ▕█                 ▏ 584 MB/8.1 GB  4.6 MB/s  27m15s[K[A[1Gpulling manifest [K
pulling 1b2b95e2f0eb:   7% ▕█                 ▏ 584 MB/8.1 GB  4.6 MB/s  27m15s[K[A[1Gpulling manifest [K
pulling 1b2b95e2f0eb:   7% ▕█                 ▏ 585 MB/8.1 GB  4.6 MB/s  27m15s[K[A[1Gpulling manifest [K
pulling 1b2b95e2f0eb:   7% ▕█                 ▏ 585 MB/8.1 GB  4.6 MB/s  27m15s[K[A[1Gpulling manifest [K
pulling 1b2b95e2f0eb:   7% ▕█                 ▏ 586 MB/8.1 GB  4.6 MB/s  27m15s[K[A[1Gpulling manifest [K
pulling 1b2b95e2f0eb:   7% ▕█                 ▏ 586 MB/8.1 GB  4.6 MB/s  27m15s[K[A[1Gpulling manifest [K
pulling 1b2b95e2f0eb:   7% ▕█                 ▏ 586 MB/8.1 GB  4.6 MB/s  27m28s[K[A[1Gpulling manifest [K
pulling 1b2b95e2f0eb:   7% ▕█                 ▏ 587 MB/8.1 GB  4.6 MB/s  27m28s[K[A[1Gpulling manifest [K
pulling 1b2b95e2f0eb:   7% ▕█                 ▏ 587 MB/8.1 GB  4.6 MB/s  27m28s[K[A[1Gpulling manifest [K
pulling 1b2b95e2f0eb:   7% ▕█                 ▏ 588 MB/8.1 GB  4.6 MB/s  27m28s[K[A[1Gpulling manifest [K
pulling 1b2b95e2f0eb:   7% ▕█                 ▏ 588 MB/8.1 GB  4.6 MB/s  27m28s[K[A[1Gpulling manifest [K
pulling 1b2b95e2f0eb:   7% ▕█                 ▏ 589 MB/8.1 GB  4.6 MB/s  27m28s[K[A[1Gpulling manifest [K
pulling 1b2b95e2f0eb:   7% ▕█                 ▏ 589 MB/8.1 GB  4.6 MB/s  27m28s[K[A[1Gpulling manifest [K
pulling 1b2b95e2f0eb:   7% ▕█                 ▏ 590 MB/8.1 GB  4.6 MB/s  27m28s[K[A[1Gpulling manifest [K
pulling 1b2b95e2f0eb:   7% ▕█                 ▏ 590 MB/8.1 GB  4.6 MB/s  27m28s[K[A[1Gpulling manifest [K
pulling 1b2b95e2f0eb:   7% ▕█                 ▏ 590 MB/8.1 GB  4.6 MB/s  27m27s[K[A[1Gpulling manifest [K
pulling 1b2b95e2f0eb:   7% ▕█                 ▏ 591 MB/8.1 GB  4.5 MB/s  27m34s[K[A[1Gpulling manifest [K
pulling 1b2b95e2f0eb:   7% ▕█                 ▏ 591 MB/8.1 GB  4.5 MB/s  27m34s[K[A[1Gpulling manifest [K
pulling 1b2b95e2f0eb:   7% ▕█                 ▏ 592 MB/8.1 GB  4.5 MB/s  27m34s[K[A[1Gpulling manifest [K
pulling 1b2b95e2f0eb:   7% ▕█                 ▏ 592 MB/8.1 GB  4.5 MB/s  27m34s[K[A[1Gpulling manifest [K
pulling 1b2b95e2f0eb:   7% ▕█                 ▏ 592 MB/8.1 GB  4.5 MB/s  27m34s[K[A[1Gpulling manifest [K
pulling 1b2b95e2f0eb:   7% ▕█                 ▏ 593 MB/8.1 GB  4.5 MB/s  27m34s[K[A[1Gpulling manifest [K
pulling 1b2b95e2f0eb:   7% ▕█                 ▏ 593 MB/8.1 GB  4.5 MB/s  27m34s[K[A[1Gpulling manifest [K
pulling 1b2b95e2f0eb:   7% ▕█                 ▏ 593 MB/8.1 GB  4.5 MB/s  27m34s[K[A[1Gpulling manifest [K
pulling 1b2b95e2f0eb:   7% ▕█                 ▏ 594 MB/8.1 GB  4.5 MB/s  27m34s[K[A[1Gpulling manifest [K
pulling 1b2b95e2f0eb:   7% ▕█                 ▏ 595 MB/8.1 GB  4.5 MB/s  27m34s[K[A[1Gpulling manifest [K
pulling 1b2b95e2f0eb:   7% ▕█                 ▏ 595 MB/8.1 GB  4.5 MB/s  27m33s[K[A[1Gpulling manifest [K
pulling 1b2b95e2f0eb:   7% ▕█                 ▏ 595 MB/8.1 GB  4.5 MB/s   28m2s[K[A[1Gpulling manifest [K
pulling 1b2b95e2f0eb:   7% ▕█                 ▏ 596 MB/8.1 GB  4.5 MB/s   28m2s[K[A[1Gpulling manifest [K
pulling 1b2b95e2f0eb:   7% ▕█                 ▏ 596 MB/8.1 GB  4.5 MB/s   28m2s[K[A[1Gpulling manifest [K
pulling 1b2b95e2f0eb:   7% ▕█                 ▏ 597 MB/8.1 GB  4.5 MB/s   28m2s[K[A[1Gpulling manifest [K
pulling 1b2b95e2f0eb:   7% ▕█                 ▏ 597 MB/8.1 GB  4.5 MB/s   28m2s[K[A[1Gpulling manifest [K
pulling 1b2b95e2f0eb:   7% ▕█                 ▏ 597 MB/8.1 GB  4.5 MB/s   28m2s[K[A[1Gpulling manifest [K
pulling 1b2b95e2f0eb:   7% ▕█                 ▏ 598 MB/8.1 GB  4.5 MB/s   28m2s[K[A[1Gpulling manifest [K
pulling 1b2b95e2f0eb:   7% ▕█                 ▏ 598 MB/8.1 GB  4.5 MB/s   28m2s[K[A[1Gpulling manifest [K
pulling 1b2b95e2f0eb:   7% ▕█                 ▏ 599 MB/8.1 GB  4.5 MB/s   28m2s[K[A[1Gpulling manifest [K
pulling 1b2b95e2f0eb:   7% ▕█                 ▏ 599 MB/8.1 GB  4.5 MB/s   28m1s[K[A[1Gpulling manifest [K
pulling 1b2b95e2f0eb:   7% ▕█                 ▏ 600 MB/8.1 GB  4.5 MB/s   28m6s[K[A[1Gpulling manifest [K
pulling 1b2b95e2f0eb:   7% ▕█                 ▏ 600 MB/8.1 GB  4.5 MB/s   28m6s[K[A[1Gpulling manifest [K
pulling 1b2b95e2f0eb:   7% ▕█                 ▏ 601 MB/8.1 GB  4.5 MB/s   28m6s[K[A[1Gpulling manifest [K
pulling 1b2b95e2f0eb:   7% ▕█                 ▏ 601 MB/8.1 GB  4.5 MB/s   28m5s[K[A[1Gpulling manifest [K
pulling 1b2b95e2f0eb:   7% ▕█                 ▏ 602 MB/8.1 GB  4.5 MB/s   28m5s[K[A[1Gpulling manifest [K
pulling 1b2b95e2f0eb:   7% ▕█                 ▏ 602 MB/8.1 GB  4.5 MB/s   28m5s[K[A[1Gpulling manifest [K
pulling 1b2b95e2f0eb:   7% ▕█                 ▏ 603 MB/8.1 GB  4.5 MB/s   28m5s[K[A[1Gpulling manifest [K
pulling 1b2b95e2f0eb:   7% ▕█                 ▏ 603 MB/8.1 GB  4.5 MB/s   28m5s[K[A[1Gpulling manifest [K
pulling 1b2b95e2f0eb:   7% ▕█                 ▏ 603 MB/8.1 GB  4.5 MB/s   28m5s[K[A[1Gpulling manifest [K
pulling 1b2b95e2f0eb:   7% ▕█                 ▏ 604 MB/8.1 GB  4.5 MB/s   28m5s[K[A[1Gpulling manifest [K
pulling 1b2b95e2f0eb:   7% ▕█                 ▏ 604 MB/8.1 GB  4.5 MB/s   28m2s[K[A[1Gpulling manifest [K
pulling 1b2b95e2f0eb:   7% ▕█                 ▏ 604 MB/8.1 GB  4.5 MB/s   28m2s[K[A[1Gpulling manifest [K
pulling 1b2b95e2f0eb:   7% ▕█                 ▏ 605 MB/8.1 GB  4.5 MB/s   28m2s[K[A[1Gpulling manifest [K
pulling 1b2b95e2f0eb:   7% ▕█                 ▏ 605 MB/8.1 GB  4.5 MB/s   28m2s[K[A[1Gpulling manifest [K
pulling 1b2b95e2f0eb:   7% ▕█                 ▏ 606 MB/8.1 GB  4.5 MB/s   28m2s[K[A[1Gpulling manifest [K
pulling 1b2b95e2f0eb:   7% ▕█                 ▏ 606 MB/8.1 GB  4.5 MB/s   28m1s[K[A[1Gpulling manifest [K
pulling 1b2b95e2f0eb:   7% ▕█                 ▏ 607 MB/8.1 GB  4.5 MB/s   28m1s[K[A[1Gpulling manifest [K
pulling 1b2b95e2f0eb:   7% ▕█                 ▏ 607 MB/8.1 GB  4.5 MB/s   28m1s[K[A[1Gpulling manifest [K
pulling 1b2b95e2f0eb:   8% ▕█                 ▏ 608 MB/8.1 GB  4.5 MB/s   28m1s[K[A[1Gpulling manifest [K
pulling 1b2b95e2f0eb:   8% ▕█                 ▏ 608 MB/8.1 GB  4.5 MB/s   28m1s[K[A[1Gpulling manifest [K
pulling 1b2b95e2f0eb:   8% ▕█                 ▏ 609 MB/8.1 GB  4.5 MB/s  27m57s[K[A[1Gpulling manifest [K
pulling 1b2b95e2f0eb:   8% ▕█                 ▏ 609 MB/8.1 GB  4.5 MB/s  27m57s[K[A[1Gpulling manifest [K
pulling 1b2b95e2f0eb:   8% ▕█                 ▏ 610 MB/8.1 GB  4.5 MB/s  27m57s[K[A[1Gpulling manifest [K
pulling 1b2b95e2f0eb:   8% ▕█                 ▏ 610 MB/8.1 GB  4.5 MB/s  27m57s[K[A[1Gpulling manifest [K
pulling 1b2b95e2f0eb:   8% ▕█                 ▏ 611 MB/8.1 GB  4.5 MB/s  27m56s[K[A[1Gpulling manifest [K
pulling 1b2b95e2f0eb:   8% ▕█                 ▏ 611 MB/8.1 GB  4.5 MB/s  27m56s[K[A[1Gpulling manifest [K
pulling 1b2b95e2f0eb:   8% ▕█                 ▏ 611 MB/8.1 GB  4.5 MB/s  27m56s[K[A[1Gpulling manifest [K
pulling 1b2b95e2f0eb:   8% ▕█                 ▏ 612 MB/8.1 GB  4.5 MB/s  27m56s[K[A[1Gpulling manifest [K
pulling 1b2b95e2f0eb:   8% ▕█                 ▏ 612 MB/8.1 GB  4.5 MB/s  27m56s[K[A[1Gpulling manifest [K
pulling 1b2b95e2f0eb:   8% ▕█                 ▏ 613 MB/8.1 GB  4.5 MB/s  27m56s[K[A[1Gpulling manifest [K
pulling 1b2b95e2f0eb:   8% ▕█                 ▏ 613 MB/8.1 GB  4.5 MB/s  27m51s[K[A[1Gpulling manifest [K
pulling 1b2b95e2f0eb:   8% ▕█                 ▏ 613 MB/8.1 GB  4.5 MB/s  27m51s[K[A[1Gpulling manifest [K
pulling 1b2b95e2f0eb:   8% ▕█                 ▏ 614 MB/8.1 GB  4.5 MB/s  27m50s[K[A[1Gpulling manifest [K
pulling 1b2b95e2f0eb:   8% ▕█                 ▏ 615 MB/8.1 GB  4.5 MB/s  27m50s[K[A[1Gpulling manifest [K
pulling 1b2b95e2f0eb:   8% ▕█                 ▏ 615 MB/8.1 GB  4.5 MB/s  27m50s[K[A[1Gpulling manifest [K
pulling 1b2b95e2f0eb:   8% ▕█                 ▏ 615 MB/8.1 GB  4.5 MB/s  27m50s[K[A[1Gpulling manifest [K
pulling 1b2b95e2f0eb:   8% ▕█                 ▏ 616 MB/8.1 GB  4.5 MB/s  27m50s[K[A[1Gpulling manifest [K
pulling 1b2b95e2f0eb:   8% ▕█                 ▏ 616 MB/8.1 GB  4.5 MB/s  27m50s[K[A[1Gpulling manifest [K
pulling 1b2b95e2f0eb:   8% ▕█                 ▏ 617 MB/8.1 GB  4.5 MB/s  27m50s[K[A[1Gpulling manifest [K
pulling 1b2b95e2f0eb:   8% ▕█                 ▏ 617 MB/8.1 GB  4.5 MB/s  27m50s[K[A[1Gpulling manifest [K
pulling 1b2b95e2f0eb:   8% ▕█                 ▏ 618 MB/8.1 GB  4.5 MB/s  27m50s[K[A[1Gpulling manifest [K
pulling 1b2b95e2f0eb:   8% ▕█                 ▏ 618 MB/8.1 GB  4.5 MB/s  27m55s[K[A[1Gpulling manifest [K
pulling 1b2b95e2f0eb:   8% ▕█                 ▏ 618 MB/8.1 GB  4.5 MB/s  27m55s[K[A[1Gpulling manifest [K
pulling 1b2b95e2f0eb:   8% ▕█                 ▏ 619 MB/8.1 GB  4.5 MB/s  27m55s[K[A[1Gpulling manifest [K
pulling 1b2b95e2f0eb:   8% ▕█                 ▏ 620 MB/8.1 GB  4.5 MB/s  27m55s[K[A[1Gpulling manifest [K
pulling 1b2b95e2f0eb:   8% ▕█                 ▏ 620 MB/8.1 GB  4.5 MB/s  27m54s[K[A[1Gpulling manifest [K
pulling 1b2b95e2f0eb:   8% ▕█                 ▏ 620 MB/8.1 GB  4.5 MB/s  27m54s[K[A[1Gpulling manifest [K
pulling 1b2b95e2f0eb:   8% ▕█                 ▏ 621 MB/8.1 GB  4.5 MB/s  27m54s[K[A[1Gpulling manifest [K
pulling 1b2b95e2f0eb:   8% ▕█                 ▏ 621 MB/8.1 GB  4.5 MB/s  27m54s[K[A[1Gpulling manifest [K
pulling 1b2b95e2f0eb:   8% ▕█                 ▏ 622 MB/8.1 GB  4.5 MB/s  27m54s[K[A[1Gpulling manifest [K
pulling 1b2b95e2f0eb:   8% ▕█                 ▏ 622 MB/8.1 GB  4.5 MB/s  27m54s[K[A[1Gpulling manifest [K
pulling 1b2b95e2f0eb:   8% ▕█                 ▏ 623 MB/8.1 GB  4.5 MB/s  27m37s[K[A[1Gpulling manifest [K
pulling 1b2b95e2f0eb:   8% ▕█                 ▏ 623 MB/8.1 GB  4.5 MB/s  27m37s[K[A[1Gpulling manifest [K
pulling 1b2b95e2f0eb:   8% ▕█                 ▏ 623 MB/8.1 GB  4.5 MB/s  27m36s[K[A[1Gpulling manifest [K
pulling 1b2b95e2f0eb:   8% ▕█                 ▏ 624 MB/8.1 GB  4.5 MB/s  27m36s[K[A[1Gpulling manifest [K
pulling 1b2b95e2f0eb:   8% ▕█                 ▏ 624 MB/8.1 GB  4.5 MB/s  27m36s[K[A[1Gpulling manifest [K
pulling 1b2b95e2f0eb:   8% ▕█                 ▏ 625 MB/8.1 GB  4.5 MB/s  27m36s[K[A[1Gpulling manifest [K
pulling 1b2b95e2f0eb:   8% ▕█                 ▏ 625 MB/8.1 GB  4.5 MB/s  27m36s[K[A[1Gpulling manifest [K
pulling 1b2b95e2f0eb:   8% ▕█                 ▏ 626 MB/8.1 GB  4.5 MB/s  27m36s[K[A[1Gpulling manifest [K
pulling 1b2b95e2f0eb:   8% ▕█                 ▏ 626 MB/8.1 GB  4.5 MB/s  27m36s[K[A[1Gpulling manifest [K
pulling 1b2b95e2f0eb:   8% ▕█                 ▏ 626 MB/8.1 GB  4.5 MB/s  27m36s[K[A[1Gpulling manifest [K
pulling 1b2b95e2f0eb:   8% ▕█                 ▏ 627 MB/8.1 GB  4.5 MB/s  27m47s[K[A[1Gpulling manifest [K
pulling 1b2b95e2f0eb:   8% ▕█                 ▏ 627 MB/8.1 GB  4.5 MB/s  27m47s[K[A[1Gpulling manifest [K
pulling 1b2b95e2f0eb:   8% ▕█                 ▏ 628 MB/8.1 GB  4.5 MB/s  27m47s[K[A[1Gpulling manifest [K
pulling 1b2b95e2f0eb:   8% ▕█                 ▏ 628 MB/8.1 GB  4.5 MB/s  27m47s[K[A[1Gpulling manifest [K
pulling 1b2b95e2f0eb:   8% ▕█                 ▏ 628 MB/8.1 GB  4.5 MB/s  27m47s[K[A[1Gpulling manifest [K
pulling 1b2b95e2f0eb:   8% ▕█                 ▏ 629 MB/8.1 GB  4.5 MB/s  27m47s[K[A[1Gpulling manifest [K
pulling 1b2b95e2f0eb:   8% ▕█                 ▏ 629 MB/8.1 GB  4.5 MB/s  27m47s[K[A[1Gpulling manifest [K
pulling 1b2b95e2f0eb:   8% ▕█                 ▏ 629 MB/8.1 GB  4.5 MB/s  27m46s[K[A[1Gpulling manifest [K
pulling 1b2b95e2f0eb:   8% ▕█                 ▏ 630 MB/8.1 GB  4.5 MB/s  27m46s[K[A[1Gpulling manifest [K
pulling 1b2b95e2f0eb:   8% ▕█                 ▏ 630 MB/8.1 GB  4.5 MB/s  27m46s[K[A[1Gpulling manifest [K
pulling 1b2b95e2f0eb:   8% ▕█                 ▏ 631 MB/8.1 GB  4.4 MB/s  28m14s[K[A[1Gpulling manifest [K
pulling 1b2b95e2f0eb:   8% ▕█                 ▏ 631 MB/8.1 GB  4.4 MB/s  28m14s[K[A[1Gpulling manifest [K
pulling 1b2b95e2f0eb:   8% ▕█                 ▏ 632 MB/8.1 GB  4.4 MB/s  28m14s[K[A[1Gpulling manifest [K
pulling 1b2b95e2f0eb:   8% ▕█                 ▏ 632 MB/8.1 GB  4.4 MB/s  28m14s[K[A[1Gpulling manifest [K
pulling 1b2b95e2f0eb:   8% ▕█                 ▏ 633 MB/8.1 GB  4.4 MB/s  28m14s[K[A[1Gpulling manifest [K
pulling 1b2b95e2f0eb:   8% ▕█                 ▏ 633 MB/8.1 GB  4.4 MB/s  28m14s[K[A[1Gpulling manifest [K
pulling 1b2b95e2f0eb:   8% ▕█                 ▏ 633 MB/8.1 GB  4.4 MB/s  28m14s[K[A[1Gpulling manifest [K
pulling 1b2b95e2f0eb:   8% ▕█                 ▏ 634 MB/8.1 GB  4.4 MB/s  28m13s[K[A[1Gpulling manifest [K
pulling 1b2b95e2f0eb:   8% ▕█                 ▏ 634 MB/8.1 GB  4.4 MB/s  28m13s[K[A[1Gpulling manifest [K
pulling 1b2b95e2f0eb:   8% ▕█                 ▏ 635 MB/8.1 GB  4.4 MB/s  28m13s[K[A[1Gpulling manifest [K
pulling 1b2b95e2f0eb:   8% ▕█                 ▏ 635 MB/8.1 GB  4.5 MB/s  27m46s[K[A[1Gpulling manifest [K
pulling 1b2b95e2f0eb:   8% ▕█                 ▏ 636 MB/8.1 GB  4.5 MB/s  27m46s[K[A[1Gpulling manifest [K
pulling 1b2b95e2f0eb:   8% ▕█                 ▏ 636 MB/8.1 GB  4.5 MB/s  27m46s[K[A[1Gpulling manifest [K
pulling 1b2b95e2f0eb:   8% ▕█                 ▏ 637 MB/8.1 GB  4.5 MB/s  27m45s[K[A[1Gpulling manifest [K
pulling 1b2b95e2f0eb:   8% ▕█                 ▏ 637 MB/8.1 GB  4.5 MB/s  27m45s[K[A[1Gpulling manifest [K
pulling 1b2b95e2f0eb:   8% ▕█                 ▏ 637 MB/8.1 GB  4.5 MB/s  27m45s[K[A[1Gpulling manifest [K
pulling 1b2b95e2f0eb:   8% ▕█                 ▏ 638 MB/8.1 GB  4.5 MB/s  27m45s[K[A[1Gpulling manifest [K
pulling 1b2b95e2f0eb:   8% ▕█                 ▏ 638 MB/8.1 GB  4.5 MB/s  27m45s[K[A[1Gpulling manifest [K
pulling 1b2b95e2f0eb:   8% ▕█                 ▏ 639 MB/8.1 GB  4.5 MB/s  27m45s[K[A[1Gpulling manifest [K
pulling 1b2b95e2f0eb:   8% ▕█                 ▏ 639 MB/8.1 GB  4.5 MB/s  27m45s[K[A[1Gpulling manifest [K
pulling 1b2b95e2f0eb:   8% ▕█                 ▏ 640 MB/8.1 GB  4.5 MB/s  27m45s[K[A[1Gpulling manifest [K
pulling 1b2b95e2f0eb:   8% ▕█                 ▏ 640 MB/8.1 GB  4.5 MB/s  27m41s[K[A[1Gpulling manifest [K
pulling 1b2b95e2f0eb:   8% ▕█                 ▏ 641 MB/8.1 GB  4.5 MB/s  27m41s[K[A[1Gpulling manifest [K
pulling 1b2b95e2f0eb:   8% ▕█                 ▏ 641 MB/8.1 GB  4.5 MB/s  27m41s[K[A[1Gpulling manifest [K
pulling 1b2b95e2f0eb:   8% ▕█                 ▏ 641 MB/8.1 GB  4.5 MB/s  27m41s[K[A[1Gpulling manifest [K
pulling 1b2b95e2f0eb:   8% ▕█                 ▏ 642 MB/8.1 GB  4.5 MB/s  27m41s[K[A[1Gpulling manifest [K
pulling 1b2b95e2f0eb:   8% ▕█                 ▏ 642 MB/8.1 GB  4.5 MB/s  27m41s[K[A[1Gpulling manifest [K
pulling 1b2b95e2f0eb:   8% ▕█                 ▏ 643 MB/8.1 GB  4.5 MB/s  27m40s[K[A[1Gpulling manifest [K
pulling 1b2b95e2f0eb:   8% ▕█                 ▏ 643 MB/8.1 GB  4.5 MB/s  27m40s[K[A[1Gpulling manifest [K
pulling 1b2b95e2f0eb:   8% ▕█                 ▏ 644 MB/8.1 GB  4.5 MB/s  27m40s[K[A[1Gpulling manifest [K
pulling 1b2b95e2f0eb:   8% ▕█                 ▏ 644 MB/8.1 GB  4.5 MB/s  27m40s[K[A[1Gpulling manifest [K
pulling 1b2b95e2f0eb:   8% ▕█                 ▏ 645 MB/8.1 GB  4.5 MB/s  27m43s[K[A[1Gpulling manifest [K
pulling 1b2b95e2f0eb:   8% ▕█                 ▏ 645 MB/8.1 GB  4.5 MB/s  27m43s[K[A[1Gpulling manifest [K
pulling 1b2b95e2f0eb:   8% ▕█                 ▏ 645 MB/8.1 GB  4.5 MB/s  27m43s[K[A[1Gpulling manifest [K
pulling 1b2b95e2f0eb:   8% ▕█                 ▏ 646 MB/8.1 GB  4.5 MB/s  27m43s[K[A[1Gpulling manifest [K
pulling 1b2b95e2f0eb:   8% ▕█                 ▏ 646 MB/8.1 GB  4.5 MB/s  27m43s[K[A[1Gpulling manifest [K
pulling 1b2b95e2f0eb:   8% ▕█                 ▏ 647 MB/8.1 GB  4.5 MB/s  27m43s[K[A[1Gpulling manifest [K
pulling 1b2b95e2f0eb:   8% ▕█                 ▏ 647 MB/8.1 GB  4.5 MB/s  27m43s[K[A[1Gpulling manifest [K
pulling 1b2b95e2f0eb:   8% ▕█                 ▏ 648 MB/8.1 GB  4.5 MB/s  27m43s[K[A[1Gpulling manifest [K
pulling 1b2b95e2f0eb:   8% ▕█                 ▏ 648 MB/8.1 GB  4.5 MB/s  27m43s[K[A[1Gpulling manifest [K
pulling 1b2b95e2f0eb:   8% ▕█                 ▏ 649 MB/8.1 GB  4.5 MB/s  27m43s[K[A[1Gpulling manifest [K
pulling 1b2b95e2f0eb:   8% ▕█                 ▏ 649 MB/8.1 GB  4.5 MB/s  27m46s[K[A[1Gpulling manifest [K
pulling 1b2b95e2f0eb:   8% ▕█                 ▏ 650 MB/8.1 GB  4.5 MB/s  27m46s[K[A[1Gpulling manifest [K
pulling 1b2b95e2f0eb:   8% ▕█                 ▏ 650 MB/8.1 GB  4.5 MB/s  27m46s[K[A[1Gpulling manifest [K
pulling 1b2b95e2f0eb:   8% ▕█                 ▏ 651 MB/8.1 GB  4.5 MB/s  27m46s[K[A[1Gpulling manifest [K
pulling 1b2b95e2f0eb:   8% ▕█                 ▏ 651 MB/8.1 GB  4.5 MB/s  27m45s[K[A[1Gpulling manifest [K
pulling 1b2b95e2f0eb:   8% ▕█                 ▏ 652 MB/8.1 GB  4.5 MB/s  27m45s[K[A[1Gpulling manifest [K
pulling 1b2b95e2f0eb:   8% ▕█                 ▏ 652 MB/8.1 GB  4.5 MB/s  27m45s[K[A[1Gpulling manifest [K
pulling 1b2b95e2f0eb:   8% ▕█                 ▏ 652 MB/8.1 GB  4.5 MB/s  27m45s[K[A[1Gpulling manifest [K
pulling 1b2b95e2f0eb:   8% ▕█                 ▏ 653 MB/8.1 GB  4.5 MB/s  27m45s[K[A[1Gpulling manifest [K
pulling 1b2b95e2f0eb:   8% ▕█                 ▏ 653 MB/8.1 GB  4.5 MB/s  27m45s[K[A[1Gpulling manifest [K
pulling 1b2b95e2f0eb:   8% ▕█                 ▏ 654 MB/8.1 GB  4.5 MB/s  27m39s[K[A[1Gpulling manifest [K
pulling 1b2b95e2f0eb:   8% ▕█                 ▏ 654 MB/8.1 GB  4.5 MB/s  27m39s[K[A[1Gpulling manifest [K
pulling 1b2b95e2f0eb:   8% ▕█                 ▏ 654 MB/8.1 GB  4.5 MB/s  27m39s[K[A[1Gpulling manifest [K
pulling 1b2b95e2f0eb:   8% ▕█                 ▏ 655 MB/8.1 GB  4.5 MB/s  27m39s[K[A[1Gpulling manifest [K
pulling 1b2b95e2f0eb:   8% ▕█                 ▏ 655 MB/8.1 GB  4.5 MB/s  27m39s[K[A[1Gpulling manifest [K
pulling 1b2b95e2f0eb:   8% ▕█                 ▏ 656 MB/8.1 GB  4.5 MB/s  27m39s[K[A[1Gpulling manifest [K
pulling 1b2b95e2f0eb:   8% ▕█                 ▏ 656 MB/8.1 GB  4.5 MB/s  27m39s[K[A[1Gpulling manifest [K
pulling 1b2b95e2f0eb:   8% ▕█                 ▏ 656 MB/8.1 GB  4.5 MB/s  27m38s[K[A[1Gpulling manifest [K
pulling 1b2b95e2f0eb:   8% ▕█                 ▏ 657 MB/8.1 GB  4.5 MB/s  27m38s[K[A[1Gpulling manifest [K
pulling 1b2b95e2f0eb:   8% ▕█                 ▏ 657 MB/8.1 GB  4.5 MB/s  27m38s[K[A[1Gpulling manifest [K
pulling 1b2b95e2f0eb:   8% ▕█                 ▏ 658 MB/8.1 GB  4.5 MB/s  27m54s[K[A[1Gpulling manifest [K
pulling 1b2b95e2f0eb:   8% ▕█                 ▏ 658 MB/8.1 GB  4.5 MB/s  27m54s[K[A[1Gpulling manifest [K
pulling 1b2b95e2f0eb:   8% ▕█                 ▏ 659 MB/8.1 GB  4.5 MB/s  27m54s[K[A[1Gpulling manifest [K
pulling 1b2b95e2f0eb:   8% ▕█                 ▏ 659 MB/8.1 GB  4.5 MB/s  27m53s[K[A[1Gpulling manifest [K
pulling 1b2b95e2f0eb:   8% ▕█                 ▏ 659 MB/8.1 GB  4.5 MB/s  27m53s[K[A[1Gpulling manifest [K
pulling 1b2b95e2f0eb:   8% ▕█                 ▏ 660 MB/8.1 GB  4.5 MB/s  27m53s[K[A[1Gpulling manifest [K
pulling 1b2b95e2f0eb:   8% ▕█                 ▏ 660 MB/8.1 GB  4.5 MB/s  27m53s[K[A[1Gpulling manifest [K
pulling 1b2b95e2f0eb:   8% ▕█                 ▏ 661 MB/8.1 GB  4.5 MB/s  27m53s[K[A[1Gpulling manifest [K
pulling 1b2b95e2f0eb:   8% ▕█                 ▏ 661 MB/8.1 GB  4.5 MB/s  27m53s[K[A[1Gpulling manifest [K
pulling 1b2b95e2f0eb:   8% ▕█                 ▏ 662 MB/8.1 GB  4.5 MB/s  27m53s[K[A[1Gpulling manifest [K
pulling 1b2b95e2f0eb:   8% ▕█                 ▏ 662 MB/8.1 GB  4.5 MB/s  27m53s[K[A[1Gpulling manifest [K
pulling 1b2b95e2f0eb:   8% ▕█                 ▏ 663 MB/8.1 GB  4.4 MB/s  27m58s[K[A[1Gpulling manifest [K
pulling 1b2b95e2f0eb:   8% ▕█                 ▏ 663 MB/8.1 GB  4.4 MB/s  27m58s[K[A[1Gpulling manifest [K
pulling 1b2b95e2f0eb:   8% ▕█                 ▏ 663 MB/8.1 GB  4.4 MB/s  27m58s[K[A[1Gpulling manifest [K
pulling 1b2b95e2f0eb:   8% ▕█                 ▏ 664 MB/8.1 GB  4.4 MB/s  27m58s[K[A[1Gpulling manifest [K
pulling 1b2b95e2f0eb:   8% ▕█                 ▏ 664 MB/8.1 GB  4.4 MB/s  27m58s[K[A[1Gpulling manifest [K
pulling 1b2b95e2f0eb:   8% ▕█                 ▏ 664 MB/8.1 GB  4.4 MB/s  27m58s[K[A[1Gpulling manifest [K
pulling 1b2b95e2f0eb:   8% ▕█                 ▏ 665 MB/8.1 GB  4.4 MB/s  27m57s[K[A[1Gpulling manifest [K
pulling 1b2b95e2f0eb:   8% ▕█                 ▏ 666 MB/8.1 GB  4.4 MB/s  27m57s[K[A[1Gpulling manifest [K
pulling 1b2b95e2f0eb:   8% ▕█                 ▏ 666 MB/8.1 GB  4.4 MB/s  27m57s[K[A[1Gpulling manifest [K
pulling 1b2b95e2f0eb:   8% ▕█                 ▏ 666 MB/8.1 GB  4.4 MB/s  27m57s[K[A[1Gpulling manifest [K
pulling 1b2b95e2f0eb:   8% ▕█                 ▏ 667 MB/8.1 GB  4.4 MB/s   28m0s[K[A[1Gpulling manifest [K
pulling 1b2b95e2f0eb:   8% ▕█                 ▏ 667 MB/8.1 GB  4.4 MB/s   28m0s[K[A[1Gpulling manifest [K
pulling 1b2b95e2f0eb:   8% ▕█                 ▏ 668 MB/8.1 GB  4.4 MB/s   28m0s[K[A[1Gpulling manifest [K
pulling 1b2b95e2f0eb:   8% ▕█                 ▏ 668 MB/8.1 GB  4.4 MB/s   28m0s[K[A[1Gpulling manifest [K
pulling 1b2b95e2f0eb:   8% ▕█                 ▏ 668 MB/8.1 GB  4.4 MB/s   28m0s[K[A[1Gpulling manifest [K
pulling 1b2b95e2f0eb:   8% ▕█                 ▏ 669 MB/8.1 GB  4.4 MB/s   28m0s[K[A[1Gpulling manifest [K
pulling 1b2b95e2f0eb:   8% ▕█                 ▏ 669 MB/8.1 GB  4.4 MB/s   28m0s[K[A[1Gpulling manifest [K
pulling 1b2b95e2f0eb:   8% ▕█                 ▏ 669 MB/8.1 GB  4.4 MB/s   28m0s[K[A[1Gpulling manifest [K
pulling 1b2b95e2f0eb:   8% ▕█                 ▏ 670 MB/8.1 GB  4.4 MB/s  27m59s[K[A[1Gpulling manifest [K
pulling 1b2b95e2f0eb:   8% ▕█                 ▏ 671 MB/8.1 GB  4.4 MB/s  27m59s[K[A[1Gpulling manifest [K
pulling 1b2b95e2f0eb:   8% ▕█                 ▏ 671 MB/8.1 GB  4.4 MB/s  27m52s[K[A[1Gpulling manifest [K
pulling 1b2b95e2f0eb:   8% ▕█                 ▏ 671 MB/8.1 GB  4.4 MB/s  27m52s[K[A[1Gpulling manifest [K
pulling 1b2b95e2f0eb:   8% ▕█                 ▏ 672 MB/8.1 GB  4.4 MB/s  27m52s[K[A[1Gpulling manifest [K
pulling 1b2b95e2f0eb:   8% ▕█                 ▏ 672 MB/8.1 GB  4.4 MB/s  27m52s[K[A[1Gpulling manifest [K
pulling 1b2b95e2f0eb:   8% ▕█                 ▏ 673 MB/8.1 GB  4.4 MB/s  27m52s[K[A[1Gpulling manifest [K
pulling 1b2b95e2f0eb:   8% ▕█                 ▏ 673 MB/8.1 GB  4.4 MB/s  27m51s[K[A[1Gpulling manifest [K
pulling 1b2b95e2f0eb:   8% ▕█                 ▏ 674 MB/8.1 GB  4.4 MB/s  27m51s[K[A[1Gpulling manifest [K
pulling 1b2b95e2f0eb:   8% ▕█                 ▏ 674 MB/8.1 GB  4.4 MB/s  27m51s[K[A[1Gpulling manifest [K
pulling 1b2b95e2f0eb:   8% ▕█                 ▏ 675 MB/8.1 GB  4.4 MB/s  27m51s[K[A[1Gpulling manifest [K
pulling 1b2b95e2f0eb:   8% ▕█                 ▏ 675 MB/8.1 GB  4.4 MB/s  27m51s[K[A[1Gpulling manifest [K
pulling 1b2b95e2f0eb:   8% ▕█                 ▏ 675 MB/8.1 GB  4.4 MB/s  27m55s[K[A[1Gpulling manifest [K
pulling 1b2b95e2f0eb:   8% ▕█                 ▏ 676 MB/8.1 GB  4.4 MB/s  27m55s[K[A[1Gpulling manifest [K
pulling 1b2b95e2f0eb:   8% ▕█                 ▏ 676 MB/8.1 GB  4.4 MB/s  27m55s[K[A[1Gpulling manifest [K
pulling 1b2b95e2f0eb:   8% ▕█                 ▏ 677 MB/8.1 GB  4.4 MB/s  27m55s[K[A[1Gpulling manifest [K
pulling 1b2b95e2f0eb:   8% ▕█                 ▏ 677 MB/8.1 GB  4.4 MB/s  27m55s[K[A[1Gpulling manifest [K
pulling 1b2b95e2f0eb:   8% ▕█                 ▏ 677 MB/8.1 GB  4.4 MB/s  27m55s[K[A[1Gpulling manifest [K
pulling 1b2b95e2f0eb:   8% ▕█                 ▏ 678 MB/8.1 GB  4.4 MB/s  27m55s[K[A[1Gpulling manifest [K
pulling 1b2b95e2f0eb:   8% ▕█                 ▏ 678 MB/8.1 GB  4.4 MB/s  27m55s[K[A[1Gpulling manifest [K
pulling 1b2b95e2f0eb:   8% ▕█                 ▏ 678 MB/8.1 GB  4.4 MB/s  27m55s[K[A[1Gpulling manifest [K
pulling 1b2b95e2f0eb:   8% ▕█                 ▏ 679 MB/8.1 GB  4.4 MB/s  27m54s[K[A[1Gpulling manifest [K
pulling 1b2b95e2f0eb:   8% ▕█                 ▏ 679 MB/8.1 GB  4.4 MB/s  28m20s[K[A[1Gpulling manifest [K
pulling 1b2b95e2f0eb:   8% ▕█                 ▏ 680 MB/8.1 GB  4.4 MB/s  28m20s[K[A[1Gpulling manifest [K
pulling 1b2b95e2f0eb:   8% ▕█                 ▏ 680 MB/8.1 GB  4.4 MB/s  28m20s[K[A[1Gpulling manifest [K
pulling 1b2b95e2f0eb:   8% ▕█                 ▏ 681 MB/8.1 GB  4.4 MB/s  28m20s[K[A[1Gpulling manifest [K
pulling 1b2b95e2f0eb:   8% ▕█                 ▏ 681 MB/8.1 GB  4.4 MB/s  28m20s[K[A[1Gpulling manifest [K
pulling 1b2b95e2f0eb:   8% ▕█                 ▏ 682 MB/8.1 GB  4.4 MB/s  28m19s[K[A[1Gpulling manifest [K
pulling 1b2b95e2f0eb:   8% ▕█                 ▏ 682 MB/8.1 GB  4.4 MB/s  28m19s[K[A[1Gpulling manifest [K
pulling 1b2b95e2f0eb:   8% ▕█                 ▏ 683 MB/8.1 GB  4.4 MB/s  28m19s[K[A[1Gpulling manifest [K
pulling 1b2b95e2f0eb:   8% ▕█                 ▏ 683 MB/8.1 GB  4.4 MB/s  28m19s[K[A[1Gpulling manifest [K
pulling 1b2b95e2f0eb:   8% ▕█                 ▏ 683 MB/8.1 GB  4.4 MB/s  28m19s[K[A[1Gpulling manifest [K
pulling 1b2b95e2f0eb:   8% ▕█                 ▏ 684 MB/8.1 GB  4.4 MB/s  28m19s[K[A[1Gpulling manifest [K
pulling 1b2b95e2f0eb:   8% ▕█                 ▏ 684 MB/8.1 GB  4.4 MB/s  28m18s[K[A[1Gpulling manifest [K
pulling 1b2b95e2f0eb:   8% ▕█                 ▏ 685 MB/8.1 GB  4.4 MB/s  28m18s[K[A[1Gpulling manifest [K
pulling 1b2b95e2f0eb:   8% ▕█                 ▏ 685 MB/8.1 GB  4.4 MB/s  28m18s[K[A[1Gpulling manifest [K
pulling 1b2b95e2f0eb:   8% ▕█                 ▏ 685 MB/8.1 GB  4.4 MB/s  28m18s[K[A[1Gpulling manifest [K
pulling 1b2b95e2f0eb:   8% ▕█                 ▏ 686 MB/8.1 GB  4.4 MB/s  28m18s[K[A[1Gpulling manifest [K
pulling 1b2b95e2f0eb:   8% ▕█                 ▏ 686 MB/8.1 GB  4.4 MB/s  28m18s[K[A[1Gpulling manifest [K
pulling 1b2b95e2f0eb:   8% ▕█                 ▏ 687 MB/8.1 GB  4.4 MB/s  28m17s[K[A[1Gpulling manifest [K
pulling 1b2b95e2f0eb:   8% ▕█                 ▏ 687 MB/8.1 GB  4.4 MB/s  28m17s[K[A[1Gpulling manifest [K
pulling 1b2b95e2f0eb:   8% ▕█                 ▏ 687 MB/8.1 GB  4.4 MB/s  28m17s[K[A[1Gpulling manifest [K
pulling 1b2b95e2f0eb:   8% ▕█                 ▏ 688 MB/8.1 GB  4.4 MB/s  28m17s[K[A[1Gpulling manifest [K
pulling 1b2b95e2f0eb:   8% ▕█                 ▏ 688 MB/8.1 GB  4.3 MB/s  28m36s[K[A[1Gpulling manifest [K
pulling 1b2b95e2f0eb:   8% ▕█                 ▏ 688 MB/8.1 GB  4.3 MB/s  28m36s[K[A[1Gpulling manifest [K
pulling 1b2b95e2f0eb:   9% ▕█                 ▏ 689 MB/8.1 GB  4.3 MB/s  28m35s[K[A[1Gpulling manifest [K
pulling 1b2b95e2f0eb:   9% ▕█                 ▏ 690 MB/8.1 GB  4.3 MB/s  28m35s[K[A[1Gpulling manifest [K
pulling 1b2b95e2f0eb:   9% ▕█                 ▏ 690 MB/8.1 GB  4.3 MB/s  28m35s[K[A[1Gpulling manifest [K
pulling 1b2b95e2f0eb:   9% ▕█                 ▏ 690 MB/8.1 GB  4.3 MB/s  28m35s[K[A[1Gpulling manifest [K
pulling 1b2b95e2f0eb:   9% ▕█                 ▏ 691 MB/8.1 GB  4.3 MB/s  28m35s[K[A[1Gpulling manifest [K
pulling 1b2b95e2f0eb:   9% ▕█                 ▏ 691 MB/8.1 GB  4.3 MB/s  28m35s[K[A[1Gpulling manifest [K
pulling 1b2b95e2f0eb:   9% ▕█                 ▏ 692 MB/8.1 GB  4.3 MB/s  28m35s[K[A[1Gpulling manifest [K
pulling 1b2b95e2f0eb:   9% ▕█                 ▏ 692 MB/8.1 GB  4.3 MB/s  28m35s[K[A[1Gpulling manifest [K
pulling 1b2b95e2f0eb:   9% ▕█                 ▏ 692 MB/8.1 GB  4.3 MB/s  28m42s[K[A[1Gpulling manifest [K
pulling 1b2b95e2f0eb:   9% ▕█                 ▏ 693 MB/8.1 GB  4.3 MB/s  28m42s[K[A[1Gpulling manifest [K
pulling 1b2b95e2f0eb:   9% ▕█                 ▏ 693 MB/8.1 GB  4.3 MB/s  28m42s[K[A[1Gpulling manifest [K
pulling 1b2b95e2f0eb:   9% ▕█                 ▏ 694 MB/8.1 GB  4.3 MB/s  28m42s[K[A[1Gpulling manifest [K
pulling 1b2b95e2f0eb:   9% ▕█                 ▏ 694 MB/8.1 GB  4.3 MB/s  28m42s[K[A[1Gpulling manifest [K
pulling 1b2b95e2f0eb:   9% ▕█                 ▏ 695 MB/8.1 GB  4.3 MB/s  28m42s[K[A[1Gpulling manifest [K
pulling 1b2b95e2f0eb:   9% ▕█                 ▏ 695 MB/8.1 GB  4.3 MB/s  28m42s[K[A[1Gpulling manifest [K
pulling 1b2b95e2f0eb:   9% ▕█                 ▏ 696 MB/8.1 GB  4.3 MB/s  28m41s[K[A[1Gpulling manifest [K
pulling 1b2b95e2f0eb:   9% ▕█                 ▏ 696 MB/8.1 GB  4.3 MB/s  28m41s[K[A[1Gpulling manifest [K
pulling 1b2b95e2f0eb:   9% ▕█                 ▏ 696 MB/8.1 GB  4.3 MB/s  28m41s[K[A[1Gpulling manifest [K
pulling 1b2b95e2f0eb:   9% ▕█                 ▏ 697 MB/8.1 GB  4.3 MB/s  28m33s[K[A[1Gpulling manifest [K
pulling 1b2b95e2f0eb:   9% ▕█                 ▏ 697 MB/8.1 GB  4.3 MB/s  28m32s[K[A[1Gpulling manifest [K
pulling 1b2b95e2f0eb:   9% ▕█                 ▏ 697 MB/8.1 GB  4.3 MB/s  28m32s[K[A[1Gpulling manifest [K
pulling 1b2b95e2f0eb:   9% ▕█                 ▏ 698 MB/8.1 GB  4.3 MB/s  28m32s[K[A[1Gpulling manifest [K
pulling 1b2b95e2f0eb:   9% ▕█                 ▏ 699 MB/8.1 GB  4.3 MB/s  28m32s[K[A[1Gpulling manifest [K
pulling 1b2b95e2f0eb:   9% ▕█                 ▏ 699 MB/8.1 GB  4.3 MB/s  28m32s[K[A[1Gpulling manifest [K
pulling 1b2b95e2f0eb:   9% ▕█                 ▏ 699 MB/8.1 GB  4.3 MB/s  28m32s[K[A[1Gpulling manifest [K
pulling 1b2b95e2f0eb:   9% ▕█                 ▏ 700 MB/8.1 GB  4.3 MB/s  28m32s[K[A[1Gpulling manifest [K
pulling 1b2b95e2f0eb:   9% ▕█                 ▏ 700 MB/8.1 GB  4.3 MB/s  28m32s[K[A[1Gpulling manifest [K
pulling 1b2b95e2f0eb:   9% ▕█                 ▏ 701 MB/8.1 GB  4.3 MB/s  28m32s[K[A[1Gpulling manifest [K
pulling 1b2b95e2f0eb:   9% ▕█                 ▏ 701 MB/8.1 GB  4.3 MB/s  28m29s[K[A[1Gpulling manifest [K
pulling 1b2b95e2f0eb:   9% ▕█                 ▏ 702 MB/8.1 GB  4.3 MB/s  28m29s[K[A[1Gpulling manifest [K
pulling 1b2b95e2f0eb:   9% ▕█                 ▏ 702 MB/8.1 GB  4.3 MB/s  28m28s[K[A[1Gpulling manifest [K
pulling 1b2b95e2f0eb:   9% ▕█                 ▏ 703 MB/8.1 GB  4.3 MB/s  28m28s[K[A[1Gpulling manifest [K
pulling 1b2b95e2f0eb:   9% ▕█                 ▏ 703 MB/8.1 GB  4.3 MB/s  28m28s[K[A[1Gpulling manifest [K
pulling 1b2b95e2f0eb:   9% ▕█                 ▏ 703 MB/8.1 GB  4.3 MB/s  28m28s[K[A[1Gpulling manifest [K
pulling 1b2b95e2f0eb:   9% ▕█                 ▏ 704 MB/8.1 GB  4.3 MB/s  28m28s[K[A[1Gpulling manifest [K
pulling 1b2b95e2f0eb:   9% ▕█                 ▏ 704 MB/8.1 GB  4.3 MB/s  28m28s[K[A[1Gpulling manifest [K
pulling 1b2b95e2f0eb:   9% ▕█                 ▏ 705 MB/8.1 GB  4.3 MB/s  28m28s[K[A[1Gpulling manifest [K
pulling 1b2b95e2f0eb:   9% ▕█                 ▏ 705 MB/8.1 GB  4.3 MB/s  28m28s[K[A[1Gpulling manifest [K
pulling 1b2b95e2f0eb:   9% ▕█                 ▏ 705 MB/8.1 GB  4.3 MB/s  28m28s[K[A[1Gpulling manifest [K
pulling 1b2b95e2f0eb:   9% ▕█                 ▏ 706 MB/8.1 GB  4.3 MB/s  28m32s[K[A[1Gpulling manifest [K
pulling 1b2b95e2f0eb:   9% ▕█                 ▏ 706 MB/8.1 GB  4.3 MB/s  28m32s[K[A[1Gpulling manifest [K
pulling 1b2b95e2f0eb:   9% ▕█                 ▏ 707 MB/8.1 GB  4.3 MB/s  28m32s[K[A[1Gpulling manifest [K
pulling 1b2b95e2f0eb:   9% ▕█                 ▏ 707 MB/8.1 GB  4.3 MB/s  28m32s[K[A[1Gpulling manifest [K
pulling 1b2b95e2f0eb:   9% ▕█                 ▏ 708 MB/8.1 GB  4.3 MB/s  28m32s[K[A[1Gpulling manifest [K
pulling 1b2b95e2f0eb:   9% ▕█                 ▏ 708 MB/8.1 GB  4.3 MB/s  28m32s[K[A[1Gpulling manifest [K
pulling 1b2b95e2f0eb:   9% ▕█                 ▏ 708 MB/8.1 GB  4.3 MB/s  28m32s[K[A[1Gpulling manifest [K
pulling 1b2b95e2f0eb:   9% ▕█                 ▏ 709 MB/8.1 GB  4.3 MB/s  28m32s[K[A[1Gpulling manifest [K
pulling 1b2b95e2f0eb:   9% ▕█                 ▏ 709 MB/8.1 GB  4.3 MB/s  28m32s[K[A[1Gpulling manifest [K
pulling 1b2b95e2f0eb:   9% ▕█                 ▏ 710 MB/8.1 GB  4.3 MB/s  28m31s[K[A[1Gpulling manifest [K
pulling 1b2b95e2f0eb:   9% ▕█                 ▏ 710 MB/8.1 GB  4.3 MB/s  28m24s[K[A[1Gpulling manifest [K
pulling 1b2b95e2f0eb:   9% ▕█                 ▏ 710 MB/8.1 GB  4.3 MB/s  28m24s[K[A[1Gpulling manifest [K
pulling 1b2b95e2f0eb:   9% ▕█                 ▏ 711 MB/8.1 GB  4.3 MB/s  28m24s[K[A[1Gpulling manifest [K
pulling 1b2b95e2f0eb:   9% ▕█                 ▏ 711 MB/8.1 GB  4.3 MB/s  28m24s[K[A[1Gpulling manifest [K
pulling 1b2b95e2f0eb:   9% ▕█                 ▏ 712 MB/8.1 GB  4.3 MB/s  28m24s[K[A[1Gpulling manifest [K
pulling 1b2b95e2f0eb:   9% ▕█                 ▏ 712 MB/8.1 GB  4.3 MB/s  28m24s[K[A[1Gpulling manifest [K
pulling 1b2b95e2f0eb:   9% ▕█                 ▏ 713 MB/8.1 GB  4.3 MB/s  28m24s[K[A[1Gpulling manifest [K
pulling 1b2b95e2f0eb:   9% ▕█                 ▏ 713 MB/8.1 GB  4.3 MB/s  28m24s[K[A[1Gpulling manifest [K
pulling 1b2b95e2f0eb:   9% ▕█                 ▏ 713 MB/8.1 GB  4.3 MB/s  28m23s[K[A[1Gpulling manifest [K
pulling 1b2b95e2f0eb:   9% ▕█                 ▏ 714 MB/8.1 GB  4.3 MB/s  28m23s[K[A[1Gpulling manifest [K
pulling 1b2b95e2f0eb:   9% ▕█                 ▏ 714 MB/8.1 GB  4.3 MB/s  28m34s[K[A[1Gpulling manifest [K
pulling 1b2b95e2f0eb:   9% ▕█                 ▏ 715 MB/8.1 GB  4.3 MB/s  28m33s[K[A[1Gpulling manifest [K
pulling 1b2b95e2f0eb:   9% ▕█                 ▏ 715 MB/8.1 GB  4.3 MB/s  28m33s[K[A[1Gpulling manifest [K
pulling 1b2b95e2f0eb:   9% ▕█                 ▏ 715 MB/8.1 GB  4.3 MB/s  28m33s[K[A[1Gpulling manifest [K
pulling 1b2b95e2f0eb:   9% ▕█                 ▏ 716 MB/8.1 GB  4.3 MB/s  28m33s[K[A[1Gpulling manifest [K
pulling 1b2b95e2f0eb:   9% ▕█                 ▏ 716 MB/8.1 GB  4.3 MB/s  28m33s[K[A[1Gpulling manifest [K
pulling 1b2b95e2f0eb:   9% ▕█                 ▏ 716 MB/8.1 GB  4.3 MB/s  28m33s[K[A[1Gpulling manifest [K
pulling 1b2b95e2f0eb:   9% ▕█                 ▏ 717 MB/8.1 GB  4.3 MB/s  28m33s[K[A[1Gpulling manifest [K
pulling 1b2b95e2f0eb:   9% ▕█                 ▏ 717 MB/8.1 GB  4.3 MB/s  28m33s[K[A[1Gpulling manifest [K
pulling 1b2b95e2f0eb:   9% ▕█                 ▏ 718 MB/8.1 GB  4.3 MB/s  28m33s[K[A[1Gpulling manifest [K
pulling 1b2b95e2f0eb:   9% ▕█                 ▏ 718 MB/8.1 GB  4.3 MB/s  28m29s[K[A[1Gpulling manifest [K
pulling 1b2b95e2f0eb:   9% ▕█                 ▏ 719 MB/8.1 GB  4.3 MB/s  28m28s[K[A[1Gpulling manifest [K
pulling 1b2b95e2f0eb:   9% ▕█                 ▏ 719 MB/8.1 GB  4.3 MB/s  28m28s[K[A[1Gpulling manifest [K
pulling 1b2b95e2f0eb:   9% ▕█                 ▏ 719 MB/8.1 GB  4.3 MB/s  28m28s[K[A[1Gpulling manifest [K
pulling 1b2b95e2f0eb:   9% ▕█                 ▏ 720 MB/8.1 GB  4.3 MB/s  28m28s[K[A[1Gpulling manifest [K
pulling 1b2b95e2f0eb:   9% ▕█                 ▏ 720 MB/8.1 GB  4.3 MB/s  28m28s[K[A[1Gpulling manifest [K
pulling 1b2b95e2f0eb:   9% ▕█                 ▏ 721 MB/8.1 GB  4.3 MB/s  28m28s[K[A[1Gpulling manifest [K
pulling 1b2b95e2f0eb:   9% ▕█                 ▏ 721 MB/8.1 GB  4.3 MB/s  28m28s[K[A[1Gpulling manifest [K
pulling 1b2b95e2f0eb:   9% ▕█                 ▏ 722 MB/8.1 GB  4.3 MB/s  28m28s[K[A[1Gpulling manifest [K
pulling 1b2b95e2f0eb:   9% ▕█                 ▏ 722 MB/8.1 GB  4.3 MB/s  28m28s[K[A[1Gpulling manifest [K
pulling 1b2b95e2f0eb:   9% ▕█                 ▏ 723 MB/8.1 GB  4.3 MB/s  28m35s[K[A[1Gpulling manifest [K
pulling 1b2b95e2f0eb:   9% ▕█                 ▏ 723 MB/8.1 GB  4.3 MB/s  28m35s[K[A[1Gpulling manifest [K
pulling 1b2b95e2f0eb:   9% ▕█                 ▏ 723 MB/8.1 GB  4.3 MB/s  28m35s[K[A[1Gpulling manifest [K
pulling 1b2b95e2f0eb:   9% ▕█                 ▏ 724 MB/8.1 GB  4.3 MB/s  28m35s[K[A[1Gpulling manifest [K
pulling 1b2b95e2f0eb:   9% ▕█                 ▏ 724 MB/8.1 GB  4.3 MB/s  28m35s[K[A[1Gpulling manifest [K
pulling 1b2b95e2f0eb:   9% ▕█                 ▏ 725 MB/8.1 GB  4.3 MB/s  28m35s[K[A[1Gpulling manifest [K
pulling 1b2b95e2f0eb:   9% ▕█                 ▏ 725 MB/8.1 GB  4.3 MB/s  28m34s[K[A[1Gpulling manifest [K
pulling 1b2b95e2f0eb:   9% ▕█                 ▏ 725 MB/8.1 GB  4.3 MB/s  28m34s[K[A[1Gpulling manifest [K
pulling 1b2b95e2f0eb:   9% ▕█                 ▏ 726 MB/8.1 GB  4.3 MB/s  28m34s[K[A[1Gpulling manifest [K
pulling 1b2b95e2f0eb:   9% ▕█                 ▏ 726 MB/8.1 GB  4.3 MB/s  28m34s[K[A[1Gpulling manifest [K
pulling 1b2b95e2f0eb:   9% ▕█                 ▏ 726 MB/8.1 GB  4.3 MB/s  28m34s[K[A[1Gpulling manifest [K
pulling 1b2b95e2f0eb:   9% ▕█                 ▏ 727 MB/8.1 GB  4.3 MB/s  28m37s[K[A[1Gpulling manifest [K
pulling 1b2b95e2f0eb:   9% ▕█                 ▏ 727 MB/8.1 GB  4.3 MB/s  28m37s[K[A[1Gpulling manifest [K
pulling 1b2b95e2f0eb:   9% ▕█                 ▏ 728 MB/8.1 GB  4.3 MB/s  28m37s[K[A[1Gpulling manifest [K
pulling 1b2b95e2f0eb:   9% ▕█                 ▏ 728 MB/8.1 GB  4.3 MB/s  28m37s[K[A[1Gpulling manifest [K
pulling 1b2b95e2f0eb:   9% ▕█                 ▏ 729 MB/8.1 GB  4.3 MB/s  28m36s[K[A[1Gpulling manifest [K
pulling 1b2b95e2f0eb:   9% ▕█                 ▏ 729 MB/8.1 GB  4.3 MB/s  28m36s[K[A[1Gpulling manifest [K
pulling 1b2b95e2f0eb:   9% ▕█                 ▏ 729 MB/8.1 GB  4.3 MB/s  28m36s[K[A[1Gpulling manifest [K
pulling 1b2b95e2f0eb:   9% ▕█                 ▏ 730 MB/8.1 GB  4.3 MB/s  28m36s[K[A[1Gpulling manifest [K
pulling 1b2b95e2f0eb:   9% ▕█                 ▏ 730 MB/8.1 GB  4.3 MB/s  28m36s[K[A[1Gpulling manifest [K
pulling 1b2b95e2f0eb:   9% ▕█                 ▏ 731 MB/8.1 GB  4.3 MB/s  28m36s[K[A[1Gpulling manifest [K
pulling 1b2b95e2f0eb:   9% ▕█                 ▏ 731 MB/8.1 GB  4.3 MB/s  28m41s[K[A[1Gpulling manifest [K
pulling 1b2b95e2f0eb:   9% ▕█                 ▏ 731 MB/8.1 GB  4.3 MB/s  28m41s[K[A[1Gpulling manifest [K
pulling 1b2b95e2f0eb:   9% ▕█                 ▏ 732 MB/8.1 GB  4.3 MB/s  28m41s[K[A[1Gpulling manifest [K
pulling 1b2b95e2f0eb:   9% ▕█                 ▏ 732 MB/8.1 GB  4.3 MB/s  28m41s[K[A[1Gpulling manifest [K
pulling 1b2b95e2f0eb:   9% ▕█                 ▏ 732 MB/8.1 GB  4.3 MB/s  28m40s[K[A[1Gpulling manifest [K
pulling 1b2b95e2f0eb:   9% ▕█                 ▏ 733 MB/8.1 GB  4.3 MB/s  28m40s[K[A[1Gpulling manifest [K
pulling 1b2b95e2f0eb:   9% ▕█                 ▏ 733 MB/8.1 GB  4.3 MB/s  28m40s[K[A[1Gpulling manifest [K
pulling 1b2b95e2f0eb:   9% ▕█                 ▏ 733 MB/8.1 GB  4.3 MB/s  28m40s[K[A[1Gpulling manifest [K
pulling 1b2b95e2f0eb:   9% ▕█                 ▏ 734 MB/8.1 GB  4.3 MB/s  28m40s[K[A[1Gpulling manifest [K
pulling 1b2b95e2f0eb:   9% ▕█                 ▏ 734 MB/8.1 GB  4.3 MB/s  28m40s[K[A[1Gpulling manifest [K
pulling 1b2b95e2f0eb:   9% ▕█                 ▏ 735 MB/8.1 GB  4.2 MB/s  29m10s[K[A[1Gpulling manifest [K
pulling 1b2b95e2f0eb:   9% ▕█                 ▏ 735 MB/8.1 GB  4.2 MB/s  29m10s[K[A[1Gpulling manifest [K
pulling 1b2b95e2f0eb:   9% ▕█                 ▏ 735 MB/8.1 GB  4.2 MB/s  29m10s[K[A[1Gpulling manifest [K
pulling 1b2b95e2f0eb:   9% ▕█                 ▏ 736 MB/8.1 GB  4.2 MB/s  29m10s[K[A[1Gpulling manifest [K
pulling 1b2b95e2f0eb:   9% ▕█                 ▏ 736 MB/8.1 GB  4.2 MB/s   29m9s[K[A[1Gpulling manifest [K
pulling 1b2b95e2f0eb:   9% ▕█                 ▏ 737 MB/8.1 GB  4.2 MB/s   29m9s[K[A[1Gpulling manifest [K
pulling 1b2b95e2f0eb:   9% ▕█                 ▏ 737 MB/8.1 GB  4.2 MB/s   29m9s[K[A[1Gpulling manifest [K
pulling 1b2b95e2f0eb:   9% ▕█                 ▏ 738 MB/8.1 GB  4.2 MB/s   29m9s[K[A[1Gpulling manifest [K
pulling 1b2b95e2f0eb:   9% ▕█                 ▏ 738 MB/8.1 GB  4.2 MB/s   29m9s[K[A[1Gpulling manifest [K
pulling 1b2b95e2f0eb:   9% ▕█                 ▏ 738 MB/8.1 GB  4.2 MB/s   29m9s[K[A[1Gpulling manifest [K
pulling 1b2b95e2f0eb:   9% ▕█                 ▏ 739 MB/8.1 GB  4.2 MB/s  29m30s[K[A[1Gpulling manifest [K
pulling 1b2b95e2f0eb:   9% ▕█                 ▏ 739 MB/8.1 GB  4.2 MB/s  29m30s[K[A[1Gpulling manifest [K
pulling 1b2b95e2f0eb:   9% ▕█                 ▏ 740 MB/8.1 GB  4.2 MB/s  29m30s[K[A[1Gpulling manifest [K
pulling 1b2b95e2f0eb:   9% ▕█                 ▏ 740 MB/8.1 GB  4.2 MB/s  29m30s[K[A[1Gpulling manifest [K
pulling 1b2b95e2f0eb:   9% ▕█                 ▏ 740 MB/8.1 GB  4.2 MB/s  29m30s[K[A[1Gpulling manifest [K
pulling 1b2b95e2f0eb:   9% ▕█                 ▏ 740 MB/8.1 GB  4.2 MB/s  29m30s[K[A[1Gpulling manifest [K
pulling 1b2b95e2f0eb:   9% ▕█                 ▏ 741 MB/8.1 GB  4.2 MB/s  29m30s[K[A[1Gpulling manifest [K
pulling 1b2b95e2f0eb:   9% ▕█                 ▏ 741 MB/8.1 GB  4.2 MB/s  29m30s[K[A[1Gpulling manifest [K
pulling 1b2b95e2f0eb:   9% ▕█                 ▏ 742 MB/8.1 GB  4.2 MB/s  29m30s[K[A[1Gpulling manifest [K
pulling 1b2b95e2f0eb:   9% ▕█                 ▏ 742 MB/8.1 GB  4.2 MB/s  29m29s[K[A[1Gpulling manifest [K
pulling 1b2b95e2f0eb:   9% ▕█                 ▏ 743 MB/8.1 GB  4.1 MB/s  29m35s[K[A[1Gpulling manifest [K
pulling 1b2b95e2f0eb:   9% ▕█                 ▏ 743 MB/8.1 GB  4.1 MB/s  29m35s[K[A[1Gpulling manifest [K
pulling 1b2b95e2f0eb:   9% ▕█                 ▏ 743 MB/8.1 GB  4.1 MB/s  29m35s[K[A[1Gpulling manifest [K
pulling 1b2b95e2f0eb:   9% ▕█                 ▏ 744 MB/8.1 GB  4.1 MB/s  29m35s[K[A[1Gpulling manifest [K
pulling 1b2b95e2f0eb:   9% ▕█                 ▏ 744 MB/8.1 GB  4.1 MB/s  29m35s[K[A[1Gpulling manifest [K
pulling 1b2b95e2f0eb:   9% ▕█                 ▏ 745 MB/8.1 GB  4.1 MB/s  29m34s[K[A[1Gpulling manifest [K
pulling 1b2b95e2f0eb:   9% ▕█                 ▏ 745 MB/8.1 GB  4.1 MB/s  29m34s[K[A[1Gpulling manifest [K
pulling 1b2b95e2f0eb:   9% ▕█                 ▏ 746 MB/8.1 GB  4.1 MB/s  29m34s[K[A[1Gpulling manifest [K
pulling 1b2b95e2f0eb:   9% ▕█                 ▏ 746 MB/8.1 GB  4.1 MB/s  29m34s[K[A[1Gpulling manifest [K
pulling 1b2b95e2f0eb:   9% ▕█                 ▏ 747 MB/8.1 GB  4.1 MB/s  29m34s[K[A[1Gpulling manifest [K
pulling 1b2b95e2f0eb:   9% ▕█                 ▏ 747 MB/8.1 GB  4.1 MB/s  29m34s[K[A[1Gpulling manifest [K
pulling 1b2b95e2f0eb:   9% ▕█                 ▏ 747 MB/8.1 GB  4.1 MB/s  29m35s[K[A[1Gpulling manifest [K
pulling 1b2b95e2f0eb:   9% ▕█                 ▏ 748 MB/8.1 GB  4.1 MB/s  29m35s[K[A[1Gpulling manifest [K
pulling 1b2b95e2f0eb:   9% ▕█                 ▏ 748 MB/8.1 GB  4.1 MB/s  29m35s[K[A[1Gpulling manifest [K
pulling 1b2b95e2f0eb:   9% ▕█                 ▏ 749 MB/8.1 GB  4.1 MB/s  29m35s[K[A[1Gpulling manifest [K
pulling 1b2b95e2f0eb:   9% ▕█                 ▏ 749 MB/8.1 GB  4.1 MB/s  29m34s[K[A[1Gpulling manifest [K
pulling 1b2b95e2f0eb:   9% ▕█                 ▏ 749 MB/8.1 GB  4.1 MB/s  29m34s[K[A[1Gpulling manifest [K
pulling 1b2b95e2f0eb:   9% ▕█                 ▏ 750 MB/8.1 GB  4.1 MB/s  29m34s[K[A[1Gpulling manifest [K
pulling 1b2b95e2f0eb:   9% ▕█                 ▏ 750 MB/8.1 GB  4.1 MB/s  29m34s[K[A[1Gpulling manifest [K
pulling 1b2b95e2f0eb:   9% ▕█                 ▏ 751 MB/8.1 GB  4.1 MB/s  29m34s[K[A[1Gpulling manifest [K
pulling 1b2b95e2f0eb:   9% ▕█                 ▏ 751 MB/8.1 GB  4.1 MB/s  29m34s[K[A[1Gpulling manifest [K
pulling 1b2b95e2f0eb:   9% ▕█                 ▏ 752 MB/8.1 GB  4.2 MB/s  29m23s[K[A[1Gpulling manifest [K
pulling 1b2b95e2f0eb:   9% ▕█                 ▏ 752 MB/8.1 GB  4.2 MB/s  29m23s[K[A[1Gpulling manifest [K
pulling 1b2b95e2f0eb:   9% ▕█                 ▏ 753 MB/8.1 GB  4.2 MB/s  29m23s[K[A[1Gpulling manifest [K
pulling 1b2b95e2f0eb:   9% ▕█                 ▏ 753 MB/8.1 GB  4.2 MB/s  29m22s[K[A[1Gpulling manifest [K
pulling 1b2b95e2f0eb:   9% ▕█                 ▏ 753 MB/8.1 GB  4.2 MB/s  29m22s[K[A[1Gpulling manifest [K
pulling 1b2b95e2f0eb:   9% ▕█                 ▏ 754 MB/8.1 GB  4.2 MB/s  29m22s[K[A[1Gpulling manifest [K
pulling 1b2b95e2f0eb:   9% ▕█                 ▏ 754 MB/8.1 GB  4.2 MB/s  29m22s[K[A[1Gpulling manifest [K
pulling 1b2b95e2f0eb:   9% ▕█                 ▏ 754 MB/8.1 GB  4.2 MB/s  29m22s[K[A[1Gpulling manifest [K
pulling 1b2b95e2f0eb:   9% ▕█                 ▏ 755 MB/8.1 GB  4.2 MB/s  29m22s[K[A[1Gpulling manifest [K
pulling 1b2b95e2f0eb:   9% ▕█                 ▏ 756 MB/8.1 GB  4.2 MB/s  29m22s[K[A[1Gpulling manifest [K
pulling 1b2b95e2f0eb:   9% ▕█                 ▏ 756 MB/8.1 GB  4.2 MB/s  29m12s[K[A[1Gpulling manifest [K
pulling 1b2b95e2f0eb:   9% ▕█                 ▏ 757 MB/8.1 GB  4.2 MB/s  29m12s[K[A[1Gpulling manifest [K
pulling 1b2b95e2f0eb:   9% ▕█                 ▏ 757 MB/8.1 GB  4.2 MB/s  29m12s[K[A[1Gpulling manifest [K
pulling 1b2b95e2f0eb:   9% ▕█                 ▏ 758 MB/8.1 GB  4.2 MB/s  29m12s[K[A[1Gpulling manifest [K
pulling 1b2b95e2f0eb:   9% ▕█                 ▏ 758 MB/8.1 GB  4.2 MB/s  29m12s[K[A[1Gpulling manifest [K
pulling 1b2b95e2f0eb:   9% ▕█                 ▏ 758 MB/8.1 GB  4.2 MB/s  29m12s[K[A[1Gpulling manifest [K
pulling 1b2b95e2f0eb:   9% ▕█                 ▏ 759 MB/8.1 GB  4.2 MB/s  29m11s[K[A[1Gpulling manifest [K
pulling 1b2b95e2f0eb:   9% ▕█                 ▏ 759 MB/8.1 GB  4.2 MB/s  29m11s[K[A[1Gpulling manifest [K
pulling 1b2b95e2f0eb:   9% ▕█                 ▏ 760 MB/8.1 GB  4.2 MB/s  29m11s[K[A[1Gpulling manifest [K
pulling 1b2b95e2f0eb:   9% ▕█                 ▏ 760 MB/8.1 GB  4.2 MB/s  29m11s[K[A[1Gpulling manifest [K
pulling 1b2b95e2f0eb:   9% ▕█                 ▏ 760 MB/8.1 GB  4.2 MB/s   29m6s[K[A[1Gpulling manifest [K
pulling 1b2b95e2f0eb:   9% ▕█                 ▏ 761 MB/8.1 GB  4.2 MB/s   29m6s[K[A[1Gpulling manifest [K
pulling 1b2b95e2f0eb:   9% ▕█                 ▏ 761 MB/8.1 GB  4.2 MB/s   29m6s[K[A[1Gpulling manifest [K
pulling 1b2b95e2f0eb:   9% ▕█                 ▏ 762 MB/8.1 GB  4.2 MB/s   29m6s[K[A[1Gpulling manifest [K
pulling 1b2b95e2f0eb:   9% ▕█                 ▏ 762 MB/8.1 GB  4.2 MB/s   29m5s[K[A[1Gpulling manifest [K
pulling 1b2b95e2f0eb:   9% ▕█                 ▏ 762 MB/8.1 GB  4.2 MB/s   29m5s[K[A[1Gpulling manifest [K
pulling 1b2b95e2f0eb:   9% ▕█                 ▏ 763 MB/8.1 GB  4.2 MB/s   29m5s[K[A[1Gpulling manifest [K
pulling 1b2b95e2f0eb:   9% ▕█                 ▏ 764 MB/8.1 GB  4.2 MB/s   29m5s[K[A[1Gpulling manifest [K
pulling 1b2b95e2f0eb:   9% ▕█                 ▏ 764 MB/8.1 GB  4.2 MB/s   29m5s[K[A[1Gpulling manifest [K
pulling 1b2b95e2f0eb:   9% ▕█                 ▏ 764 MB/8.1 GB  4.2 MB/s   29m5s[K[A[1Gpulling manifest [K
pulling 1b2b95e2f0eb:   9% ▕█                 ▏ 765 MB/8.1 GB  4.2 MB/s  28m56s[K[A[1Gpulling manifest [K
pulling 1b2b95e2f0eb:   9% ▕█                 ▏ 765 MB/8.1 GB  4.2 MB/s  28m56s[K[A[1Gpulling manifest [K
pulling 1b2b95e2f0eb:   9% ▕█                 ▏ 765 MB/8.1 GB  4.2 MB/s  28m56s[K[A[1Gpulling manifest [K
pulling 1b2b95e2f0eb:   9% ▕█                 ▏ 766 MB/8.1 GB  4.2 MB/s  28m56s[K[A[1Gpulling manifest [K
pulling 1b2b95e2f0eb:   9% ▕█                 ▏ 766 MB/8.1 GB  4.2 MB/s  28m56s[K[A[1Gpulling manifest [K
pulling 1b2b95e2f0eb:   9% ▕█                 ▏ 767 MB/8.1 GB  4.2 MB/s  28m55s[K[A[1Gpulling manifest [K
pulling 1b2b95e2f0eb:   9% ▕█                 ▏ 767 MB/8.1 GB  4.2 MB/s  28m55s[K[A[1Gpulling manifest [K
pulling 1b2b95e2f0eb:   9% ▕█                 ▏ 767 MB/8.1 GB  4.2 MB/s  28m55s[K[A[1Gpulling manifest [K
pulling 1b2b95e2f0eb:   9% ▕█                 ▏ 768 MB/8.1 GB  4.2 MB/s  28m55s[K[A[1Gpulling manifest [K
pulling 1b2b95e2f0eb:   9% ▕█                 ▏ 769 MB/8.1 GB  4.2 MB/s  28m55s[K[A[1Gpulling manifest [K
pulling 1b2b95e2f0eb:   9% ▕█                 ▏ 769 MB/8.1 GB  4.2 MB/s  28m55s[K[A[1Gpulling manifest [K
pulling 1b2b95e2f0eb:   9% ▕█                 ▏ 770 MB/8.1 GB  4.3 MB/s  28m43s[K[A[1Gpulling manifest [K
pulling 1b2b95e2f0eb:  10% ▕█                 ▏ 770 MB/8.1 GB  4.3 MB/s  28m43s[K[A[1Gpulling manifest [K
pulling 1b2b95e2f0eb:  10% ▕█                 ▏ 770 MB/8.1 GB  4.3 MB/s  28m43s[K[A[1Gpulling manifest [K
pulling 1b2b95e2f0eb:  10% ▕█                 ▏ 771 MB/8.1 GB  4.3 MB/s  28m42s[K[A[1Gpulling manifest [K
pulling 1b2b95e2f0eb:  10% ▕█                 ▏ 771 MB/8.1 GB  4.3 MB/s  28m42s[K[A[1Gpulling manifest [K
pulling 1b2b95e2f0eb:  10% ▕█                 ▏ 771 MB/8.1 GB  4.3 MB/s  28m42s[K[A[1Gpulling manifest [K
pulling 1b2b95e2f0eb:  10% ▕█                 ▏ 772 MB/8.1 GB  4.3 MB/s  28m42s[K[A[1Gpulling manifest [K
pulling 1b2b95e2f0eb:  10% ▕█                 ▏ 772 MB/8.1 GB  4.3 MB/s  28m42s[K[A[1Gpulling manifest [K
pulling 1b2b95e2f0eb:  10% ▕█                 ▏ 773 MB/8.1 GB  4.3 MB/s  28m42s[K[A[1Gpulling manifest [K
pulling 1b2b95e2f0eb:  10% ▕█                 ▏ 773 MB/8.1 GB  4.3 MB/s  28m42s[K[A[1Gpulling manifest [K
pulling 1b2b95e2f0eb:  10% ▕█                 ▏ 774 MB/8.1 GB  4.3 MB/s  28m31s[K[A[1Gpulling manifest [K
pulling 1b2b95e2f0eb:  10% ▕█                 ▏ 774 MB/8.1 GB  4.3 MB/s  28m31s[K[A[1Gpulling manifest [K
pulling 1b2b95e2f0eb:  10% ▕█                 ▏ 774 MB/8.1 GB  4.3 MB/s  28m31s[K[A[1Gpulling manifest [K
pulling 1b2b95e2f0eb:  10% ▕█                 ▏ 775 MB/8.1 GB  4.3 MB/s  28m30s[K[A[1Gpulling manifest [K
pulling 1b2b95e2f0eb:  10% ▕█                 ▏ 775 MB/8.1 GB  4.3 MB/s  28m30s[K[A[1Gpulling manifest [K
pulling 1b2b95e2f0eb:  10% ▕█                 ▏ 776 MB/8.1 GB  4.3 MB/s  28m30s[K[A[1Gpulling manifest [K
pulling 1b2b95e2f0eb:  10% ▕█                 ▏ 776 MB/8.1 GB  4.3 MB/s  28m30s[K[A[1Gpulling manifest [K
pulling 1b2b95e2f0eb:  10% ▕█                 ▏ 777 MB/8.1 GB  4.3 MB/s  28m30s[K[A[1Gpulling manifest [K
pulling 1b2b95e2f0eb:  10% ▕█                 ▏ 777 MB/8.1 GB  4.3 MB/s  28m30s[K[A[1Gpulling manifest [K
pulling 1b2b95e2f0eb:  10% ▕█                 ▏ 778 MB/8.1 GB  4.3 MB/s  28m30s[K[A[1Gpulling manifest [K
pulling 1b2b95e2f0eb:  10% ▕█                 ▏ 778 MB/8.1 GB  4.3 MB/s   28m8s[K[A[1Gpulling manifest [K
pulling 1b2b95e2f0eb:  10% ▕█                 ▏ 778 MB/8.1 GB  4.3 MB/s   28m8s[K[A[1Gpulling manifest [K
pulling 1b2b95e2f0eb:  10% ▕█                 ▏ 779 MB/8.1 GB  4.3 MB/s   28m8s[K[A[1Gpulling manifest [K
pulling 1b2b95e2f0eb:  10% ▕█                 ▏ 779 MB/8.1 GB  4.3 MB/s   28m8s[K[A[1Gpulling manifest [K
pulling 1b2b95e2f0eb:  10% ▕█                 ▏ 780 MB/8.1 GB  4.3 MB/s   28m8s[K[A[1Gpulling manifest [K
pulling 1b2b95e2f0eb:  10% ▕█                 ▏ 780 MB/8.1 GB  4.3 MB/s   28m8s[K[A[1Gpulling manifest [K
pulling 1b2b95e2f0eb:  10% ▕█                 ▏ 780 MB/8.1 GB  4.3 MB/s   28m8s[K[A[1Gpulling manifest [K
pulling 1b2b95e2f0eb:  10% ▕█                 ▏ 781 MB/8.1 GB  4.3 MB/s   28m8s[K[A[1Gpulling manifest [K
pulling 1b2b95e2f0eb:  10% ▕█                 ▏ 782 MB/8.1 GB  4.3 MB/s   28m8s[K[A[1Gpulling manifest [K
pulling 1b2b95e2f0eb:  10% ▕█                 ▏ 782 MB/8.1 GB  4.3 MB/s   28m7s[K[A[1Gpulling manifest [K
pulling 1b2b95e2f0eb:  10% ▕█                 ▏ 782 MB/8.1 GB  4.4 MB/s  27m55s[K[A[1Gpulling manifest [K
pulling 1b2b95e2f0eb:  10% ▕█                 ▏ 783 MB/8.1 GB  4.4 MB/s  27m55s[K[A[1Gpulling manifest [K
pulling 1b2b95e2f0eb:  10% ▕█                 ▏ 783 MB/8.1 GB  4.4 MB/s  27m55s[K[A[1Gpulling manifest [K
pulling 1b2b95e2f0eb:  10% ▕█                 ▏ 783 MB/8.1 GB  4.4 MB/s  27m55s[K[A[1Gpulling manifest [K
pulling 1b2b95e2f0eb:  10% ▕█                 ▏ 784 MB/8.1 GB  4.4 MB/s  27m55s[K[A[1Gpulling manifest [K
pulling 1b2b95e2f0eb:  10% ▕█                 ▏ 784 MB/8.1 GB  4.4 MB/s  27m55s[K[A[1Gpulling manifest [K
pulling 1b2b95e2f0eb:  10% ▕█                 ▏ 785 MB/8.1 GB  4.4 MB/s  27m54s[K[A[1Gpulling manifest [K
pulling 1b2b95e2f0eb:  10% ▕█                 ▏ 785 MB/8.1 GB  4.4 MB/s  27m54s[K[A[1Gpulling manifest [K
pulling 1b2b95e2f0eb:  10% ▕█                 ▏ 786 MB/8.1 GB  4.4 MB/s  27m54s[K[A[1Gpulling manifest [K
pulling 1b2b95e2f0eb:  10% ▕█                 ▏ 786 MB/8.1 GB  4.4 MB/s  27m54s[K[A[1Gpulling manifest [K
pulling 1b2b95e2f0eb:  10% ▕█                 ▏ 787 MB/8.1 GB  4.4 MB/s  27m48s[K[A[1Gpulling manifest [K
pulling 1b2b95e2f0eb:  10% ▕█                 ▏ 787 MB/8.1 GB  4.4 MB/s  27m48s[K[A[1Gpulling manifest [K
pulling 1b2b95e2f0eb:  10% ▕█                 ▏ 787 MB/8.1 GB  4.4 MB/s  27m48s[K[A[1Gpulling manifest [K
pulling 1b2b95e2f0eb:  10% ▕█                 ▏ 788 MB/8.1 GB  4.4 MB/s  27m48s[K[A[1Gpulling manifest [K
pulling 1b2b95e2f0eb:  10% ▕█                 ▏ 788 MB/8.1 GB  4.4 MB/s  27m47s[K[A[1Gpulling manifest [K
pulling 1b2b95e2f0eb:  10% ▕█                 ▏ 789 MB/8.1 GB  4.4 MB/s  27m47s[K[A[1Gpulling manifest [K
pulling 1b2b95e2f0eb:  10% ▕█                 ▏ 789 MB/8.1 GB  4.4 MB/s  27m47s[K[A[1Gpulling manifest [K
pulling 1b2b95e2f0eb:  10% ▕█                 ▏ 790 MB/8.1 GB  4.4 MB/s  27m47s[K[A[1Gpulling manifest [K
pulling 1b2b95e2f0eb:  10% ▕█                 ▏ 790 MB/8.1 GB  4.4 MB/s  27m47s[K[A[1Gpulling manifest [K
pulling 1b2b95e2f0eb:  10% ▕█                 ▏ 791 MB/8.1 GB  4.4 MB/s  27m47s[K[A[1Gpulling manifest [K
pulling 1b2b95e2f0eb:  10% ▕█                 ▏ 791 MB/8.1 GB  4.4 MB/s  27m47s[K[A[1Gpulling manifest [K
pulling 1b2b95e2f0eb:  10% ▕█                 ▏ 791 MB/8.1 GB  4.4 MB/s  27m45s[K[A[1Gpulling manifest [K
pulling 1b2b95e2f0eb:  10% ▕█                 ▏ 792 MB/8.1 GB  4.4 MB/s  27m45s[K[A[1Gpulling manifest [K
pulling 1b2b95e2f0eb:  10% ▕█                 ▏ 792 MB/8.1 GB  4.4 MB/s  27m45s[K[A[1Gpulling manifest [K
pulling 1b2b95e2f0eb:  10% ▕█                 ▏ 793 MB/8.1 GB  4.4 MB/s  27m45s[K[A[1Gpulling manifest [K
pulling 1b2b95e2f0eb:  10% ▕█                 ▏ 793 MB/8.1 GB  4.4 MB/s  27m44s[K[A[1Gpulling manifest [K
pulling 1b2b95e2f0eb:  10% ▕█                 ▏ 794 MB/8.1 GB  4.4 MB/s  27m44s[K[A[1Gpulling manifest [K
pulling 1b2b95e2f0eb:  10% ▕█                 ▏ 794 MB/8.1 GB  4.4 MB/s  27m44s[K[A[1Gpulling manifest [K
pulling 1b2b95e2f0eb:  10% ▕█                 ▏ 795 MB/8.1 GB  4.4 MB/s  27m44s[K[A[1Gpulling manifest [K
pulling 1b2b95e2f0eb:  10% ▕█                 ▏ 795 MB/8.1 GB  4.4 MB/s  27m44s[K[A[1Gpulling manifest [K
pulling 1b2b95e2f0eb:  10% ▕█                 ▏ 796 MB/8.1 GB  4.4 MB/s  27m44s[K[A[1Gpulling manifest [K
pulling 1b2b95e2f0eb:  10% ▕█                 ▏ 796 MB/8.1 GB  4.4 MB/s  27m28s[K[A[1Gpulling manifest [K
pulling 1b2b95e2f0eb:  10% ▕█                 ▏ 796 MB/8.1 GB  4.4 MB/s  27m28s[K[A[1Gpulling manifest [K
pulling 1b2b95e2f0eb:  10% ▕█                 ▏ 797 MB/8.1 GB  4.4 MB/s  27m28s[K[A[1Gpulling manifest [K
pulling 1b2b95e2f0eb:  10% ▕█                 ▏ 798 MB/8.1 GB  4.4 MB/s  27m28s[K[A[1Gpulling manifest [K
pulling 1b2b95e2f0eb:  10% ▕█                 ▏ 798 MB/8.1 GB  4.4 MB/s  27m28s[K[A[1Gpulling manifest [K
pulling 1b2b95e2f0eb:  10% ▕█                 ▏ 798 MB/8.1 GB  4.4 MB/s  27m28s[K[A[1Gpulling manifest [K
pulling 1b2b95e2f0eb:  10% ▕█                 ▏ 799 MB/8.1 GB  4.4 MB/s  27m28s[K[A[1Gpulling manifest [K
pulling 1b2b95e2f0eb:  10% ▕█                 ▏ 799 MB/8.1 GB  4.4 MB/s  27m28s[K[A[1Gpulling manifest [K
pulling 1b2b95e2f0eb:  10% ▕█                 ▏ 800 MB/8.1 GB  4.4 MB/s  27m27s[K[A[1Gpulling manifest [K
pulling 1b2b95e2f0eb:  10% ▕█                 ▏ 800 MB/8.1 GB  4.4 MB/s  27m27s[K[A[1Gpulling manifest [K
pulling 1b2b95e2f0eb:  10% ▕█                 ▏ 800 MB/8.1 GB  4.4 MB/s  27m30s[K[A[1Gpulling manifest [K
pulling 1b2b95e2f0eb:  10% ▕█                 ▏ 801 MB/8.1 GB  4.4 MB/s  27m30s[K[A[1Gpulling manifest [K
pulling 1b2b95e2f0eb:  10% ▕█                 ▏ 801 MB/8.1 GB  4.4 MB/s  27m29s[K[A[1Gpulling manifest [K
pulling 1b2b95e2f0eb:  10% ▕█                 ▏ 802 MB/8.1 GB  4.4 MB/s  27m29s[K[A[1Gpulling manifest [K
pulling 1b2b95e2f0eb:  10% ▕█                 ▏ 802 MB/8.1 GB  4.4 MB/s  27m29s[K[A[1Gpulling manifest [K
pulling 1b2b95e2f0eb:  10% ▕█                 ▏ 803 MB/8.1 GB  4.4 MB/s  27m29s[K[A[1Gpulling manifest [K
pulling 1b2b95e2f0eb:  10% ▕█                 ▏ 803 MB/8.1 GB  4.4 MB/s  27m29s[K[A[1Gpulling manifest [K
pulling 1b2b95e2f0eb:  10% ▕█                 ▏ 804 MB/8.1 GB  4.4 MB/s  27m29s[K[A[1Gpulling manifest [K
pulling 1b2b95e2f0eb:  10% ▕█                 ▏ 804 MB/8.1 GB  4.4 MB/s  27m29s[K[A[1Gpulling manifest [K
pulling 1b2b95e2f0eb:  10% ▕█                 ▏ 804 MB/8.1 GB  4.4 MB/s  27m29s[K[A[1Gpulling manifest [K
pulling 1b2b95e2f0eb:  10% ▕█                 ▏ 805 MB/8.1 GB  4.5 MB/s  27m13s[K[A[1Gpulling manifest [K
pulling 1b2b95e2f0eb:  10% ▕█                 ▏ 805 MB/8.1 GB  4.5 MB/s  27m13s[K[A[1Gpulling manifest [K
pulling 1b2b95e2f0eb:  10% ▕█                 ▏ 805 MB/8.1 GB  4.5 MB/s  27m13s[K[A[1Gpulling manifest [K
pulling 1b2b95e2f0eb:  10% ▕█                 ▏ 806 MB/8.1 GB  4.5 MB/s  27m13s[K[A[1Gpulling manifest [K
pulling 1b2b95e2f0eb:  10% ▕█                 ▏ 807 MB/8.1 GB  4.5 MB/s  27m13s[K[A[1Gpulling manifest [K
pulling 1b2b95e2f0eb:  10% ▕█                 ▏ 807 MB/8.1 GB  4.5 MB/s  27m13s[K[A[1Gpulling manifest [K
pulling 1b2b95e2f0eb:  10% ▕█                 ▏ 808 MB/8.1 GB  4.5 MB/s  27m13s[K[A[1Gpulling manifest [K
pulling 1b2b95e2f0eb:  10% ▕█                 ▏ 808 MB/8.1 GB  4.5 MB/s  27m13s[K[A[1Gpulling manifest [K
pulling 1b2b95e2f0eb:  10% ▕█                 ▏ 808 MB/8.1 GB  4.5 MB/s  27m13s[K[A[1Gpulling manifest [K
pulling 1b2b95e2f0eb:  10% ▕█                 ▏ 809 MB/8.1 GB  4.5 MB/s  27m13s[K[A[1Gpulling manifest [K
pulling 1b2b95e2f0eb:  10% ▕█                 ▏ 810 MB/8.1 GB  4.5 MB/s  27m11s[K[A[1Gpulling manifest [K
pulling 1b2b95e2f0eb:  10% ▕█                 ▏ 810 MB/8.1 GB  4.5 MB/s  27m11s[K[A[1Gpulling manifest [K
pulling 1b2b95e2f0eb:  10% ▕█                 ▏ 810 MB/8.1 GB  4.5 MB/s  27m11s[K[A[1Gpulling manifest [K
pulling 1b2b95e2f0eb:  10% ▕█                 ▏ 811 MB/8.1 GB  4.5 MB/s  27m10s[K[A[1Gpulling manifest [K
pulling 1b2b95e2f0eb:  10% ▕█                 ▏ 811 MB/8.1 GB  4.5 MB/s  27m10s[K[A[1Gpulling manifest [K
pulling 1b2b95e2f0eb:  10% ▕█                 ▏ 812 MB/8.1 GB  4.5 MB/s  27m10s[K[A[1Gpulling manifest [K
pulling 1b2b95e2f0eb:  10% ▕█                 ▏ 813 MB/8.1 GB  4.5 MB/s  27m10s[K[A[1Gpulling manifest [K
pulling 1b2b95e2f0eb:  10% ▕█                 ▏ 813 MB/8.1 GB  4.5 MB/s  27m10s[K[A[1Gpulling manifest [K
pulling 1b2b95e2f0eb:  10% ▕█                 ▏ 813 MB/8.1 GB  4.5 MB/s  27m10s[K[A[1Gpulling manifest [K
pulling 1b2b95e2f0eb:  10% ▕█                 ▏ 814 MB/8.1 GB  4.5 MB/s  27m10s[K[A[1Gpulling manifest [K
pulling 1b2b95e2f0eb:  10% ▕█                 ▏ 814 MB/8.1 GB  4.5 MB/s  27m10s[K[A[1Gpulling manifest [K
pulling 1b2b95e2f0eb:  10% ▕█                 ▏ 815 MB/8.1 GB  4.6 MB/s  26m31s[K[A[1Gpulling manifest [K
pulling 1b2b95e2f0eb:  10% ▕█                 ▏ 815 MB/8.1 GB  4.6 MB/s  26m30s[K[A[1Gpulling manifest [K
pulling 1b2b95e2f0eb:  10% ▕█                 ▏ 816 MB/8.1 GB  4.6 MB/s  26m30s[K[A[1Gpulling manifest [K
pulling 1b2b95e2f0eb:  10% ▕█                 ▏ 816 MB/8.1 GB  4.6 MB/s  26m30s[K[A[1Gpulling manifest [K
pulling 1b2b95e2f0eb:  10% ▕█                 ▏ 817 MB/8.1 GB  4.6 MB/s  26m30s[K[A[1Gpulling manifest [K
pulling 1b2b95e2f0eb:  10% ▕█                 ▏ 817 MB/8.1 GB  4.6 MB/s  26m30s[K[A[1Gpulling manifest [K
pulling 1b2b95e2f0eb:  10% ▕█                 ▏ 817 MB/8.1 GB  4.6 MB/s  26m30s[K[A[1Gpulling manifest [K
pulling 1b2b95e2f0eb:  10% ▕█                 ▏ 818 MB/8.1 GB  4.6 MB/s  26m30s[K[A[1Gpulling manifest [K
pulling 1b2b95e2f0eb:  10% ▕█                 ▏ 818 MB/8.1 GB  4.6 MB/s  26m30s[K[A[1Gpulling manifest [K
pulling 1b2b95e2f0eb:  10% ▕█                 ▏ 819 MB/8.1 GB  4.6 MB/s  26m30s[K[A[1Gpulling manifest [K
pulling 1b2b95e2f0eb:  10% ▕█                 ▏ 819 MB/8.1 GB  4.6 MB/s  26m42s[K[A[1Gpulling manifest [K
pulling 1b2b95e2f0eb:  10% ▕█                 ▏ 819 MB/8.1 GB  4.6 MB/s  26m42s[K[A[1Gpulling manifest [K
pulling 1b2b95e2f0eb:  10% ▕█                 ▏ 820 MB/8.1 GB  4.6 MB/s  26m42s[K[A[1Gpulling manifest [K
pulling 1b2b95e2f0eb:  10% ▕█                 ▏ 820 MB/8.1 GB  4.6 MB/s  26m41s[K[A[1Gpulling manifest [K
pulling 1b2b95e2f0eb:  10% ▕█                 ▏ 820 MB/8.1 GB  4.6 MB/s  26m41s[K[A[1Gpulling manifest [K
pulling 1b2b95e2f0eb:  10% ▕█                 ▏ 821 MB/8.1 GB  4.6 MB/s  26m41s[K[A[1Gpulling manifest [K
pulling 1b2b95e2f0eb:  10% ▕█                 ▏ 821 MB/8.1 GB  4.6 MB/s  26m41s[K[A[1Gpulling manifest [K
pulling 1b2b95e2f0eb:  10% ▕█                 ▏ 821 MB/8.1 GB  4.6 MB/s  26m41s[K[A[1Gpulling manifest [K
pulling 1b2b95e2f0eb:  10% ▕█                 ▏ 822 MB/8.1 GB  4.6 MB/s  26m41s[K[A[1Gpulling manifest [K
pulling 1b2b95e2f0eb:  10% ▕█                 ▏ 822 MB/8.1 GB  4.6 MB/s  26m41s[K[A[1Gpulling manifest [K
pulling 1b2b95e2f0eb:  10% ▕█                 ▏ 823 MB/8.1 GB  4.5 MB/s  26m53s[K[A[1Gpulling manifest [K
pulling 1b2b95e2f0eb:  10% ▕█                 ▏ 823 MB/8.1 GB  4.5 MB/s  26m53s[K[A[1Gpulling manifest [K
pulling 1b2b95e2f0eb:  10% ▕█                 ▏ 824 MB/8.1 GB  4.5 MB/s  26m52s[K[A[1Gpulling manifest [K
pulling 1b2b95e2f0eb:  10% ▕█                 ▏ 824 MB/8.1 GB  4.5 MB/s  26m52s[K[A[1Gpulling manifest [K
pulling 1b2b95e2f0eb:  10% ▕█                 ▏ 825 MB/8.1 GB  4.5 MB/s  26m52s[K[A[1Gpulling manifest [K
pulling 1b2b95e2f0eb:  10% ▕█                 ▏ 825 MB/8.1 GB  4.5 MB/s  26m52s[K[A[1Gpulling manifest [K
pulling 1b2b95e2f0eb:  10% ▕█                 ▏ 825 MB/8.1 GB  4.5 MB/s  26m52s[K[A[1Gpulling manifest [K
pulling 1b2b95e2f0eb:  10% ▕█                 ▏ 826 MB/8.1 GB  4.5 MB/s  26m52s[K[A[1Gpulling manifest [K
pulling 1b2b95e2f0eb:  10% ▕█                 ▏ 826 MB/8.1 GB  4.5 MB/s  26m52s[K[A[1Gpulling manifest [K
pulling 1b2b95e2f0eb:  10% ▕█                 ▏ 827 MB/8.1 GB  4.5 MB/s  26m52s[K[A[1Gpulling manifest [K
pulling 1b2b95e2f0eb:  10% ▕█                 ▏ 827 MB/8.1 GB  4.5 MB/s  26m56s[K[A[1Gpulling manifest [K
pulling 1b2b95e2f0eb:  10% ▕█                 ▏ 828 MB/8.1 GB  4.5 MB/s  26m56s[K[A[1Gpulling manifest [K
pulling 1b2b95e2f0eb:  10% ▕█                 ▏ 828 MB/8.1 GB  4.5 MB/s  26m56s[K[A[1Gpulling manifest [K
pulling 1b2b95e2f0eb:  10% ▕█                 ▏ 829 MB/8.1 GB  4.5 MB/s  26m56s[K[A[1Gpulling manifest [K
pulling 1b2b95e2f0eb:  10% ▕█                 ▏ 829 MB/8.1 GB  4.5 MB/s  26m56s[K[A[1Gpulling manifest [K
pulling 1b2b95e2f0eb:  10% ▕█                 ▏ 830 MB/8.1 GB  4.5 MB/s  26m56s[K[A[1Gpulling manifest [K
pulling 1b2b95e2f0eb:  10% ▕█                 ▏ 830 MB/8.1 GB  4.5 MB/s  26m56s[K[A[1Gpulling manifest [K
pulling 1b2b95e2f0eb:  10% ▕█                 ▏ 831 MB/8.1 GB  4.5 MB/s  26m56s[K[A[1Gpulling manifest [K
pulling 1b2b95e2f0eb:  10% ▕█                 ▏ 831 MB/8.1 GB  4.5 MB/s  26m56s[K[A[1Gpulling manifest [K
pulling 1b2b95e2f0eb:  10% ▕█                 ▏ 831 MB/8.1 GB  4.5 MB/s  26m55s[K[A[1Gpulling manifest [K
pulling 1b2b95e2f0eb:  10% ▕█                 ▏ 832 MB/8.1 GB  4.5 MB/s  26m46s[K[A[1Gpulling manifest [K
pulling 1b2b95e2f0eb:  10% ▕█                 ▏ 832 MB/8.1 GB  4.5 MB/s  26m46s[K[A[1Gpulling manifest [K
pulling 1b2b95e2f0eb:  10% ▕█                 ▏ 833 MB/8.1 GB  4.5 MB/s  26m45s[K[A[1Gpulling manifest [K
pulling 1b2b95e2f0eb:  10% ▕█                 ▏ 833 MB/8.1 GB  4.5 MB/s  26m45s[K[A[1Gpulling manifest [K
pulling 1b2b95e2f0eb:  10% ▕█                 ▏ 834 MB/8.1 GB  4.5 MB/s  26m45s[K[A[1Gpulling manifest [K
pulling 1b2b95e2f0eb:  10% ▕█                 ▏ 834 MB/8.1 GB  4.5 MB/s  26m45s[K[A[1Gpulling manifest [K
pulling 1b2b95e2f0eb:  10% ▕█                 ▏ 835 MB/8.1 GB  4.5 MB/s  26m45s[K[A[1Gpulling manifest [K
pulling 1b2b95e2f0eb:  10% ▕█                 ▏ 835 MB/8.1 GB  4.5 MB/s  26m45s[K[A[1Gpulling manifest [K
pulling 1b2b95e2f0eb:  10% ▕█                 ▏ 836 MB/8.1 GB  4.5 MB/s  26m45s[K[A[1Gpulling manifest [K
pulling 1b2b95e2f0eb:  10% ▕█                 ▏ 836 MB/8.1 GB  4.5 MB/s  26m45s[K[A[1Gpulling manifest [K
pulling 1b2b95e2f0eb:  10% ▕█                 ▏ 837 MB/8.1 GB  4.5 MB/s  26m45s[K[A[1Gpulling manifest [K
pulling 1b2b95e2f0eb:  10% ▕█                 ▏ 837 MB/8.1 GB  4.6 MB/s  26m31s[K[A[1Gpulling manifest [K
pulling 1b2b95e2f0eb:  10% ▕█                 ▏ 838 MB/8.1 GB  4.6 MB/s  26m31s[K[A[1Gpulling manifest [K
pulling 1b2b95e2f0eb:  10% ▕█                 ▏ 838 MB/8.1 GB  4.6 MB/s  26m31s[K[A[1Gpulling manifest [K
pulling 1b2b95e2f0eb:  10% ▕█                 ▏ 839 MB/8.1 GB  4.6 MB/s  26m31s[K[A[1Gpulling manifest [K
pulling 1b2b95e2f0eb:  10% ▕█                 ▏ 839 MB/8.1 GB  4.6 MB/s  26m31s[K[A[1Gpulling manifest [K
pulling 1b2b95e2f0eb:  10% ▕█                 ▏ 840 MB/8.1 GB  4.6 MB/s  26m30s[K[A[1Gpulling manifest [K
pulling 1b2b95e2f0eb:  10% ▕█                 ▏ 840 MB/8.1 GB  4.6 MB/s  26m30s[K[A[1Gpulling manifest [K
pulling 1b2b95e2f0eb:  10% ▕█                 ▏ 841 MB/8.1 GB  4.6 MB/s  26m30s[K[A[1Gpulling manifest [K
pulling 1b2b95e2f0eb:  10% ▕█                 ▏ 841 MB/8.1 GB  4.6 MB/s  26m30s[K[A[1Gpulling manifest [K
pulling 1b2b95e2f0eb:  10% ▕█                 ▏ 842 MB/8.1 GB  4.6 MB/s  26m30s[K[A[1Gpulling manifest [K
pulling 1b2b95e2f0eb:  10% ▕█                 ▏ 842 MB/8.1 GB  4.6 MB/s  26m16s[K[A[1Gpulling manifest [K
pulling 1b2b95e2f0eb:  10% ▕█                 ▏ 842 MB/8.1 GB  4.6 MB/s  26m16s[K[A[1Gpulling manifest [K
pulling 1b2b95e2f0eb:  10% ▕█                 ▏ 843 MB/8.1 GB  4.6 MB/s  26m16s[K[A[1Gpulling manifest [K
pulling 1b2b95e2f0eb:  10% ▕█                 ▏ 844 MB/8.1 GB  4.6 MB/s  26m15s[K[A[1Gpulling manifest [K
pulling 1b2b95e2f0eb:  10% ▕█                 ▏ 844 MB/8.1 GB  4.6 MB/s  26m15s[K[A[1Gpulling manifest [K
pulling 1b2b95e2f0eb:  10% ▕█                 ▏ 845 MB/8.1 GB  4.6 MB/s  26m15s[K[A[1Gpulling manifest [K
pulling 1b2b95e2f0eb:  10% ▕█                 ▏ 845 MB/8.1 GB  4.6 MB/s  26m15s[K[A[1Gpulling manifest [K
pulling 1b2b95e2f0eb:  10% ▕█                 ▏ 845 MB/8.1 GB  4.6 MB/s  26m15s[K[A[1Gpulling manifest [K
pulling 1b2b95e2f0eb:  10% ▕█                 ▏ 846 MB/8.1 GB  4.6 MB/s  26m15s[K[A[1Gpulling manifest [K
pulling 1b2b95e2f0eb:  10% ▕█                 ▏ 847 MB/8.1 GB  4.6 MB/s  26m15s[K[A[1Gpulling manifest [K
pulling 1b2b95e2f0eb:  10% ▕█                 ▏ 847 MB/8.1 GB  4.7 MB/s  25m56s[K[A[1Gpulling manifest [K
pulling 1b2b95e2f0eb:  10% ▕█                 ▏ 847 MB/8.1 GB  4.7 MB/s  25m56s[K[A[1Gpulling manifest [K
pulling 1b2b95e2f0eb:  10% ▕█                 ▏ 848 MB/8.1 GB  4.7 MB/s  25m56s[K[A[1Gpulling manifest [K
pulling 1b2b95e2f0eb:  10% ▕█                 ▏ 848 MB/8.1 GB  4.7 MB/s  25m55s[K[A[1Gpulling manifest [K
pulling 1b2b95e2f0eb:  10% ▕█                 ▏ 849 MB/8.1 GB  4.7 MB/s  25m55s[K[A[1Gpulling manifest [K
pulling 1b2b95e2f0eb:  10% ▕█                 ▏ 849 MB/8.1 GB  4.7 MB/s  25m55s[K[A[1Gpulling manifest [K
pulling 1b2b95e2f0eb:  10% ▕█                 ▏ 850 MB/8.1 GB  4.7 MB/s  25m55s[K[A[1Gpulling manifest [K
pulling 1b2b95e2f0eb:  10% ▕█                 ▏ 850 MB/8.1 GB  4.7 MB/s  25m55s[K[A[1Gpulling manifest [K
pulling 1b2b95e2f0eb:  10% ▕█                 ▏ 851 MB/8.1 GB  4.7 MB/s  25m55s[K[A[1Gpulling manifest [K
pulling 1b2b95e2f0eb:  11% ▕█                 ▏ 851 MB/8.1 GB  4.7 MB/s  25m55s[K[A[1Gpulling manifest [K
pulling 1b2b95e2f0eb:  11% ▕█                 ▏ 852 MB/8.1 GB  4.7 MB/s  25m52s[K[A[1Gpulling manifest [K
pulling 1b2b95e2f0eb:  11% ▕█                 ▏ 852 MB/8.1 GB  4.7 MB/s  25m52s[K[A[1Gpulling manifest [K
pulling 1b2b95e2f0eb:  11% ▕█                 ▏ 852 MB/8.1 GB  4.7 MB/s  25m52s[K[A[1Gpulling manifest [K
pulling 1b2b95e2f0eb:  11% ▕█                 ▏ 853 MB/8.1 GB  4.7 MB/s  25m52s[K[A[1Gpulling manifest [K
pulling 1b2b95e2f0eb:  11% ▕█                 ▏ 853 MB/8.1 GB  4.7 MB/s  25m51s[K[A[1Gpulling manifest [K
pulling 1b2b95e2f0eb:  11% ▕█                 ▏ 854 MB/8.1 GB  4.7 MB/s  25m51s[K[A[1Gpulling manifest [K
pulling 1b2b95e2f0eb:  11% ▕█                 ▏ 854 MB/8.1 GB  4.7 MB/s  25m51s[K[A[1Gpulling manifest [K
pulling 1b2b95e2f0eb:  11% ▕█                 ▏ 855 MB/8.1 GB  4.7 MB/s  25m51s[K[A[1Gpulling manifest [K
pulling 1b2b95e2f0eb:  11% ▕█                 ▏ 855 MB/8.1 GB  4.7 MB/s  25m51s[K[A[1Gpulling manifest [K
pulling 1b2b95e2f0eb:  11% ▕█                 ▏ 856 MB/8.1 GB  4.7 MB/s  25m51s[K[A[1Gpulling manifest [K
pulling 1b2b95e2f0eb:  11% ▕█                 ▏ 856 MB/8.1 GB  4.6 MB/s   26m3s[K[A[1Gpulling manifest [K
pulling 1b2b95e2f0eb:  11% ▕█                 ▏ 857 MB/8.1 GB  4.6 MB/s   26m3s[K[A[1Gpulling manifest [K
pulling 1b2b95e2f0eb:  11% ▕█                 ▏ 857 MB/8.1 GB  4.6 MB/s   26m2s[K[A[1Gpulling manifest [K
pulling 1b2b95e2f0eb:  11% ▕█                 ▏ 858 MB/8.1 GB  4.6 MB/s   26m2s[K[A[1Gpulling manifest [K
pulling 1b2b95e2f0eb:  11% ▕█                 ▏ 858 MB/8.1 GB  4.6 MB/s   26m2s[K[A[1Gpulling manifest [K
pulling 1b2b95e2f0eb:  11% ▕█                 ▏ 858 MB/8.1 GB  4.6 MB/s   26m2s[K[A[1Gpulling manifest [K
pulling 1b2b95e2f0eb:  11% ▕█                 ▏ 859 MB/8.1 GB  4.6 MB/s   26m2s[K[A[1Gpulling manifest [K
pulling 1b2b95e2f0eb:  11% ▕█                 ▏ 859 MB/8.1 GB  4.6 MB/s   26m2s[K[A[1Gpulling manifest [K
pulling 1b2b95e2f0eb:  11% ▕█                 ▏ 860 MB/8.1 GB  4.6 MB/s   26m2s[K[A[1Gpulling manifest [K
pulling 1b2b95e2f0eb:  11% ▕█                 ▏ 861 MB/8.1 GB  4.6 MB/s   26m2s[K[A[1Gpulling manifest [K
pulling 1b2b95e2f0eb:  11% ▕█                 ▏ 861 MB/8.1 GB  4.6 MB/s   26m2s[K[A[1Gpulling manifest [K
pulling 1b2b95e2f0eb:  11% ▕█                 ▏ 862 MB/8.1 GB  4.7 MB/s  25m40s[K[A[1Gpulling manifest [K
pulling 1b2b95e2f0eb:  11% ▕█                 ▏ 862 MB/8.1 GB  4.7 MB/s  25m40s[K[A[1Gpulling manifest [K
pulling 1b2b95e2f0eb:  11% ▕█                 ▏ 863 MB/8.1 GB  4.7 MB/s  25m40s[K[A[1Gpulling manifest [K
pulling 1b2b95e2f0eb:  11% ▕█                 ▏ 863 MB/8.1 GB  4.7 MB/s  25m40s[K[A[1Gpulling manifest [K
pulling 1b2b95e2f0eb:  11% ▕█                 ▏ 864 MB/8.1 GB  4.7 MB/s  25m40s[K[A[1Gpulling manifest [K
pulling 1b2b95e2f0eb:  11% ▕█                 ▏ 864 MB/8.1 GB  4.7 MB/s  25m39s[K[A[1Gpulling manifest [K
pulling 1b2b95e2f0eb:  11% ▕█                 ▏ 865 MB/8.1 GB  4.7 MB/s  25m39s[K[A[1Gpulling manifest [K
pulling 1b2b95e2f0eb:  11% ▕█                 ▏ 865 MB/8.1 GB  4.7 MB/s  25m39s[K[A[1Gpulling manifest [K
pulling 1b2b95e2f0eb:  11% ▕█                 ▏ 866 MB/8.1 GB  4.7 MB/s  25m39s[K[A[1Gpulling manifest [K
pulling 1b2b95e2f0eb:  11% ▕█                 ▏ 866 MB/8.1 GB  4.7 MB/s  25m39s[K[A[1Gpulling manifest [K
pulling 1b2b95e2f0eb:  11% ▕█                 ▏ 867 MB/8.1 GB  4.9 MB/s  24m41s[K[A[1Gpulling manifest [K
pulling 1b2b95e2f0eb:  11% ▕█                 ▏ 867 MB/8.1 GB  4.9 MB/s  24m41s[K[A[1Gpulling manifest [K
pulling 1b2b95e2f0eb:  11% ▕█                 ▏ 868 MB/8.1 GB  4.9 MB/s  24m41s[K[A[1Gpulling manifest [K
pulling 1b2b95e2f0eb:  11% ▕█                 ▏ 869 MB/8.1 GB  4.9 MB/s  24m41s[K[A[1Gpulling manifest [K
pulling 1b2b95e2f0eb:  11% ▕█                 ▏ 869 MB/8.1 GB  4.9 MB/s  24m41s[K[A[1Gpulling manifest [K
pulling 1b2b95e2f0eb:  11% ▕█                 ▏ 869 MB/8.1 GB  4.9 MB/s  24m41s[K[A[1Gpulling manifest [K
pulling 1b2b95e2f0eb:  11% ▕█                 ▏ 870 MB/8.1 GB  4.9 MB/s  24m41s[K[A[1Gpulling manifest [K
pulling 1b2b95e2f0eb:  11% ▕█                 ▏ 870 MB/8.1 GB  4.9 MB/s  24m41s[K[A[1Gpulling manifest [K
pulling 1b2b95e2f0eb:  11% ▕█                 ▏ 871 MB/8.1 GB  4.9 MB/s  24m41s[K[A[1Gpulling manifest [K
pulling 1b2b95e2f0eb:  11% ▕█                 ▏ 872 MB/8.1 GB  4.9 MB/s  24m41s[K[A[1Gpulling manifest [K
pulling 1b2b95e2f0eb:  11% ▕█                 ▏ 872 MB/8.1 GB  5.0 MB/s  24m13s[K[A[1Gpulling manifest [K
pulling 1b2b95e2f0eb:  11% ▕█                 ▏ 873 MB/8.1 GB  5.0 MB/s  24m13s[K[A[1Gpulling manifest [K
pulling 1b2b95e2f0eb:  11% ▕█                 ▏ 873 MB/8.1 GB  5.0 MB/s  24m13s[K[A[1Gpulling manifest [K
pulling 1b2b95e2f0eb:  11% ▕█                 ▏ 874 MB/8.1 GB  5.0 MB/s  24m13s[K[A[1Gpulling manifest [K
pulling 1b2b95e2f0eb:  11% ▕█                 ▏ 874 MB/8.1 GB  5.0 MB/s  24m13s[K[A[1Gpulling manifest [K
pulling 1b2b95e2f0eb:  11% ▕█                 ▏ 875 MB/8.1 GB  5.0 MB/s  24m12s[K[A[1Gpulling manifest [K
pulling 1b2b95e2f0eb:  11% ▕█                 ▏ 875 MB/8.1 GB  5.0 MB/s  24m12s[K[A[1Gpulling manifest [K
pulling 1b2b95e2f0eb:  11% ▕█                 ▏ 876 MB/8.1 GB  5.0 MB/s  24m12s[K[A[1Gpulling manifest [K
pulling 1b2b95e2f0eb:  11% ▕█                 ▏ 876 MB/8.1 GB  5.0 MB/s  24m12s[K[A[1Gpulling manifest [K
pulling 1b2b95e2f0eb:  11% ▕█                 ▏ 877 MB/8.1 GB  5.0 MB/s  24m12s[K[A[1Gpulling manifest [K
pulling 1b2b95e2f0eb:  11% ▕█                 ▏ 877 MB/8.1 GB  5.0 MB/s  23m56s[K[A[1Gpulling manifest [K
pulling 1b2b95e2f0eb:  11% ▕█                 ▏ 878 MB/8.1 GB  5.0 MB/s  23m56s[K[A[1Gpulling manifest [K
pulling 1b2b95e2f0eb:  11% ▕█                 ▏ 878 MB/8.1 GB  5.0 MB/s  23m56s[K[A[1Gpulling manifest [K
pulling 1b2b95e2f0eb:  11% ▕█                 ▏ 879 MB/8.1 GB  5.0 MB/s  23m56s[K[A[1Gpulling manifest [K
pulling 1b2b95e2f0eb:  11% ▕█                 ▏ 880 MB/8.1 GB  5.0 MB/s  23m56s[K[A[1Gpulling manifest [K
pulling 1b2b95e2f0eb:  11% ▕█                 ▏ 880 MB/8.1 GB  5.0 MB/s  23m55s[K[A[1Gpulling manifest [K
pulling 1b2b95e2f0eb:  11% ▕█                 ▏ 881 MB/8.1 GB  5.0 MB/s  23m55s[K[A[1Gpulling manifest [K
pulling 1b2b95e2f0eb:  11% ▕█                 ▏ 881 MB/8.1 GB  5.0 MB/s  23m55s[K[A[1Gpulling manifest [K
pulling 1b2b95e2f0eb:  11% ▕█                 ▏ 881 MB/8.1 GB  5.0 MB/s  23m55s[K[A[1Gpulling manifest [K
pulling 1b2b95e2f0eb:  11% ▕█                 ▏ 882 MB/8.1 GB  5.0 MB/s  23m55s[K[A[1Gpulling manifest [K
pulling 1b2b95e2f0eb:  11% ▕█                 ▏ 883 MB/8.1 GB  5.1 MB/s  23m49s[K[A[1Gpulling manifest [K
pulling 1b2b95e2f0eb:  11% ▕█                 ▏ 883 MB/8.1 GB  5.1 MB/s  23m49s[K[A[1Gpulling manifest [K
pulling 1b2b95e2f0eb:  11% ▕█                 ▏ 883 MB/8.1 GB  5.1 MB/s  23m49s[K[A[1Gpulling manifest [K
pulling 1b2b95e2f0eb:  11% ▕█                 ▏ 884 MB/8.1 GB  5.1 MB/s  23m49s[K[A[1Gpulling manifest [K
pulling 1b2b95e2f0eb:  11% ▕█                 ▏ 884 MB/8.1 GB  5.1 MB/s  23m49s[K[A[1Gpulling manifest [K
pulling 1b2b95e2f0eb:  11% ▕█                 ▏ 885 MB/8.1 GB  5.1 MB/s  23m49s[K[A[1Gpulling manifest [K
pulling 1b2b95e2f0eb:  11% ▕█                 ▏ 886 MB/8.1 GB  5.1 MB/s  23m48s[K[A[1Gpulling manifest [K
pulling 1b2b95e2f0eb:  11% ▕█                 ▏ 886 MB/8.1 GB  5.1 MB/s  23m48s[K[A[1Gpulling manifest [K
pulling 1b2b95e2f0eb:  11% ▕█                 ▏ 887 MB/8.1 GB  5.1 MB/s  23m48s[K[A[1Gpulling manifest [K
pulling 1b2b95e2f0eb:  11% ▕█                 ▏ 887 MB/8.1 GB  5.1 MB/s  23m48s[K[A[1Gpulling manifest [K
pulling 1b2b95e2f0eb:  11% ▕█                 ▏ 888 MB/8.1 GB  5.1 MB/s  23m48s[K[A[1Gpulling manifest [K
pulling 1b2b95e2f0eb:  11% ▕█                 ▏ 888 MB/8.1 GB  5.1 MB/s  23m31s[K[A[1Gpulling manifest [K
pulling 1b2b95e2f0eb:  11% ▕█                 ▏ 889 MB/8.1 GB  5.1 MB/s  23m31s[K[A[1Gpulling manifest [K
pulling 1b2b95e2f0eb:  11% ▕█                 ▏ 889 MB/8.1 GB  5.1 MB/s  23m31s[K[A[1Gpulling manifest [K
pulling 1b2b95e2f0eb:  11% ▕█                 ▏ 889 MB/8.1 GB  5.1 MB/s  23m31s[K[A[1Gpulling manifest [K
pulling 1b2b95e2f0eb:  11% ▕█                 ▏ 890 MB/8.1 GB  5.1 MB/s  23m31s[K[A[1Gpulling manifest [K
pulling 1b2b95e2f0eb:  11% ▕█                 ▏ 890 MB/8.1 GB  5.1 MB/s  23m31s[K[A[1Gpulling manifest [K
pulling 1b2b95e2f0eb:  11% ▕█                 ▏ 891 MB/8.1 GB  5.1 MB/s  23m31s[K[A[1Gpulling manifest [K
pulling 1b2b95e2f0eb:  11% ▕█                 ▏ 891 MB/8.1 GB  5.1 MB/s  23m31s[K[A[1Gpulling manifest [K
pulling 1b2b95e2f0eb:  11% ▕█                 ▏ 892 MB/8.1 GB  5.1 MB/s  23m31s[K[A[1Gpulling manifest [K
pulling 1b2b95e2f0eb:  11% ▕█                 ▏ 892 MB/8.1 GB  5.1 MB/s  23m30s[K[A[1Gpulling manifest [K
pulling 1b2b95e2f0eb:  11% ▕█                 ▏ 893 MB/8.1 GB  5.1 MB/s  23m37s[K[A[1Gpulling manifest [K
pulling 1b2b95e2f0eb:  11% ▕█                 ▏ 893 MB/8.1 GB  5.1 MB/s  23m37s[K[A[1Gpulling manifest [K
pulling 1b2b95e2f0eb:  11% ▕█                 ▏ 894 MB/8.1 GB  5.1 MB/s  23m37s[K[A[1Gpulling manifest [K
pulling 1b2b95e2f0eb:  11% ▕█                 ▏ 895 MB/8.1 GB  5.1 MB/s  23m37s[K[A[1Gpulling manifest [K
pulling 1b2b95e2f0eb:  11% ▕█                 ▏ 895 MB/8.1 GB  5.1 MB/s  23m37s[K[A[1Gpulling manifest [K
pulling 1b2b95e2f0eb:  11% ▕█                 ▏ 895 MB/8.1 GB  5.1 MB/s  23m36s[K[A[1Gpulling manifest [K
pulling 1b2b95e2f0eb:  11% ▕█                 ▏ 896 MB/8.1 GB  5.1 MB/s  23m36s[K[A[1Gpulling manifest [K
pulling 1b2b95e2f0eb:  11% ▕█                 ▏ 896 MB/8.1 GB  5.1 MB/s  23m36s[K[A[1Gpulling manifest [K
pulling 1b2b95e2f0eb:  11% ▕█                 ▏ 897 MB/8.1 GB  5.1 MB/s  23m36s[K[A[1Gpulling manifest [K
pulling 1b2b95e2f0eb:  11% ▕█                 ▏ 897 MB/8.1 GB  5.1 MB/s  23m36s[K[A[1Gpulling manifest [K
pulling 1b2b95e2f0eb:  11% ▕█                 ▏ 898 MB/8.1 GB  5.1 MB/s  23m30s[K[A[1Gpulling manifest [K
pulling 1b2b95e2f0eb:  11% ▕█                 ▏ 898 MB/8.1 GB  5.1 MB/s  23m30s[K[A[1Gpulling manifest [K
pulling 1b2b95e2f0eb:  11% ▕█                 ▏ 899 MB/8.1 GB  5.1 MB/s  23m30s[K[A[1Gpulling manifest [K
pulling 1b2b95e2f0eb:  11% ▕█                 ▏ 899 MB/8.1 GB  5.1 MB/s  23m30s[K[A[1Gpulling manifest [K
pulling 1b2b95e2f0eb:  11% ▕█                 ▏ 899 MB/8.1 GB  5.1 MB/s  23m30s[K[A[1Gpulling manifest [K
pulling 1b2b95e2f0eb:  11% ▕█                 ▏ 900 MB/8.1 GB  5.1 MB/s  23m30s[K[A[1Gpulling manifest [K
pulling 1b2b95e2f0eb:  11% ▕█                 ▏ 900 MB/8.1 GB  5.1 MB/s  23m30s[K[A[1Gpulling manifest [K
pulling 1b2b95e2f0eb:  11% ▕█                 ▏ 900 MB/8.1 GB  5.1 MB/s  23m30s[K[A[1Gpulling manifest [K
pulling 1b2b95e2f0eb:  11% ▕██                ▏ 901 MB/8.1 GB  5.1 MB/s  23m30s[K[A[1Gpulling manifest [K
pulling 1b2b95e2f0eb:  11% ▕██                ▏ 902 MB/8.1 GB  5.1 MB/s  23m30s[K[A[1Gpulling manifest [K
pulling 1b2b95e2f0eb:  11% ▕██                ▏ 902 MB/8.1 GB  5.1 MB/s  23m31s[K[A[1Gpulling manifest [K
pulling 1b2b95e2f0eb:  11% ▕██                ▏ 903 MB/8.1 GB  5.1 MB/s  23m31s[K[A[1Gpulling manifest [K
pulling 1b2b95e2f0eb:  11% ▕██                ▏ 903 MB/8.1 GB  5.1 MB/s  23m31s[K[A[1Gpulling manifest [K
pulling 1b2b95e2f0eb:  11% ▕██                ▏ 904 MB/8.1 GB  5.1 MB/s  23m31s[K[A[1Gpulling manifest [K
pulling 1b2b95e2f0eb:  11% ▕██                ▏ 904 MB/8.1 GB  5.1 MB/s  23m31s[K[A[1Gpulling manifest [K
pulling 1b2b95e2f0eb:  11% ▕██                ▏ 905 MB/8.1 GB  5.1 MB/s  23m31s[K[A[1Gpulling manifest [K
pulling 1b2b95e2f0eb:  11% ▕██                ▏ 905 MB/8.1 GB  5.1 MB/s  23m31s[K[A[1Gpulling manifest [K
pulling 1b2b95e2f0eb:  11% ▕██                ▏ 906 MB/8.1 GB  5.1 MB/s  23m31s[K[A[1Gpulling manifest [K
pulling 1b2b95e2f0eb:  11% ▕██                ▏ 906 MB/8.1 GB  5.1 MB/s  23m31s[K[A[1Gpulling manifest [K
pulling 1b2b95e2f0eb:  11% ▕██                ▏ 907 MB/8.1 GB  5.1 MB/s  23m31s[K[A[1Gpulling manifest [K
pulling 1b2b95e2f0eb:  11% ▕██                ▏ 908 MB/8.1 GB  5.2 MB/s  23m10s[K[A[1Gpulling manifest [K
pulling 1b2b95e2f0eb:  11% ▕██                ▏ 908 MB/8.1 GB  5.2 MB/s  23m10s[K[A[1Gpulling manifest [K
pulling 1b2b95e2f0eb:  11% ▕██                ▏ 909 MB/8.1 GB  5.2 MB/s   23m9s[K[A[1Gpulling manifest [K
pulling 1b2b95e2f0eb:  11% ▕██                ▏ 909 MB/8.1 GB  5.2 MB/s   23m9s[K[A[1Gpulling manifest [K
pulling 1b2b95e2f0eb:  11% ▕██                ▏ 910 MB/8.1 GB  5.2 MB/s   23m9s[K[A[1Gpulling manifest [K
pulling 1b2b95e2f0eb:  11% ▕██                ▏ 910 MB/8.1 GB  5.2 MB/s   23m9s[K[A[1Gpulling manifest [K
pulling 1b2b95e2f0eb:  11% ▕██                ▏ 911 MB/8.1 GB  5.2 MB/s   23m9s[K[A[1Gpulling manifest [K
pulling 1b2b95e2f0eb:  11% ▕██                ▏ 911 MB/8.1 GB  5.2 MB/s   23m9s[K[A[1Gpulling manifest [K
pulling 1b2b95e2f0eb:  11% ▕██                ▏ 912 MB/8.1 GB  5.2 MB/s   23m9s[K[A[1Gpulling manifest [K
pulling 1b2b95e2f0eb:  11% ▕██                ▏ 912 MB/8.1 GB  5.2 MB/s   23m9s[K[A[1Gpulling manifest [K
pulling 1b2b95e2f0eb:  11% ▕██                ▏ 913 MB/8.1 GB  5.2 MB/s   23m9s[K[A[1Gpulling manifest [K
pulling 1b2b95e2f0eb:  11% ▕██                ▏ 913 MB/8.1 GB  5.1 MB/s  23m19s[K[A[1Gpulling manifest [K
pulling 1b2b95e2f0eb:  11% ▕██                ▏ 914 MB/8.1 GB  5.1 MB/s  23m19s[K[A[1Gpulling manifest [K
pulling 1b2b95e2f0eb:  11% ▕██                ▏ 914 MB/8.1 GB  5.1 MB/s  23m19s[K[A[1Gpulling manifest [K
pulling 1b2b95e2f0eb:  11% ▕██                ▏ 915 MB/8.1 GB  5.1 MB/s  23m19s[K[A[1Gpulling manifest [K
pulling 1b2b95e2f0eb:  11% ▕██                ▏ 915 MB/8.1 GB  5.1 MB/s  23m19s[K[A[1Gpulling manifest [K
pulling 1b2b95e2f0eb:  11% ▕██                ▏ 915 MB/8.1 GB  5.1 MB/s  23m19s[K[A[1Gpulling manifest [K
pulling 1b2b95e2f0eb:  11% ▕██                ▏ 916 MB/8.1 GB  5.1 MB/s  23m19s[K[A[1Gpulling manifest [K
pulling 1b2b95e2f0eb:  11% ▕██                ▏ 916 MB/8.1 GB  5.1 MB/s  23m19s[K[A[1Gpulling manifest [K
pulling 1b2b95e2f0eb:  11% ▕██                ▏ 916 MB/8.1 GB  5.1 MB/s  23m19s[K[A[1Gpulling manifest [K
pulling 1b2b95e2f0eb:  11% ▕██                ▏ 917 MB/8.1 GB  5.1 MB/s  23m18s[K[A[1Gpulling manifest [K
pulling 1b2b95e2f0eb:  11% ▕██                ▏ 917 MB/8.1 GB  5.0 MB/s  23m57s[K[A[1Gpulling manifest [K
pulling 1b2b95e2f0eb:  11% ▕██                ▏ 918 MB/8.1 GB  5.0 MB/s  23m57s[K[A[1Gpulling manifest [K
pulling 1b2b95e2f0eb:  11% ▕██                ▏ 918 MB/8.1 GB  5.0 MB/s  23m57s[K[A[1Gpulling manifest [K
pulling 1b2b95e2f0eb:  11% ▕██                ▏ 919 MB/8.1 GB  5.0 MB/s  23m57s[K[A[1Gpulling manifest [K
pulling 1b2b95e2f0eb:  11% ▕██                ▏ 920 MB/8.1 GB  5.0 MB/s  23m56s[K[A[1Gpulling manifest [K
pulling 1b2b95e2f0eb:  11% ▕██                ▏ 920 MB/8.1 GB  5.0 MB/s  23m56s[K[A[1Gpulling manifest [K
pulling 1b2b95e2f0eb:  11% ▕██                ▏ 921 MB/8.1 GB  5.0 MB/s  23m56s[K[A[1Gpulling manifest [K
pulling 1b2b95e2f0eb:  11% ▕██                ▏ 921 MB/8.1 GB  5.0 MB/s  23m56s[K[A[1Gpulling manifest [K
pulling 1b2b95e2f0eb:  11% ▕██                ▏ 922 MB/8.1 GB  5.0 MB/s  23m56s[K[A[1Gpulling manifest [K
pulling 1b2b95e2f0eb:  11% ▕██                ▏ 922 MB/8.1 GB  5.0 MB/s  23m56s[K[A[1Gpulling manifest [K
pulling 1b2b95e2f0eb:  11% ▕██                ▏ 923 MB/8.1 GB  5.0 MB/s  23m47s[K[A[1Gpulling manifest [K
pulling 1b2b95e2f0eb:  11% ▕██                ▏ 923 MB/8.1 GB  5.0 MB/s  23m46s[K[A[1Gpulling manifest [K
pulling 1b2b95e2f0eb:  11% ▕██                ▏ 924 MB/8.1 GB  5.0 MB/s  23m46s[K[A[1Gpulling manifest [K
pulling 1b2b95e2f0eb:  11% ▕██                ▏ 924 MB/8.1 GB  5.0 MB/s  23m46s[K[A[1Gpulling manifest [K
pulling 1b2b95e2f0eb:  11% ▕██                ▏ 925 MB/8.1 GB  5.0 MB/s  23m46s[K[A[1Gpulling manifest [K
pulling 1b2b95e2f0eb:  11% ▕██                ▏ 925 MB/8.1 GB  5.0 MB/s  23m46s[K[A[1Gpulling manifest [K
pulling 1b2b95e2f0eb:  11% ▕██                ▏ 925 MB/8.1 GB  5.0 MB/s  23m46s[K[A[1Gpulling manifest [K
pulling 1b2b95e2f0eb:  11% ▕██                ▏ 926 MB/8.1 GB  5.0 MB/s  23m46s[K[A[1Gpulling manifest [K
pulling 1b2b95e2f0eb:  11% ▕██                ▏ 927 MB/8.1 GB  5.0 MB/s  23m46s[K[A[1Gpulling manifest [K
pulling 1b2b95e2f0eb:  11% ▕██                ▏ 927 MB/8.1 GB  5.0 MB/s  23m46s[K[A[1Gpulling manifest [K
pulling 1b2b95e2f0eb:  11% ▕██                ▏ 928 MB/8.1 GB  5.0 MB/s  23m44s[K[A[1Gpulling manifest [K
pulling 1b2b95e2f0eb:  11% ▕██                ▏ 929 MB/8.1 GB  5.0 MB/s  23m44s[K[A[1Gpulling manifest [K
pulling 1b2b95e2f0eb:  11% ▕██                ▏ 929 MB/8.1 GB  5.0 MB/s  23m44s[K[A[1Gpulling manifest [K
pulling 1b2b95e2f0eb:  11% ▕██                ▏ 930 MB/8.1 GB  5.0 MB/s  23m43s[K[A[1Gpulling manifest [K
pulling 1b2b95e2f0eb:  11% ▕██                ▏ 930 MB/8.1 GB  5.0 MB/s  23m43s[K[A[1Gpulling manifest [K
pulling 1b2b95e2f0eb:  11% ▕██                ▏ 931 MB/8.1 GB  5.0 MB/s  23m43s[K[A[1Gpulling manifest [K
pulling 1b2b95e2f0eb:  11% ▕██                ▏ 931 MB/8.1 GB  5.0 MB/s  23m43s[K[A[1Gpulling manifest [K
pulling 1b2b95e2f0eb:  11% ▕██                ▏ 932 MB/8.1 GB  5.0 MB/s  23m43s[K[A[1Gpulling manifest [K
pulling 1b2b95e2f0eb:  11% ▕██                ▏ 932 MB/8.1 GB  5.0 MB/s  23m43s[K[A[1Gpulling manifest [K
pulling 1b2b95e2f0eb:  12% ▕██                ▏ 933 MB/8.1 GB  5.0 MB/s  23m43s[K[A[1Gpulling manifest [K
pulling 1b2b95e2f0eb:  12% ▕██                ▏ 933 MB/8.1 GB  5.0 MB/s  23m43s[K[A[1Gpulling manifest [K
pulling 1b2b95e2f0eb:  12% ▕██                ▏ 933 MB/8.1 GB  5.0 MB/s  23m42s[K[A[1Gpulling manifest [K
pulling 1b2b95e2f0eb:  12% ▕██                ▏ 934 MB/8.1 GB  5.0 MB/s  23m42s[K[A[1Gpulling manifest [K
pulling 1b2b95e2f0eb:  12% ▕██                ▏ 935 MB/8.1 GB  5.0 MB/s  23m42s[K[A[1Gpulling manifest [K
pulling 1b2b95e2f0eb:  12% ▕██                ▏ 935 MB/8.1 GB  5.0 MB/s  23m42s[K[A[1Gpulling manifest [K
pulling 1b2b95e2f0eb:  12% ▕██                ▏ 936 MB/8.1 GB  5.0 MB/s  23m42s[K[A[1Gpulling manifest [K
pulling 1b2b95e2f0eb:  12% ▕██                ▏ 936 MB/8.1 GB  5.0 MB/s  23m42s[K[A[1Gpulling manifest [K
pulling 1b2b95e2f0eb:  12% ▕██                ▏ 936 MB/8.1 GB  5.0 MB/s  23m42s[K[A[1Gpulling manifest [K
pulling 1b2b95e2f0eb:  12% ▕██                ▏ 937 MB/8.1 GB  5.0 MB/s  23m42s[K[A[1Gpulling manifest [K
pulling 1b2b95e2f0eb:  12% ▕██                ▏ 937 MB/8.1 GB  5.0 MB/s  23m42s[K[A[1Gpulling manifest [K
pulling 1b2b95e2f0eb:  12% ▕██                ▏ 937 MB/8.1 GB  5.0 MB/s  23m42s[K[A[1Gpulling manifest [K
pulling 1b2b95e2f0eb:  12% ▕██                ▏ 938 MB/8.1 GB  5.0 MB/s   24m2s[K[A[1Gpulling manifest [K
pulling 1b2b95e2f0eb:  12% ▕██                ▏ 938 MB/8.1 GB  5.0 MB/s   24m2s[K[A[1Gpulling manifest [K
pulling 1b2b95e2f0eb:  12% ▕██                ▏ 939 MB/8.1 GB  5.0 MB/s   24m2s[K[A[1Gpulling manifest [K
pulling 1b2b95e2f0eb:  12% ▕██                ▏ 939 MB/8.1 GB  5.0 MB/s   24m2s[K[A[1Gpulling manifest [K
pulling 1b2b95e2f0eb:  12% ▕██                ▏ 940 MB/8.1 GB  5.0 MB/s   24m2s[K[A[1Gpulling manifest [K
pulling 1b2b95e2f0eb:  12% ▕██                ▏ 940 MB/8.1 GB  5.0 MB/s   24m1s[K[A[1Gpulling manifest [K
pulling 1b2b95e2f0eb:  12% ▕██                ▏ 941 MB/8.1 GB  5.0 MB/s   24m1s[K[A[1Gpulling manifest [K
pulling 1b2b95e2f0eb:  12% ▕██                ▏ 941 MB/8.1 GB  5.0 MB/s   24m1s[K[A[1Gpulling manifest [K
pulling 1b2b95e2f0eb:  12% ▕██                ▏ 942 MB/8.1 GB  5.0 MB/s   24m1s[K[A[1Gpulling manifest [K
pulling 1b2b95e2f0eb:  12% ▕██                ▏ 942 MB/8.1 GB  5.0 MB/s   24m1s[K[A[1Gpulling manifest [K
pulling 1b2b95e2f0eb:  12% ▕██                ▏ 943 MB/8.1 GB  5.0 MB/s  23m55s[K[A[1Gpulling manifest [K
pulling 1b2b95e2f0eb:  12% ▕██                ▏ 943 MB/8.1 GB  5.0 MB/s  23m55s[K[A[1Gpulling manifest [K
pulling 1b2b95e2f0eb:  12% ▕██                ▏ 944 MB/8.1 GB  5.0 MB/s  23m55s[K[A[1Gpulling manifest [K
pulling 1b2b95e2f0eb:  12% ▕██                ▏ 944 MB/8.1 GB  5.0 MB/s  23m55s[K[A[1Gpulling manifest [K
pulling 1b2b95e2f0eb:  12% ▕██                ▏ 944 MB/8.1 GB  5.0 MB/s  23m55s[K[A[1Gpulling manifest [K
pulling 1b2b95e2f0eb:  12% ▕██                ▏ 945 MB/8.1 GB  5.0 MB/s  23m54s[K[A[1Gpulling manifest [K
pulling 1b2b95e2f0eb:  12% ▕██                ▏ 946 MB/8.1 GB  5.0 MB/s  23m54s[K[A[1Gpulling manifest [K
pulling 1b2b95e2f0eb:  12% ▕██                ▏ 946 MB/8.1 GB  5.0 MB/s  23m54s[K[A[1Gpulling manifest [K
pulling 1b2b95e2f0eb:  12% ▕██                ▏ 946 MB/8.1 GB  5.0 MB/s  23m54s[K[A[1Gpulling manifest [K
pulling 1b2b95e2f0eb:  12% ▕██                ▏ 947 MB/8.1 GB  5.0 MB/s  23m54s[K[A[1Gpulling manifest [K
pulling 1b2b95e2f0eb:  12% ▕██                ▏ 947 MB/8.1 GB  5.0 MB/s  23m54s[K[A[1Gpulling manifest [K
pulling 1b2b95e2f0eb:  12% ▕██                ▏ 948 MB/8.1 GB  5.0 MB/s  23m54s[K[A[1Gpulling manifest [K
pulling 1b2b95e2f0eb:  12% ▕██                ▏ 948 MB/8.1 GB  5.0 MB/s  23m54s[K[A[1Gpulling manifest [K
pulling 1b2b95e2f0eb:  12% ▕██                ▏ 948 MB/8.1 GB  5.0 MB/s  23m54s[K[A[1Gpulling manifest [K
pulling 1b2b95e2f0eb:  12% ▕██                ▏ 949 MB/8.1 GB  5.0 MB/s  23m53s[K[A[1Gpulling manifest [K
pulling 1b2b95e2f0eb:  12% ▕██                ▏ 950 MB/8.1 GB  5.0 MB/s  23m53s[K[A[1Gpulling manifest [K
pulling 1b2b95e2f0eb:  12% ▕██                ▏ 950 MB/8.1 GB  5.0 MB/s  23m53s[K[A[1Gpulling manifest [K
pulling 1b2b95e2f0eb:  12% ▕██                ▏ 950 MB/8.1 GB  5.0 MB/s  23m53s[K[A[1Gpulling manifest [K
pulling 1b2b95e2f0eb:  12% ▕██                ▏ 951 MB/8.1 GB  5.0 MB/s  23m53s[K[A[1Gpulling manifest [K
pulling 1b2b95e2f0eb:  12% ▕██                ▏ 951 MB/8.1 GB  5.0 MB/s  23m53s[K[A[1Gpulling manifest [K
pulling 1b2b95e2f0eb:  12% ▕██                ▏ 952 MB/8.1 GB  4.9 MB/s  24m22s[K[A[1Gpulling manifest [K
pulling 1b2b95e2f0eb:  12% ▕██                ▏ 952 MB/8.1 GB  4.9 MB/s  24m22s[K[A[1Gpulling manifest [K
pulling 1b2b95e2f0eb:  12% ▕██                ▏ 953 MB/8.1 GB  4.9 MB/s  24m22s[K[A[1Gpulling manifest [K
pulling 1b2b95e2f0eb:  12% ▕██                ▏ 953 MB/8.1 GB  4.9 MB/s  24m22s[K[A[1Gpulling manifest [K
pulling 1b2b95e2f0eb:  12% ▕██                ▏ 954 MB/8.1 GB  4.9 MB/s  24m22s[K[A[1Gpulling manifest [K
pulling 1b2b95e2f0eb:  12% ▕██                ▏ 954 MB/8.1 GB  4.9 MB/s  24m22s[K[A[1Gpulling manifest [K
pulling 1b2b95e2f0eb:  12% ▕██                ▏ 955 MB/8.1 GB  4.9 MB/s  24m22s[K[A[1Gpulling manifest [K
pulling 1b2b95e2f0eb:  12% ▕██                ▏ 955 MB/8.1 GB  4.9 MB/s  24m22s[K[A[1Gpulling manifest [K
pulling 1b2b95e2f0eb:  12% ▕██                ▏ 956 MB/8.1 GB  4.9 MB/s  24m22s[K[A[1Gpulling manifest [K
pulling 1b2b95e2f0eb:  12% ▕██                ▏ 956 MB/8.1 GB  4.9 MB/s  24m21s[K[A[1Gpulling manifest [K
pulling 1b2b95e2f0eb:  12% ▕██                ▏ 957 MB/8.1 GB  4.9 MB/s  24m24s[K[A[1Gpulling manifest [K
pulling 1b2b95e2f0eb:  12% ▕██                ▏ 957 MB/8.1 GB  4.9 MB/s  24m24s[K[A[1Gpulling manifest [K
pulling 1b2b95e2f0eb:  12% ▕██                ▏ 958 MB/8.1 GB  4.9 MB/s  24m24s[K[A[1Gpulling manifest [K
pulling 1b2b95e2f0eb:  12% ▕██                ▏ 958 MB/8.1 GB  4.9 MB/s  24m24s[K[A[1Gpulling manifest [K
pulling 1b2b95e2f0eb:  12% ▕██                ▏ 958 MB/8.1 GB  4.9 MB/s  24m24s[K[A[1Gpulling manifest [K
pulling 1b2b95e2f0eb:  12% ▕██                ▏ 959 MB/8.1 GB  4.9 MB/s  24m24s[K[A[1Gpulling manifest [K
pulling 1b2b95e2f0eb:  12% ▕██                ▏ 960 MB/8.1 GB  4.9 MB/s  24m24s[K[A[1Gpulling manifest [K
pulling 1b2b95e2f0eb:  12% ▕██                ▏ 960 MB/8.1 GB  4.9 MB/s  24m24s[K[A[1Gpulling manifest [K
pulling 1b2b95e2f0eb:  12% ▕██                ▏ 960 MB/8.1 GB  4.9 MB/s  24m24s[K[A[1Gpulling manifest [K
pulling 1b2b95e2f0eb:  12% ▕██                ▏ 961 MB/8.1 GB  4.9 MB/s  24m23s[K[A[1Gpulling manifest [K
pulling 1b2b95e2f0eb:  12% ▕██                ▏ 961 MB/8.1 GB  4.9 MB/s  24m23s[K[A[1Gpulling manifest [K
pulling 1b2b95e2f0eb:  12% ▕██                ▏ 962 MB/8.1 GB  4.9 MB/s   24m9s[K[A[1Gpulling manifest [K
pulling 1b2b95e2f0eb:  12% ▕██                ▏ 962 MB/8.1 GB  4.9 MB/s   24m9s[K[A[1Gpulling manifest [K
pulling 1b2b95e2f0eb:  12% ▕██                ▏ 963 MB/8.1 GB  4.9 MB/s   24m9s[K[A[1Gpulling manifest [K
pulling 1b2b95e2f0eb:  12% ▕██                ▏ 963 MB/8.1 GB  4.9 MB/s   24m9s[K[A[1Gpulling manifest [K
pulling 1b2b95e2f0eb:  12% ▕██                ▏ 963 MB/8.1 GB  4.9 MB/s   24m8s[K[A[1Gpulling manifest [K
pulling 1b2b95e2f0eb:  12% ▕██                ▏ 964 MB/8.1 GB  4.9 MB/s   24m8s[K[A[1Gpulling manifest [K
pulling 1b2b95e2f0eb:  12% ▕██                ▏ 964 MB/8.1 GB  4.9 MB/s   24m8s[K[A[1Gpulling manifest [K
pulling 1b2b95e2f0eb:  12% ▕██                ▏ 965 MB/8.1 GB  4.9 MB/s   24m8s[K[A[1Gpulling manifest [K
pulling 1b2b95e2f0eb:  12% ▕██                ▏ 965 MB/8.1 GB  4.9 MB/s   24m8s[K[A[1Gpulling manifest [K
pulling 1b2b95e2f0eb:  12% ▕██                ▏ 965 MB/8.1 GB  4.9 MB/s   24m8s[K[A[1Gpulling manifest [K
pulling 1b2b95e2f0eb:  12% ▕██                ▏ 966 MB/8.1 GB  4.8 MB/s  24m56s[K[A[1Gpulling manifest [K
pulling 1b2b95e2f0eb:  12% ▕██                ▏ 966 MB/8.1 GB  4.8 MB/s  24m56s[K[A[1Gpulling manifest [K
pulling 1b2b95e2f0eb:  12% ▕██                ▏ 967 MB/8.1 GB  4.8 MB/s  24m56s[K[A[1Gpulling manifest [K
pulling 1b2b95e2f0eb:  12% ▕██                ▏ 967 MB/8.1 GB  4.8 MB/s  24m56s[K[A[1Gpulling manifest [K
pulling 1b2b95e2f0eb:  12% ▕██                ▏ 967 MB/8.1 GB  4.8 MB/s  24m56s[K[A[1Gpulling manifest [K
pulling 1b2b95e2f0eb:  12% ▕██                ▏ 968 MB/8.1 GB  4.8 MB/s  24m56s[K[A[1Gpulling manifest [K
pulling 1b2b95e2f0eb:  12% ▕██                ▏ 968 MB/8.1 GB  4.8 MB/s  24m56s[K[A[1Gpulling manifest [K
pulling 1b2b95e2f0eb:  12% ▕██                ▏ 969 MB/8.1 GB  4.8 MB/s  24m56s[K[A[1Gpulling manifest [K
pulling 1b2b95e2f0eb:  12% ▕██                ▏ 969 MB/8.1 GB  4.8 MB/s  24m55s[K[A[1Gpulling manifest [K
pulling 1b2b95e2f0eb:  12% ▕██                ▏ 970 MB/8.1 GB  4.8 MB/s  24m55s[K[A[1Gpulling manifest [K
pulling 1b2b95e2f0eb:  12% ▕██                ▏ 970 MB/8.1 GB  4.7 MB/s  25m26s[K[A[1Gpulling manifest [K
pulling 1b2b95e2f0eb:  12% ▕██                ▏ 971 MB/8.1 GB  4.7 MB/s  25m26s[K[A[1Gpulling manifest [K
pulling 1b2b95e2f0eb:  12% ▕██                ▏ 971 MB/8.1 GB  4.7 MB/s  25m26s[K[A[1Gpulling manifest [K
pulling 1b2b95e2f0eb:  12% ▕██                ▏ 972 MB/8.1 GB  4.7 MB/s  25m26s[K[A[1Gpulling manifest [K
pulling 1b2b95e2f0eb:  12% ▕██                ▏ 972 MB/8.1 GB  4.7 MB/s  25m26s[K[A[1Gpulling manifest [K
pulling 1b2b95e2f0eb:  12% ▕██                ▏ 973 MB/8.1 GB  4.7 MB/s  25m26s[K[A[1Gpulling manifest [K
pulling 1b2b95e2f0eb:  12% ▕██                ▏ 973 MB/8.1 GB  4.7 MB/s  25m26s[K[A[1Gpulling manifest [K
pulling 1b2b95e2f0eb:  12% ▕██                ▏ 974 MB/8.1 GB  4.7 MB/s  25m26s[K[A[1Gpulling manifest [K
pulling 1b2b95e2f0eb:  12% ▕██                ▏ 974 MB/8.1 GB  4.7 MB/s  25m26s[K[A[1Gpulling manifest [K
pulling 1b2b95e2f0eb:  12% ▕██                ▏ 974 MB/8.1 GB  4.7 MB/s  25m26s[K[A[1Gpulling manifest [K
pulling 1b2b95e2f0eb:  12% ▕██                ▏ 975 MB/8.1 GB  4.6 MB/s  25m34s[K[A[1Gpulling manifest [K
pulling 1b2b95e2f0eb:  12% ▕██                ▏ 976 MB/8.1 GB  4.6 MB/s  25m34s[K[A[1Gpulling manifest [K
pulling 1b2b95e2f0eb:  12% ▕██                ▏ 976 MB/8.1 GB  4.6 MB/s  25m34s[K[A[1Gpulling manifest [K
pulling 1b2b95e2f0eb:  12% ▕██                ▏ 977 MB/8.1 GB  4.6 MB/s  25m34s[K[A[1Gpulling manifest [K
pulling 1b2b95e2f0eb:  12% ▕██                ▏ 977 MB/8.1 GB  4.6 MB/s  25m34s[K[A[1Gpulling manifest [K
pulling 1b2b95e2f0eb:  12% ▕██                ▏ 977 MB/8.1 GB  4.6 MB/s  25m33s[K[A[1Gpulling manifest [K
pulling 1b2b95e2f0eb:  12% ▕██                ▏ 978 MB/8.1 GB  4.6 MB/s  25m33s[K[A[1Gpulling manifest [K
pulling 1b2b95e2f0eb:  12% ▕██                ▏ 978 MB/8.1 GB  4.6 MB/s  25m33s[K[A[1Gpulling manifest [K
pulling 1b2b95e2f0eb:  12% ▕██                ▏ 979 MB/8.1 GB  4.6 MB/s  25m33s[K[A[1Gpulling manifest [K
pulling 1b2b95e2f0eb:  12% ▕██                ▏ 979 MB/8.1 GB  4.6 MB/s  25m33s[K[A[1Gpulling manifest [K
pulling 1b2b95e2f0eb:  12% ▕██                ▏ 980 MB/8.1 GB  4.7 MB/s  25m11s[K[A[1Gpulling manifest [K
pulling 1b2b95e2f0eb:  12% ▕██                ▏ 980 MB/8.1 GB  4.7 MB/s  25m11s[K[A[1Gpulling manifest [K
pulling 1b2b95e2f0eb:  12% ▕██                ▏ 981 MB/8.1 GB  4.7 MB/s  25m11s[K[A[1Gpulling manifest [K
pulling 1b2b95e2f0eb:  12% ▕██                ▏ 981 MB/8.1 GB  4.7 MB/s  25m11s[K[A[1Gpulling manifest [K
pulling 1b2b95e2f0eb:  12% ▕██                ▏ 981 MB/8.1 GB  4.7 MB/s  25m10s[K[A[1Gpulling manifest [K
pulling 1b2b95e2f0eb:  12% ▕██                ▏ 982 MB/8.1 GB  4.7 MB/s  25m10s[K[A[1Gpulling manifest [K
pulling 1b2b95e2f0eb:  12% ▕██                ▏ 982 MB/8.1 GB  4.7 MB/s  25m10s[K[A[1Gpulling manifest [K
pulling 1b2b95e2f0eb:  12% ▕██                ▏ 983 MB/8.1 GB  4.7 MB/s  25m10s[K[A[1Gpulling manifest [K
pulling 1b2b95e2f0eb:  12% ▕██                ▏ 983 MB/8.1 GB  4.7 MB/s  25m10s[K[A[1Gpulling manifest [K
pulling 1b2b95e2f0eb:  12% ▕██                ▏ 984 MB/8.1 GB  4.7 MB/s  25m10s[K[A[1Gpulling manifest [K
pulling 1b2b95e2f0eb:  12% ▕██                ▏ 984 MB/8.1 GB  4.7 MB/s  25m10s[K[A[1Gpulling manifest [K
pulling 1b2b95e2f0eb:  12% ▕██                ▏ 985 MB/8.1 GB  4.7 MB/s  25m27s[K[A[1Gpulling manifest [K
pulling 1b2b95e2f0eb:  12% ▕██                ▏ 985 MB/8.1 GB  4.7 MB/s  25m27s[K[A[1Gpulling manifest [K
pulling 1b2b95e2f0eb:  12% ▕██                ▏ 986 MB/8.1 GB  4.7 MB/s  25m27s[K[A[1Gpulling manifest [K
pulling 1b2b95e2f0eb:  12% ▕██                ▏ 986 MB/8.1 GB  4.7 MB/s  25m27s[K[A[1Gpulling manifest [K
pulling 1b2b95e2f0eb:  12% ▕██                ▏ 987 MB/8.1 GB  4.7 MB/s  25m26s[K[A[1Gpulling manifest [K
pulling 1b2b95e2f0eb:  12% ▕██                ▏ 987 MB/8.1 GB  4.7 MB/s  25m26s[K[A[1Gpulling manifest [K
pulling 1b2b95e2f0eb:  12% ▕██                ▏ 988 MB/8.1 GB  4.7 MB/s  25m26s[K[A[1Gpulling manifest [K
pulling 1b2b95e2f0eb:  12% ▕██                ▏ 988 MB/8.1 GB  4.7 MB/s  25m26s[K[A[1Gpulling manifest [K
pulling 1b2b95e2f0eb:  12% ▕██                ▏ 989 MB/8.1 GB  4.7 MB/s  25m26s[K[A[1Gpulling manifest [K
pulling 1b2b95e2f0eb:  12% ▕██                ▏ 989 MB/8.1 GB  4.7 MB/s  25m26s[K[A[1Gpulling manifest [K
pulling 1b2b95e2f0eb:  12% ▕██                ▏ 990 MB/8.1 GB  4.7 MB/s  25m14s[K[A[1Gpulling manifest [K
pulling 1b2b95e2f0eb:  12% ▕██                ▏ 990 MB/8.1 GB  4.7 MB/s  25m14s[K[A[1Gpulling manifest [K
pulling 1b2b95e2f0eb:  12% ▕██                ▏ 991 MB/8.1 GB  4.7 MB/s  25m14s[K[A[1Gpulling manifest [K
pulling 1b2b95e2f0eb:  12% ▕██                ▏ 991 MB/8.1 GB  4.7 MB/s  25m14s[K[A[1Gpulling manifest [K
pulling 1b2b95e2f0eb:  12% ▕██                ▏ 991 MB/8.1 GB  4.7 MB/s  25m14s[K[A[1Gpulling manifest [K
pulling 1b2b95e2f0eb:  12% ▕██                ▏ 992 MB/8.1 GB  4.7 MB/s  25m14s[K[A[1Gpulling manifest [K
pulling 1b2b95e2f0eb:  12% ▕██                ▏ 992 MB/8.1 GB  4.7 MB/s  25m14s[K[A[1Gpulling manifest [K
pulling 1b2b95e2f0eb:  12% ▕██                ▏ 993 MB/8.1 GB  4.7 MB/s  25m14s[K[A[1Gpulling manifest [K
pulling 1b2b95e2f0eb:  12% ▕██                ▏ 993 MB/8.1 GB  4.7 MB/s  25m13s[K[A[1Gpulling manifest [K
pulling 1b2b95e2f0eb:  12% ▕██                ▏ 994 MB/8.1 GB  4.7 MB/s  25m13s[K[A[1Gpulling manifest [K
pulling 1b2b95e2f0eb:  12% ▕██                ▏ 994 MB/8.1 GB  4.7 MB/s  25m10s[K[A[1Gpulling manifest [K
pulling 1b2b95e2f0eb:  12% ▕██                ▏ 995 MB/8.1 GB  4.7 MB/s  25m10s[K[A[1Gpulling manifest [K
pulling 1b2b95e2f0eb:  12% ▕██                ▏ 995 MB/8.1 GB  4.7 MB/s  25m10s[K[A[1Gpulling manifest [K
pulling 1b2b95e2f0eb:  12% ▕██                ▏ 995 MB/8.1 GB  4.7 MB/s  25m10s[K[A[1Gpulling manifest [K
pulling 1b2b95e2f0eb:  12% ▕██                ▏ 996 MB/8.1 GB  4.7 MB/s   25m9s[K[A[1Gpulling manifest [K
pulling 1b2b95e2f0eb:  12% ▕██                ▏ 997 MB/8.1 GB  4.7 MB/s   25m9s[K[A[1Gpulling manifest [K
pulling 1b2b95e2f0eb:  12% ▕██                ▏ 997 MB/8.1 GB  4.7 MB/s   25m9s[K[A[1Gpulling manifest [K
pulling 1b2b95e2f0eb:  12% ▕██                ▏ 998 MB/8.1 GB  4.7 MB/s   25m9s[K[A[1Gpulling manifest [K
pulling 1b2b95e2f0eb:  12% ▕██                ▏ 998 MB/8.1 GB  4.7 MB/s   25m9s[K[A[1Gpulling manifest [K
pulling 1b2b95e2f0eb:  12% ▕██                ▏ 998 MB/8.1 GB  4.7 MB/s   25m9s[K[A[1Gpulling manifest [K
pulling 1b2b95e2f0eb:  12% ▕██                ▏ 999 MB/8.1 GB  4.7 MB/s  25m27s[K[A[1Gpulling manifest [K
pulling 1b2b95e2f0eb:  12% ▕██                ▏ 1.0 GB/8.1 GB  4.7 MB/s  25m27s[K[A[1Gpulling manifest [K
pulling 1b2b95e2f0eb:  12% ▕██                ▏ 1.0 GB/8.1 GB  4.7 MB/s  25m27s[K[A[1Gpulling manifest [K
pulling 1b2b95e2f0eb:  12% ▕██                ▏ 1.0 GB/8.1 GB  4.7 MB/s  25m27s[K[A[1Gpulling manifest [K
pulling 1b2b95e2f0eb:  12% ▕██                ▏ 1.0 GB/8.1 GB  4.7 MB/s  25m27s[K[A[1Gpulling manifest [K
pulling 1b2b95e2f0eb:  12% ▕██                ▏ 1.0 GB/8.1 GB  4.7 MB/s  25m27s[K[A[1Gpulling manifest [K
pulling 1b2b95e2f0eb:  12% ▕██                ▏ 1.0 GB/8.1 GB  4.7 MB/s  25m27s[K[A[1Gpulling manifest [K
pulling 1b2b95e2f0eb:  12% ▕██                ▏ 1.0 GB/8.1 GB  4.7 MB/s  25m27s[K[A[1Gpulling manifest [K
pulling 1b2b95e2f0eb:  12% ▕██                ▏ 1.0 GB/8.1 GB  4.7 MB/s  25m26s[K[A[1Gpulling manifest [K
pulling 1b2b95e2f0eb:  12% ▕██                ▏ 1.0 GB/8.1 GB  4.7 MB/s  25m26s[K[A[1Gpulling manifest [K
pulling 1b2b95e2f0eb:  12% ▕██                ▏ 1.0 GB/8.1 GB  4.7 MB/s   25m8s[K[A[1Gpulling manifest [K
pulling 1b2b95e2f0eb:  12% ▕██                ▏ 1.0 GB/8.1 GB  4.7 MB/s   25m8s[K[A[1Gpulling manifest [K
pulling 1b2b95e2f0eb:  12% ▕██                ▏ 1.0 GB/8.1 GB  4.7 MB/s   25m8s[K[A[1Gpulling manifest [K
pulling 1b2b95e2f0eb:  12% ▕██                ▏ 1.0 GB/8.1 GB  4.7 MB/s   25m8s[K[A[1Gpulling manifest [K
pulling 1b2b95e2f0eb:  12% ▕██                ▏ 1.0 GB/8.1 GB  4.7 MB/s   25m8s[K[A[1Gpulling manifest [K
pulling 1b2b95e2f0eb:  12% ▕██                ▏ 1.0 GB/8.1 GB  4.7 MB/s   25m8s[K[A[1Gpulling manifest [K
pulling 1b2b95e2f0eb:  12% ▕██                ▏ 1.0 GB/8.1 GB  4.7 MB/s   25m8s[K[A[1Gpulling manifest [K
pulling 1b2b95e2f0eb:  12% ▕██                ▏ 1.0 GB/8.1 GB  4.7 MB/s   25m8s[K[A[1Gpulling manifest [K
pulling 1b2b95e2f0eb:  12% ▕██                ▏ 1.0 GB/8.1 GB  4.7 MB/s   25m7s[K[A[1Gpulling manifest [K
pulling 1b2b95e2f0eb:  12% ▕██                ▏ 1.0 GB/8.1 GB  4.7 MB/s   25m7s[K[A[1Gpulling manifest [K
pulling 1b2b95e2f0eb:  12% ▕██                ▏ 1.0 GB/8.1 GB  4.7 MB/s   25m7s[K[A[1Gpulling manifest [K
pulling 1b2b95e2f0eb:  12% ▕██                ▏ 1.0 GB/8.1 GB  4.8 MB/s  24m30s[K[A[1Gpulling manifest [K
pulling 1b2b95e2f0eb:  12% ▕██                ▏ 1.0 GB/8.1 GB  4.8 MB/s  24m30s[K[A[1Gpulling manifest [K
pulling 1b2b95e2f0eb:  12% ▕██                ▏ 1.0 GB/8.1 GB  4.8 MB/s  24m30s[K[A[1Gpulling manifest [K
pulling 1b2b95e2f0eb:  12% ▕██                ▏ 1.0 GB/8.1 GB  4.8 MB/s  24m30s[K[A[1Gpulling manifest [K
pulling 1b2b95e2f0eb:  12% ▕██                ▏ 1.0 GB/8.1 GB  4.8 MB/s  24m30s[K[A[1Gpulling manifest [K
pulling 1b2b95e2f0eb:  12% ▕██                ▏ 1.0 GB/8.1 GB  4.8 MB/s  24m30s[K[A[1Gpulling manifest [K
pulling 1b2b95e2f0eb:  12% ▕██                ▏ 1.0 GB/8.1 GB  4.8 MB/s  24m30s[K[A[1Gpulling manifest [K
pulling 1b2b95e2f0eb:  12% ▕██                ▏ 1.0 GB/8.1 GB  4.8 MB/s  24m30s[K[A[1Gpulling manifest [K
pulling 1b2b95e2f0eb:  13% ▕██                ▏ 1.0 GB/8.1 GB  4.8 MB/s  24m30s[K[A[1Gpulling manifest [K
pulling 1b2b95e2f0eb:  13% ▕██                ▏ 1.0 GB/8.1 GB  4.8 MB/s  24m29s[K[A[1Gpulling manifest [K
pulling 1b2b95e2f0eb:  13% ▕██                ▏ 1.0 GB/8.1 GB  4.9 MB/s  24m12s[K[A[1Gpulling manifest [K
pulling 1b2b95e2f0eb:  13% ▕██                ▏ 1.0 GB/8.1 GB  4.9 MB/s  24m12s[K[A[1Gpulling manifest [K
pulling 1b2b95e2f0eb:  13% ▕██                ▏ 1.0 GB/8.1 GB  4.9 MB/s  24m12s[K[A[1Gpulling manifest [K
pulling 1b2b95e2f0eb:  13% ▕██                ▏ 1.0 GB/8.1 GB  4.9 MB/s  24m12s[K[A[1Gpulling manifest [K
pulling 1b2b95e2f0eb:  13% ▕██                ▏ 1.0 GB/8.1 GB  4.9 MB/s  24m12s[K[A[1Gpulling manifest [K
pulling 1b2b95e2f0eb:  13% ▕██                ▏ 1.0 GB/8.1 GB  4.9 MB/s  24m12s[K[A[1Gpulling manifest [K
pulling 1b2b95e2f0eb:  13% ▕██                ▏ 1.0 GB/8.1 GB  4.9 MB/s  24m12s[K[A[1Gpulling manifest [K
pulling 1b2b95e2f0eb:  13% ▕██                ▏ 1.0 GB/8.1 GB  4.9 MB/s  24m12s[K[A[1Gpulling manifest [K
pulling 1b2b95e2f0eb:  13% ▕██                ▏ 1.0 GB/8.1 GB  4.9 MB/s  24m11s[K[A[1Gpulling manifest [K
pulling 1b2b95e2f0eb:  13% ▕██                ▏ 1.0 GB/8.1 GB  4.9 MB/s  24m11s[K[A[1Gpulling manifest [K
pulling 1b2b95e2f0eb:  13% ▕██                ▏ 1.0 GB/8.1 GB  4.8 MB/s  24m22s[K[A[1Gpulling manifest [K
pulling 1b2b95e2f0eb:  13% ▕██                ▏ 1.0 GB/8.1 GB  4.8 MB/s  24m22s[K[A[1Gpulling manifest [K
pulling 1b2b95e2f0eb:  13% ▕██                ▏ 1.0 GB/8.1 GB  4.8 MB/s  24m22s[K[A[1Gpulling manifest [K
pulling 1b2b95e2f0eb:  13% ▕██                ▏ 1.0 GB/8.1 GB  4.8 MB/s  24m22s[K[A[1Gpulling manifest [K
pulling 1b2b95e2f0eb:  13% ▕██                ▏ 1.0 GB/8.1 GB  4.8 MB/s  24m22s[K[A[1Gpulling manifest [K
pulling 1b2b95e2f0eb:  13% ▕██                ▏ 1.0 GB/8.1 GB  4.8 MB/s  24m22s[K[A[1Gpulling manifest [K
pulling 1b2b95e2f0eb:  13% ▕██                ▏ 1.0 GB/8.1 GB  4.8 MB/s  24m22s[K[A[1Gpulling manifest [K
pulling 1b2b95e2f0eb:  13% ▕██                ▏ 1.0 GB/8.1 GB  4.8 MB/s  24m22s[K[A[1Gpulling manifest [K
pulling 1b2b95e2f0eb:  13% ▕██                ▏ 1.0 GB/8.1 GB  4.8 MB/s  24m21s[K[A[1Gpulling manifest [K
pulling 1b2b95e2f0eb:  13% ▕██                ▏ 1.0 GB/8.1 GB  4.8 MB/s  24m21s[K[A[1Gpulling manifest [K
pulling 1b2b95e2f0eb:  13% ▕██                ▏ 1.0 GB/8.1 GB  4.9 MB/s   24m7s[K[A[1Gpulling manifest [K
pulling 1b2b95e2f0eb:  13% ▕██                ▏ 1.0 GB/8.1 GB  4.9 MB/s   24m7s[K[A[1Gpulling manifest [K
pulling 1b2b95e2f0eb:  13% ▕██                ▏ 1.0 GB/8.1 GB  4.9 MB/s   24m7s[K[A[1Gpulling manifest [K
pulling 1b2b95e2f0eb:  13% ▕██                ▏ 1.0 GB/8.1 GB  4.9 MB/s   24m7s[K[A[1Gpulling manifest [K
pulling 1b2b95e2f0eb:  13% ▕██                ▏ 1.0 GB/8.1 GB  4.9 MB/s   24m7s[K[A[1Gpulling manifest [K
pulling 1b2b95e2f0eb:  13% ▕██                ▏ 1.0 GB/8.1 GB  4.9 MB/s   24m7s[K[A[1Gpulling manifest [K
pulling 1b2b95e2f0eb:  13% ▕██                ▏ 1.0 GB/8.1 GB  4.9 MB/s   24m7s[K[A[1Gpulling manifest [K
pulling 1b2b95e2f0eb:  13% ▕██                ▏ 1.0 GB/8.1 GB  4.9 MB/s   24m6s[K[A[1Gpulling manifest [K
pulling 1b2b95e2f0eb:  13% ▕██                ▏ 1.0 GB/8.1 GB  4.9 MB/s   24m6s[K[A[1Gpulling manifest [K
pulling 1b2b95e2f0eb:  13% ▕██                ▏ 1.0 GB/8.1 GB  4.9 MB/s   24m6s[K[A[1Gpulling manifest [K
pulling 1b2b95e2f0eb:  13% ▕██                ▏ 1.0 GB/8.1 GB  5.0 MB/s  23m32s[K[A[1Gpulling manifest [K
pulling 1b2b95e2f0eb:  13% ▕██                ▏ 1.0 GB/8.1 GB  5.0 MB/s  23m32s[K[A[1Gpulling manifest [K
pulling 1b2b95e2f0eb:  13% ▕██                ▏ 1.0 GB/8.1 GB  5.0 MB/s  23m32s[K[A[1Gpulling manifest [K
pulling 1b2b95e2f0eb:  13% ▕██                ▏ 1.0 GB/8.1 GB  5.0 MB/s  23m32s[K[A[1Gpulling manifest [K
pulling 1b2b95e2f0eb:  13% ▕██                ▏ 1.0 GB/8.1 GB  5.0 MB/s  23m32s[K[A[1Gpulling manifest [K
pulling 1b2b95e2f0eb:  13% ▕██                ▏ 1.0 GB/8.1 GB  5.0 MB/s  23m31s[K[A[1Gpulling manifest [K
pulling 1b2b95e2f0eb:  13% ▕██                ▏ 1.0 GB/8.1 GB  5.0 MB/s  23m31s[K[A[1Gpulling manifest [K
pulling 1b2b95e2f0eb:  13% ▕██                ▏ 1.0 GB/8.1 GB  5.0 MB/s  23m31s[K[A[1Gpulling manifest [K
pulling 1b2b95e2f0eb:  13% ▕██                ▏ 1.0 GB/8.1 GB  5.0 MB/s  23m31s[K[A[1Gpulling manifest [K
pulling 1b2b95e2f0eb:  13% ▕██                ▏ 1.0 GB/8.1 GB  5.0 MB/s  23m31s[K[A[1Gpulling manifest [K
pulling 1b2b95e2f0eb:  13% ▕██                ▏ 1.0 GB/8.1 GB  5.0 MB/s  23m31s[K[A[1Gpulling manifest [K
pulling 1b2b95e2f0eb:  13% ▕██                ▏ 1.0 GB/8.1 GB  5.1 MB/s   23m6s[K[A[1Gpulling manifest [K
pulling 1b2b95e2f0eb:  13% ▕██                ▏ 1.0 GB/8.1 GB  5.1 MB/s   23m5s[K[A[1Gpulling manifest [K
pulling 1b2b95e2f0eb:  13% ▕██                ▏ 1.0 GB/8.1 GB  5.1 MB/s   23m5s[K[A[1Gpulling manifest [K
pulling 1b2b95e2f0eb:  13% ▕██                ▏ 1.0 GB/8.1 GB  5.1 MB/s   23m5s[K[A[1Gpulling manifest [K
pulling 1b2b95e2f0eb:  13% ▕██                ▏ 1.0 GB/8.1 GB  5.1 MB/s   23m5s[K[A[1Gpulling manifest [K
pulling 1b2b95e2f0eb:  13% ▕██                ▏ 1.0 GB/8.1 GB  5.1 MB/s   23m5s[K[A[1Gpulling manifest [K
pulling 1b2b95e2f0eb:  13% ▕██                ▏ 1.0 GB/8.1 GB  5.1 MB/s   23m5s[K[A[1Gpulling manifest [K
pulling 1b2b95e2f0eb:  13% ▕██                ▏ 1.0 GB/8.1 GB  5.1 MB/s   23m5s[K[A[1Gpulling manifest [K
pulling 1b2b95e2f0eb:  13% ▕██                ▏ 1.0 GB/8.1 GB  5.1 MB/s   23m5s[K[A[1Gpulling manifest [K
pulling 1b2b95e2f0eb:  13% ▕██                ▏ 1.0 GB/8.1 GB  5.1 MB/s   23m5s[K[A[1Gpulling manifest [K
pulling 1b2b95e2f0eb:  13% ▕██                ▏ 1.0 GB/8.1 GB  5.2 MB/s  22m26s[K[A[1Gpulling manifest [K
pulling 1b2b95e2f0eb:  13% ▕██                ▏ 1.0 GB/8.1 GB  5.2 MB/s  22m26s[K[A[1Gpulling manifest [K
pulling 1b2b95e2f0eb:  13% ▕██                ▏ 1.0 GB/8.1 GB  5.2 MB/s  22m26s[K[A[1Gpulling manifest [K
pulling 1b2b95e2f0eb:  13% ▕██                ▏ 1.0 GB/8.1 GB  5.2 MB/s  22m25s[K[A[1Gpulling manifest [K
pulling 1b2b95e2f0eb:  13% ▕██                ▏ 1.0 GB/8.1 GB  5.2 MB/s  22m25s[K[A[1Gpulling manifest [K
pulling 1b2b95e2f0eb:  13% ▕██                ▏ 1.0 GB/8.1 GB  5.2 MB/s  22m25s[K[A[1Gpulling manifest [K
pulling 1b2b95e2f0eb:  13% ▕██                ▏ 1.0 GB/8.1 GB  5.2 MB/s  22m25s[K[A[1Gpulling manifest [K
pulling 1b2b95e2f0eb:  13% ▕██                ▏ 1.0 GB/8.1 GB  5.2 MB/s  22m25s[K[A[1Gpulling manifest [K
pulling 1b2b95e2f0eb:  13% ▕██                ▏ 1.0 GB/8.1 GB  5.2 MB/s  22m25s[K[A[1Gpulling manifest [K
pulling 1b2b95e2f0eb:  13% ▕██                ▏ 1.0 GB/8.1 GB  5.2 MB/s  22m25s[K[A[1Gpulling manifest [K
pulling 1b2b95e2f0eb:  13% ▕██                ▏ 1.0 GB/8.1 GB  5.4 MB/s  21m54s[K[A[1Gpulling manifest [K
pulling 1b2b95e2f0eb:  13% ▕██                ▏ 1.0 GB/8.1 GB  5.4 MB/s  21m54s[K[A[1Gpulling manifest [K
pulling 1b2b95e2f0eb:  13% ▕██                ▏ 1.0 GB/8.1 GB  5.4 MB/s  21m54s[K[A[1Gpulling manifest [K
pulling 1b2b95e2f0eb:  13% ▕██                ▏ 1.0 GB/8.1 GB  5.4 MB/s  21m54s[K[A[1Gpulling manifest [K
pulling 1b2b95e2f0eb:  13% ▕██                ▏ 1.1 GB/8.1 GB  5.4 MB/s  21m54s[K[A[1Gpulling manifest [K
pulling 1b2b95e2f0eb:  13% ▕██                ▏ 1.1 GB/8.1 GB  5.4 MB/s  21m54s[K[A[1Gpulling manifest [K
pulling 1b2b95e2f0eb:  13% ▕██                ▏ 1.1 GB/8.1 GB  5.4 MB/s  21m54s[K[A[1Gpulling manifest [K
pulling 1b2b95e2f0eb:  13% ▕██                ▏ 1.1 GB/8.1 GB  5.4 MB/s  21m54s[K[A[1Gpulling manifest [K
pulling 1b2b95e2f0eb:  13% ▕██                ▏ 1.1 GB/8.1 GB  5.4 MB/s  21m54s[K[A[1Gpulling manifest [K
pulling 1b2b95e2f0eb:  13% ▕██                ▏ 1.1 GB/8.1 GB  5.4 MB/s  21m53s[K[A[1Gpulling manifest [K
pulling 1b2b95e2f0eb:  13% ▕██                ▏ 1.1 GB/8.1 GB  5.5 MB/s  21m31s[K[A[1Gpulling manifest [K
pulling 1b2b95e2f0eb:  13% ▕██                ▏ 1.1 GB/8.1 GB  5.5 MB/s  21m31s[K[A[1Gpulling manifest [K
pulling 1b2b95e2f0eb:  13% ▕██                ▏ 1.1 GB/8.1 GB  5.5 MB/s  21m31s[K[A[1Gpulling manifest [K
pulling 1b2b95e2f0eb:  13% ▕██                ▏ 1.1 GB/8.1 GB  5.5 MB/s  21m31s[K[A[1Gpulling manifest [K
pulling 1b2b95e2f0eb:  13% ▕██                ▏ 1.1 GB/8.1 GB  5.5 MB/s  21m31s[K[A[1Gpulling manifest [K
pulling 1b2b95e2f0eb:  13% ▕██                ▏ 1.1 GB/8.1 GB  5.5 MB/s  21m31s[K[A[1Gpulling manifest [K
pulling 1b2b95e2f0eb:  13% ▕██                ▏ 1.1 GB/8.1 GB  5.5 MB/s  21m31s[K[A[1Gpulling manifest [K
pulling 1b2b95e2f0eb:  13% ▕██                ▏ 1.1 GB/8.1 GB  5.5 MB/s  21m30s[K[A[1Gpulling manifest [K
pulling 1b2b95e2f0eb:  13% ▕██                ▏ 1.1 GB/8.1 GB  5.5 MB/s  21m30s[K[A[1Gpulling manifest [K
pulling 1b2b95e2f0eb:  13% ▕██                ▏ 1.1 GB/8.1 GB  5.5 MB/s  21m30s[K[A[1Gpulling manifest [K
pulling 1b2b95e2f0eb:  13% ▕██                ▏ 1.1 GB/8.1 GB  5.6 MB/s   21m7s[K[A[1Gpulling manifest [K
pulling 1b2b95e2f0eb:  13% ▕██                ▏ 1.1 GB/8.1 GB  5.6 MB/s   21m7s[K[A[1Gpulling manifest [K
pulling 1b2b95e2f0eb:  13% ▕██                ▏ 1.1 GB/8.1 GB  5.6 MB/s   21m6s[K[A[1Gpulling manifest [K
pulling 1b2b95e2f0eb:  13% ▕██                ▏ 1.1 GB/8.1 GB  5.6 MB/s   21m6s[K[A[1Gpulling manifest [K
pulling 1b2b95e2f0eb:  13% ▕██                ▏ 1.1 GB/8.1 GB  5.6 MB/s   21m6s[K[A[1Gpulling manifest [K
pulling 1b2b95e2f0eb:  13% ▕██                ▏ 1.1 GB/8.1 GB  5.6 MB/s   21m6s[K[A[1Gpulling manifest [K
pulling 1b2b95e2f0eb:  13% ▕██                ▏ 1.1 GB/8.1 GB  5.6 MB/s   21m6s[K[A[1Gpulling manifest [K
pulling 1b2b95e2f0eb:  13% ▕██                ▏ 1.1 GB/8.1 GB  5.6 MB/s   21m6s[K[A[1Gpulling manifest [K
pulling 1b2b95e2f0eb:  13% ▕██                ▏ 1.1 GB/8.1 GB  5.6 MB/s   21m6s[K[A[1Gpulling manifest [K
pulling 1b2b95e2f0eb:  13% ▕██                ▏ 1.1 GB/8.1 GB  5.6 MB/s   21m6s[K[A[1Gpulling manifest [K
pulling 1b2b95e2f0eb:  13% ▕██                ▏ 1.1 GB/8.1 GB  5.6 MB/s   21m6s[K[A[1Gpulling manifest [K
pulling 1b2b95e2f0eb:  13% ▕██                ▏ 1.1 GB/8.1 GB  5.7 MB/s  20m43s[K[A[1Gpulling manifest [K
pulling 1b2b95e2f0eb:  13% ▕██                ▏ 1.1 GB/8.1 GB  5.7 MB/s  20m43s[K[A[1Gpulling manifest [K
pulling 1b2b95e2f0eb:  13% ▕██                ▏ 1.1 GB/8.1 GB  5.7 MB/s  20m43s[K[A[1Gpulling manifest [K
pulling 1b2b95e2f0eb:  13% ▕██                ▏ 1.1 GB/8.1 GB  5.7 MB/s  20m43s[K[A[1Gpulling manifest [K
pulling 1b2b95e2f0eb:  13% ▕██                ▏ 1.1 GB/8.1 GB  5.7 MB/s  20m43s[K[A[1Gpulling manifest [K
pulling 1b2b95e2f0eb:  13% ▕██                ▏ 1.1 GB/8.1 GB  5.7 MB/s  20m43s[K[A[1Gpulling manifest [K
pulling 1b2b95e2f0eb:  13% ▕██                ▏ 1.1 GB/8.1 GB  5.7 MB/s  20m43s[K[A[1Gpulling manifest [K
pulling 1b2b95e2f0eb:  13% ▕██                ▏ 1.1 GB/8.1 GB  5.7 MB/s  20m43s[K[A[1Gpulling manifest [K
pulling 1b2b95e2f0eb:  13% ▕██                ▏ 1.1 GB/8.1 GB  5.7 MB/s  20m42s[K[A[1Gpulling manifest [K
pulling 1b2b95e2f0eb:  13% ▕██                ▏ 1.1 GB/8.1 GB  5.7 MB/s  20m42s[K[A[1Gpulling manifest [K
pulling 1b2b95e2f0eb:  13% ▕██                ▏ 1.1 GB/8.1 GB  5.8 MB/s   20m3s[K[A[1Gpulling manifest [K
pulling 1b2b95e2f0eb:  13% ▕██                ▏ 1.1 GB/8.1 GB  5.8 MB/s   20m3s[K[A[1Gpulling manifest [K
pulling 1b2b95e2f0eb:  13% ▕██                ▏ 1.1 GB/8.1 GB  5.8 MB/s   20m3s[K[A[1Gpulling manifest [K
pulling 1b2b95e2f0eb:  13% ▕██                ▏ 1.1 GB/8.1 GB  5.8 MB/s   20m3s[K[A[1Gpulling manifest [K
pulling 1b2b95e2f0eb:  13% ▕██                ▏ 1.1 GB/8.1 GB  5.8 MB/s   20m3s[K[A[1Gpulling manifest [K
pulling 1b2b95e2f0eb:  13% ▕██                ▏ 1.1 GB/8.1 GB  5.8 MB/s   20m3s[K[A[1Gpulling manifest [K
pulling 1b2b95e2f0eb:  13% ▕██                ▏ 1.1 GB/8.1 GB  5.8 MB/s   20m3s[K[A[1Gpulling manifest [K
pulling 1b2b95e2f0eb:  13% ▕██                ▏ 1.1 GB/8.1 GB  5.8 MB/s   20m3s[K[A[1Gpulling manifest [K
pulling 1b2b95e2f0eb:  13% ▕██                ▏ 1.1 GB/8.1 GB  5.8 MB/s   20m3s[K[A[1Gpulling manifest [K
pulling 1b2b95e2f0eb:  13% ▕██                ▏ 1.1 GB/8.1 GB  5.8 MB/s   20m3s[K[A[1Gpulling manifest [K
pulling 1b2b95e2f0eb:  13% ▕██                ▏ 1.1 GB/8.1 GB  5.9 MB/s  19m47s[K[A[1Gpulling manifest [K
pulling 1b2b95e2f0eb:  13% ▕██                ▏ 1.1 GB/8.1 GB  5.9 MB/s  19m47s[K[A[1Gpulling manifest [K
pulling 1b2b95e2f0eb:  13% ▕██                ▏ 1.1 GB/8.1 GB  5.9 MB/s  19m47s[K[A[1Gpulling manifest [K
pulling 1b2b95e2f0eb:  13% ▕██                ▏ 1.1 GB/8.1 GB  5.9 MB/s  19m47s[K[A[1Gpulling manifest [K
pulling 1b2b95e2f0eb:  13% ▕██                ▏ 1.1 GB/8.1 GB  5.9 MB/s  19m47s[K[A[1Gpulling manifest [K
pulling 1b2b95e2f0eb:  13% ▕██                ▏ 1.1 GB/8.1 GB  5.9 MB/s  19m47s[K[A[1Gpulling manifest [K
pulling 1b2b95e2f0eb:  13% ▕██                ▏ 1.1 GB/8.1 GB  5.9 MB/s  19m47s[K[A[1Gpulling manifest [K
pulling 1b2b95e2f0eb:  13% ▕██                ▏ 1.1 GB/8.1 GB  5.9 MB/s  19m47s[K[A[1Gpulling manifest [K
pulling 1b2b95e2f0eb:  13% ▕██                ▏ 1.1 GB/8.1 GB  5.9 MB/s  19m46s[K[A[1Gpulling manifest [K
pulling 1b2b95e2f0eb:  13% ▕██                ▏ 1.1 GB/8.1 GB  5.9 MB/s  19m46s[K[A[1Gpulling manifest [K
pulling 1b2b95e2f0eb:  13% ▕██                ▏ 1.1 GB/8.1 GB  6.0 MB/s  19m34s[K[A[1Gpulling manifest [K
pulling 1b2b95e2f0eb:  13% ▕██                ▏ 1.1 GB/8.1 GB  6.0 MB/s  19m34s[K[A[1Gpulling manifest [K
pulling 1b2b95e2f0eb:  13% ▕██                ▏ 1.1 GB/8.1 GB  6.0 MB/s  19m34s[K[A[1Gpulling manifest [K
pulling 1b2b95e2f0eb:  13% ▕██                ▏ 1.1 GB/8.1 GB  6.0 MB/s  19m34s[K[A[1Gpulling manifest [K
pulling 1b2b95e2f0eb:  13% ▕██                ▏ 1.1 GB/8.1 GB  6.0 MB/s  19m34s[K[A[1Gpulling manifest [K
pulling 1b2b95e2f0eb:  13% ▕██                ▏ 1.1 GB/8.1 GB  6.0 MB/s  19m34s[K[A[1Gpulling manifest [K
pulling 1b2b95e2f0eb:  13% ▕██                ▏ 1.1 GB/8.1 GB  6.0 MB/s  19m34s[K[A[1Gpulling manifest [K
pulling 1b2b95e2f0eb:  13% ▕██                ▏ 1.1 GB/8.1 GB  6.0 MB/s  19m34s[K[A[1Gpulling manifest [K
pulling 1b2b95e2f0eb:  13% ▕██                ▏ 1.1 GB/8.1 GB  6.0 MB/s  19m34s[K[A[1Gpulling manifest [K
pulling 1b2b95e2f0eb:  13% ▕██                ▏ 1.1 GB/8.1 GB  6.0 MB/s  19m33s[K[A[1Gpulling manifest [K
pulling 1b2b95e2f0eb:  13% ▕██                ▏ 1.1 GB/8.1 GB  6.0 MB/s  19m29s[K[A[1Gpulling manifest [K
pulling 1b2b95e2f0eb:  13% ▕██                ▏ 1.1 GB/8.1 GB  6.0 MB/s  19m29s[K[A[1Gpulling manifest [K
pulling 1b2b95e2f0eb:  13% ▕██                ▏ 1.1 GB/8.1 GB  6.0 MB/s  19m29s[K[A[1Gpulling manifest [K
pulling 1b2b95e2f0eb:  13% ▕██                ▏ 1.1 GB/8.1 GB  6.0 MB/s  19m28s[K[A[1Gpulling manifest [K
pulling 1b2b95e2f0eb:  13% ▕██                ▏ 1.1 GB/8.1 GB  6.0 MB/s  19m28s[K[A[1Gpulling manifest [K
pulling 1b2b95e2f0eb:  13% ▕██                ▏ 1.1 GB/8.1 GB  6.0 MB/s  19m28s[K[A[1Gpulling manifest [K
pulling 1b2b95e2f0eb:  13% ▕██                ▏ 1.1 GB/8.1 GB  6.0 MB/s  19m28s[K[A[1Gpulling manifest [K
pulling 1b2b95e2f0eb:  13% ▕██                ▏ 1.1 GB/8.1 GB  6.0 MB/s  19m28s[K[A[1Gpulling manifest [K
pulling 1b2b95e2f0eb:  13% ▕██                ▏ 1.1 GB/8.1 GB  6.0 MB/s  19m28s[K[A[1Gpulling manifest [K
pulling 1b2b95e2f0eb:  13% ▕██                ▏ 1.1 GB/8.1 GB  6.0 MB/s  19m28s[K[A[1Gpulling manifest [K
pulling 1b2b95e2f0eb:  14% ▕██                ▏ 1.1 GB/8.1 GB  6.0 MB/s  19m28s[K[A[1Gpulling manifest [K
pulling 1b2b95e2f0eb:  14% ▕██                ▏ 1.1 GB/8.1 GB  6.0 MB/s  19m38s[K[A[1Gpulling manifest [K
pulling 1b2b95e2f0eb:  14% ▕██                ▏ 1.1 GB/8.1 GB  6.0 MB/s  19m38s[K[A[1Gpulling manifest [K
pulling 1b2b95e2f0eb:  14% ▕██                ▏ 1.1 GB/8.1 GB  6.0 MB/s  19m37s[K[A[1Gpulling manifest [K
pulling 1b2b95e2f0eb:  14% ▕██                ▏ 1.1 GB/8.1 GB  6.0 MB/s  19m37s[K[A[1Gpulling manifest [K
pulling 1b2b95e2f0eb:  14% ▕██                ▏ 1.1 GB/8.1 GB  6.0 MB/s  19m37s[K[A[1Gpulling manifest [K
pulling 1b2b95e2f0eb:  14% ▕██                ▏ 1.1 GB/8.1 GB  6.0 MB/s  19m37s[K[A[1Gpulling manifest [K
pulling 1b2b95e2f0eb:  14% ▕██                ▏ 1.1 GB/8.1 GB  6.0 MB/s  19m37s[K[A[1Gpulling manifest [K
pulling 1b2b95e2f0eb:  14% ▕██                ▏ 1.1 GB/8.1 GB  6.0 MB/s  19m37s[K[A[1Gpulling manifest [K
pulling 1b2b95e2f0eb:  14% ▕██                ▏ 1.1 GB/8.1 GB  6.0 MB/s  19m37s[K[A[1Gpulling manifest [K
pulling 1b2b95e2f0eb:  14% ▕██                ▏ 1.1 GB/8.1 GB  6.0 MB/s  19m37s[K[A[1Gpulling manifest [K
pulling 1b2b95e2f0eb:  14% ▕██                ▏ 1.1 GB/8.1 GB  5.9 MB/s  19m39s[K[A[1Gpulling manifest [K
pulling 1b2b95e2f0eb:  14% ▕██                ▏ 1.1 GB/8.1 GB  5.9 MB/s  19m39s[K[A[1Gpulling manifest [K
pulling 1b2b95e2f0eb:  14% ▕██                ▏ 1.1 GB/8.1 GB  5.9 MB/s  19m39s[K[A[1Gpulling manifest [K
pulling 1b2b95e2f0eb:  14% ▕██                ▏ 1.1 GB/8.1 GB  5.9 MB/s  19m39s[K[A[1Gpulling manifest [K
pulling 1b2b95e2f0eb:  14% ▕██                ▏ 1.1 GB/8.1 GB  5.9 MB/s  19m39s[K[A[1Gpulling manifest [K
pulling 1b2b95e2f0eb:  14% ▕██                ▏ 1.1 GB/8.1 GB  5.9 MB/s  19m39s[K[A[1Gpulling manifest [K
pulling 1b2b95e2f0eb:  14% ▕██                ▏ 1.1 GB/8.1 GB  5.9 MB/s  19m39s[K[A[1Gpulling manifest [K
pulling 1b2b95e2f0eb:  14% ▕██                ▏ 1.1 GB/8.1 GB  5.9 MB/s  19m39s[K[A[1Gpulling manifest [K
pulling 1b2b95e2f0eb:  14% ▕██                ▏ 1.1 GB/8.1 GB  5.9 MB/s  19m38s[K[A[1Gpulling manifest [K
pulling 1b2b95e2f0eb:  14% ▕██                ▏ 1.1 GB/8.1 GB  5.9 MB/s  19m38s[K[A[1Gpulling manifest [K
pulling 1b2b95e2f0eb:  14% ▕██                ▏ 1.1 GB/8.1 GB  5.9 MB/s  19m42s[K[A[1Gpulling manifest [K
pulling 1b2b95e2f0eb:  14% ▕██                ▏ 1.1 GB/8.1 GB  5.9 MB/s  19m42s[K[A[1Gpulling manifest [K
pulling 1b2b95e2f0eb:  14% ▕██                ▏ 1.1 GB/8.1 GB  5.9 MB/s  19m41s[K[A[1Gpulling manifest [K
pulling 1b2b95e2f0eb:  14% ▕██                ▏ 1.1 GB/8.1 GB  5.9 MB/s  19m41s[K[A[1Gpulling manifest [K
pulling 1b2b95e2f0eb:  14% ▕██                ▏ 1.1 GB/8.1 GB  5.9 MB/s  19m41s[K[A[1Gpulling manifest [K
pulling 1b2b95e2f0eb:  14% ▕██                ▏ 1.1 GB/8.1 GB  5.9 MB/s  19m41s[K[A[1Gpulling manifest [K
pulling 1b2b95e2f0eb:  14% ▕██                ▏ 1.1 GB/8.1 GB  5.9 MB/s  19m41s[K[A[1Gpulling manifest [K
pulling 1b2b95e2f0eb:  14% ▕██                ▏ 1.1 GB/8.1 GB  5.9 MB/s  19m41s[K[A[1Gpulling manifest [K
pulling 1b2b95e2f0eb:  14% ▕██                ▏ 1.1 GB/8.1 GB  5.9 MB/s  19m41s[K[A[1Gpulling manifest [K
pulling 1b2b95e2f0eb:  14% ▕██                ▏ 1.1 GB/8.1 GB  5.9 MB/s  19m41s[K[A[1Gpulling manifest [K
pulling 1b2b95e2f0eb:  14% ▕██                ▏ 1.1 GB/8.1 GB  5.8 MB/s  19m58s[K[A[1Gpulling manifest [K
pulling 1b2b95e2f0eb:  14% ▕██                ▏ 1.1 GB/8.1 GB  5.8 MB/s  19m58s[K[A[1Gpulling manifest [K
pulling 1b2b95e2f0eb:  14% ▕██                ▏ 1.1 GB/8.1 GB  5.8 MB/s  19m58s[K[A[1Gpulling manifest [K
pulling 1b2b95e2f0eb:  14% ▕██                ▏ 1.1 GB/8.1 GB  5.8 MB/s  19m58s[K[A[1Gpulling manifest [K
pulling 1b2b95e2f0eb:  14% ▕██                ▏ 1.1 GB/8.1 GB  5.8 MB/s  19m58s[K[A[1Gpulling manifest [K
pulling 1b2b95e2f0eb:  14% ▕██                ▏ 1.1 GB/8.1 GB  5.8 MB/s  19m58s[K[A[1Gpulling manifest [K
pulling 1b2b95e2f0eb:  14% ▕██                ▏ 1.1 GB/8.1 GB  5.8 MB/s  19m58s[K[A[1Gpulling manifest [K
pulling 1b2b95e2f0eb:  14% ▕██                ▏ 1.1 GB/8.1 GB  5.8 MB/s  19m58s[K[A[1Gpulling manifest [K
pulling 1b2b95e2f0eb:  14% ▕██                ▏ 1.1 GB/8.1 GB  5.8 MB/s  19m58s[K[A[1Gpulling manifest [K
pulling 1b2b95e2f0eb:  14% ▕██                ▏ 1.1 GB/8.1 GB  5.8 MB/s  19m58s[K[A[1Gpulling manifest [K
pulling 1b2b95e2f0eb:  14% ▕██                ▏ 1.1 GB/8.1 GB  5.8 MB/s  20m10s[K[A[1Gpulling manifest [K
pulling 1b2b95e2f0eb:  14% ▕██                ▏ 1.1 GB/8.1 GB  5.8 MB/s  20m10s[K[A[1Gpulling manifest [K
pulling 1b2b95e2f0eb:  14% ▕██                ▏ 1.1 GB/8.1 GB  5.8 MB/s  20m10s[K[A[1Gpulling manifest [K
pulling 1b2b95e2f0eb:  14% ▕██                ▏ 1.1 GB/8.1 GB  5.8 MB/s  20m10s[K[A[1Gpulling manifest [K
pulling 1b2b95e2f0eb:  14% ▕██                ▏ 1.1 GB/8.1 GB  5.8 MB/s  20m10s[K[A[1Gpulling manifest [K
pulling 1b2b95e2f0eb:  14% ▕██                ▏ 1.1 GB/8.1 GB  5.8 MB/s  20m10s[K[A[1Gpulling manifest [K
pulling 1b2b95e2f0eb:  14% ▕██                ▏ 1.1 GB/8.1 GB  5.8 MB/s  20m10s[K[A[1Gpulling manifest [K
pulling 1b2b95e2f0eb:  14% ▕██                ▏ 1.1 GB/8.1 GB  5.8 MB/s  20m10s[K[A[1Gpulling manifest [K
pulling 1b2b95e2f0eb:  14% ▕██                ▏ 1.1 GB/8.1 GB  5.8 MB/s   20m9s[K[A[1Gpulling manifest [K
pulling 1b2b95e2f0eb:  14% ▕██                ▏ 1.1 GB/8.1 GB  5.8 MB/s   20m9s[K[A[1Gpulling manifest [K
pulling 1b2b95e2f0eb:  14% ▕██                ▏ 1.1 GB/8.1 GB  5.8 MB/s   20m9s[K[A[1Gpulling manifest [K
pulling 1b2b95e2f0eb:  14% ▕██                ▏ 1.1 GB/8.1 GB  5.7 MB/s  20m29s[K[A[1Gpulling manifest [K
pulling 1b2b95e2f0eb:  14% ▕██                ▏ 1.1 GB/8.1 GB  5.7 MB/s  20m29s[K[A[1Gpulling manifest [K
pulling 1b2b95e2f0eb:  14% ▕██                ▏ 1.1 GB/8.1 GB  5.7 MB/s  20m29s[K[A[1Gpulling manifest [K
pulling 1b2b95e2f0eb:  14% ▕██                ▏ 1.1 GB/8.1 GB  5.7 MB/s  20m29s[K[A[1Gpulling manifest [K
pulling 1b2b95e2f0eb:  14% ▕██                ▏ 1.1 GB/8.1 GB  5.7 MB/s  20m29s[K[A[1Gpulling manifest [K
pulling 1b2b95e2f0eb:  14% ▕██                ▏ 1.1 GB/8.1 GB  5.7 MB/s  20m29s[K[A[1Gpulling manifest [K
pulling 1b2b95e2f0eb:  14% ▕██                ▏ 1.1 GB/8.1 GB  5.7 MB/s  20m29s[K[A[1Gpulling manifest [K
pulling 1b2b95e2f0eb:  14% ▕██                ▏ 1.1 GB/8.1 GB  5.7 MB/s  20m29s[K[A[1Gpulling manifest [K
pulling 1b2b95e2f0eb:  14% ▕██                ▏ 1.1 GB/8.1 GB  5.7 MB/s  20m29s[K[A[1Gpulling manifest [K
pulling 1b2b95e2f0eb:  14% ▕██                ▏ 1.1 GB/8.1 GB  5.7 MB/s  20m28s[K[A[1Gpulling manifest [K
pulling 1b2b95e2f0eb:  14% ▕██                ▏ 1.1 GB/8.1 GB  5.7 MB/s  20m34s[K[A[1Gpulling manifest [K
pulling 1b2b95e2f0eb:  14% ▕██                ▏ 1.1 GB/8.1 GB  5.7 MB/s  20m34s[K[A[1Gpulling manifest [K
pulling 1b2b95e2f0eb:  14% ▕██                ▏ 1.1 GB/8.1 GB  5.7 MB/s  20m34s[K[A[1Gpulling manifest [K
pulling 1b2b95e2f0eb:  14% ▕██                ▏ 1.1 GB/8.1 GB  5.7 MB/s  20m34s[K[A[1Gpulling manifest [K
pulling 1b2b95e2f0eb:  14% ▕██                ▏ 1.1 GB/8.1 GB  5.7 MB/s  20m34s[K[A[1Gpulling manifest [K
pulling 1b2b95e2f0eb:  14% ▕██                ▏ 1.1 GB/8.1 GB  5.7 MB/s  20m33s[K[A[1Gpulling manifest [K
pulling 1b2b95e2f0eb:  14% ▕██                ▏ 1.1 GB/8.1 GB  5.7 MB/s  20m33s[K[A[1Gpulling manifest [K
pulling 1b2b95e2f0eb:  14% ▕██                ▏ 1.1 GB/8.1 GB  5.7 MB/s  20m33s[K[A[1Gpulling manifest [K
pulling 1b2b95e2f0eb:  14% ▕██                ▏ 1.1 GB/8.1 GB  5.7 MB/s  20m33s[K[A[1Gpulling manifest [K
pulling 1b2b95e2f0eb:  14% ▕██                ▏ 1.1 GB/8.1 GB  5.7 MB/s  20m33s[K[A[1Gpulling manifest [K
pulling 1b2b95e2f0eb:  14% ▕██                ▏ 1.1 GB/8.1 GB  5.6 MB/s  20m54s[K[A[1Gpulling manifest [K
pulling 1b2b95e2f0eb:  14% ▕██                ▏ 1.1 GB/8.1 GB  5.6 MB/s  20m54s[K[A[1Gpulling manifest [K
pulling 1b2b95e2f0eb:  14% ▕██                ▏ 1.1 GB/8.1 GB  5.6 MB/s  20m54s[K[A[1Gpulling manifest [K
pulling 1b2b95e2f0eb:  14% ▕██                ▏ 1.1 GB/8.1 GB  5.6 MB/s  20m54s[K[A[1Gpulling manifest [K
pulling 1b2b95e2f0eb:  14% ▕██                ▏ 1.1 GB/8.1 GB  5.6 MB/s  20m54s[K[A[1Gpulling manifest [K
pulling 1b2b95e2f0eb:  14% ▕██                ▏ 1.1 GB/8.1 GB  5.6 MB/s  20m54s[K[A[1Gpulling manifest [K
pulling 1b2b95e2f0eb:  14% ▕██                ▏ 1.1 GB/8.1 GB  5.6 MB/s  20m54s[K[A[1Gpulling manifest [K
pulling 1b2b95e2f0eb:  14% ▕██                ▏ 1.1 GB/8.1 GB  5.6 MB/s  20m54s[K[A[1Gpulling manifest [K
pulling 1b2b95e2f0eb:  14% ▕██                ▏ 1.1 GB/8.1 GB  5.6 MB/s  20m54s[K[A[1Gpulling manifest [K
pulling 1b2b95e2f0eb:  14% ▕██                ▏ 1.1 GB/8.1 GB  5.6 MB/s  20m54s[K[A[1Gpulling manifest [K
pulling 1b2b95e2f0eb:  14% ▕██                ▏ 1.1 GB/8.1 GB  5.5 MB/s  21m17s[K[A[1Gpulling manifest [K
pulling 1b2b95e2f0eb:  14% ▕██                ▏ 1.1 GB/8.1 GB  5.5 MB/s  21m17s[K[A[1Gpulling manifest [K
pulling 1b2b95e2f0eb:  14% ▕██                ▏ 1.1 GB/8.1 GB  5.5 MB/s  21m17s[K[A[1Gpulling manifest [K
pulling 1b2b95e2f0eb:  14% ▕██                ▏ 1.1 GB/8.1 GB  5.5 MB/s  21m17s[K[A[1Gpulling manifest [K
pulling 1b2b95e2f0eb:  14% ▕██                ▏ 1.1 GB/8.1 GB  5.5 MB/s  21m17s[K[A[1Gpulling manifest [K
pulling 1b2b95e2f0eb:  14% ▕██                ▏ 1.1 GB/8.1 GB  5.5 MB/s  21m17s[K[A[1Gpulling manifest [K
pulling 1b2b95e2f0eb:  14% ▕██                ▏ 1.1 GB/8.1 GB  5.5 MB/s  21m17s[K[A[1Gpulling manifest [K
pulling 1b2b95e2f0eb:  14% ▕██                ▏ 1.1 GB/8.1 GB  5.5 MB/s  21m17s[K[A[1Gpulling manifest [K
pulling 1b2b95e2f0eb:  14% ▕██                ▏ 1.1 GB/8.1 GB  5.5 MB/s  21m16s[K[A[1Gpulling manifest [K
pulling 1b2b95e2f0eb:  14% ▕██                ▏ 1.1 GB/8.1 GB  5.5 MB/s  21m16s[K[A[1Gpulling manifest [K
pulling 1b2b95e2f0eb:  14% ▕██                ▏ 1.1 GB/8.1 GB  5.5 MB/s  21m13s[K[A[1Gpulling manifest [K
pulling 1b2b95e2f0eb:  14% ▕██                ▏ 1.1 GB/8.1 GB  5.5 MB/s  21m13s[K[A[1Gpulling manifest [K
pulling 1b2b95e2f0eb:  14% ▕██                ▏ 1.1 GB/8.1 GB  5.5 MB/s  21m12s[K[A[1Gpulling manifest [K
pulling 1b2b95e2f0eb:  14% ▕██                ▏ 1.1 GB/8.1 GB  5.5 MB/s  21m12s[K[A[1Gpulling manifest [K
pulling 1b2b95e2f0eb:  14% ▕██                ▏ 1.1 GB/8.1 GB  5.5 MB/s  21m12s[K[A[1Gpulling manifest [K
pulling 1b2b95e2f0eb:  14% ▕██                ▏ 1.1 GB/8.1 GB  5.5 MB/s  21m12s[K[A[1Gpulling manifest [K
pulling 1b2b95e2f0eb:  14% ▕██                ▏ 1.1 GB/8.1 GB  5.5 MB/s  21m12s[K[A[1Gpulling manifest [K
pulling 1b2b95e2f0eb:  14% ▕██                ▏ 1.1 GB/8.1 GB  5.5 MB/s  21m12s[K[A[1Gpulling manifest [K
pulling 1b2b95e2f0eb:  14% ▕██                ▏ 1.1 GB/8.1 GB  5.5 MB/s  21m12s[K[A[1Gpulling manifest [K
pulling 1b2b95e2f0eb:  14% ▕██                ▏ 1.1 GB/8.1 GB  5.5 MB/s  21m12s[K[A[1Gpulling manifest [K
pulling 1b2b95e2f0eb:  14% ▕██                ▏ 1.1 GB/8.1 GB  5.5 MB/s  21m12s[K[A[1Gpulling manifest [K
pulling 1b2b95e2f0eb:  14% ▕██                ▏ 1.2 GB/8.1 GB  5.4 MB/s  21m17s[K[A[1Gpulling manifest [K
pulling 1b2b95e2f0eb:  14% ▕██                ▏ 1.2 GB/8.1 GB  5.4 MB/s  21m17s[K[A[1Gpulling manifest [K
pulling 1b2b95e2f0eb:  14% ▕██                ▏ 1.2 GB/8.1 GB  5.4 MB/s  21m17s[K[A[1Gpulling manifest [K
pulling 1b2b95e2f0eb:  14% ▕██                ▏ 1.2 GB/8.1 GB  5.4 MB/s  21m17s[K[A[1Gpulling manifest [K
pulling 1b2b95e2f0eb:  14% ▕██                ▏ 1.2 GB/8.1 GB  5.4 MB/s  21m17s[K[A[1Gpulling manifest [K
pulling 1b2b95e2f0eb:  14% ▕██                ▏ 1.2 GB/8.1 GB  5.4 MB/s  21m17s[K[A[1Gpulling manifest [K
pulling 1b2b95e2f0eb:  14% ▕██                ▏ 1.2 GB/8.1 GB  5.4 MB/s  21m16s[K[A[1Gpulling manifest [K
pulling 1b2b95e2f0eb:  14% ▕██                ▏ 1.2 GB/8.1 GB  5.4 MB/s  21m16s[K[A[1Gpulling manifest [K
pulling 1b2b95e2f0eb:  14% ▕██                ▏ 1.2 GB/8.1 GB  5.4 MB/s  21m16s[K[A[1Gpulling manifest [K
pulling 1b2b95e2f0eb:  14% ▕██                ▏ 1.2 GB/8.1 GB  5.4 MB/s  21m16s[K[A[1Gpulling manifest [K
pulling 1b2b95e2f0eb:  14% ▕██                ▏ 1.2 GB/8.1 GB  5.4 MB/s  21m32s[K[A[1Gpulling manifest [K
pulling 1b2b95e2f0eb:  14% ▕██                ▏ 1.2 GB/8.1 GB  5.4 MB/s  21m32s[K[A[1Gpulling manifest [K
pulling 1b2b95e2f0eb:  14% ▕██                ▏ 1.2 GB/8.1 GB  5.4 MB/s  21m32s[K[A[1Gpulling manifest [K
pulling 1b2b95e2f0eb:  14% ▕██                ▏ 1.2 GB/8.1 GB  5.4 MB/s  21m32s[K[A[1Gpulling manifest [K
pulling 1b2b95e2f0eb:  14% ▕██                ▏ 1.2 GB/8.1 GB  5.4 MB/s  21m32s[K[A[1Gpulling manifest [K
pulling 1b2b95e2f0eb:  14% ▕██                ▏ 1.2 GB/8.1 GB  5.4 MB/s  21m31s[K[A[1Gpulling manifest [K
pulling 1b2b95e2f0eb:  14% ▕██                ▏ 1.2 GB/8.1 GB  5.4 MB/s  21m31s[K[A[1Gpulling manifest [K
pulling 1b2b95e2f0eb:  14% ▕██                ▏ 1.2 GB/8.1 GB  5.4 MB/s  21m31s[K[A[1Gpulling manifest [K
pulling 1b2b95e2f0eb:  14% ▕██                ▏ 1.2 GB/8.1 GB  5.4 MB/s  21m31s[K[A[1Gpulling manifest [K
pulling 1b2b95e2f0eb:  14% ▕██                ▏ 1.2 GB/8.1 GB  5.4 MB/s  21m31s[K[A[1Gpulling manifest [K
pulling 1b2b95e2f0eb:  14% ▕██                ▏ 1.2 GB/8.1 GB  5.4 MB/s  21m26s[K[A[1Gpulling manifest [K
pulling 1b2b95e2f0eb:  14% ▕██                ▏ 1.2 GB/8.1 GB  5.4 MB/s  21m26s[K[A[1Gpulling manifest [K
pulling 1b2b95e2f0eb:  14% ▕██                ▏ 1.2 GB/8.1 GB  5.4 MB/s  21m26s[K[A[1Gpulling manifest [K
pulling 1b2b95e2f0eb:  14% ▕██                ▏ 1.2 GB/8.1 GB  5.4 MB/s  21m26s[K[A[1Gpulling manifest [K
pulling 1b2b95e2f0eb:  14% ▕██                ▏ 1.2 GB/8.1 GB  5.4 MB/s  21m26s[K[A[1Gpulling manifest [K
pulling 1b2b95e2f0eb:  14% ▕██                ▏ 1.2 GB/8.1 GB  5.4 MB/s  21m26s[K[A[1Gpulling manifest [K
pulling 1b2b95e2f0eb:  14% ▕██                ▏ 1.2 GB/8.1 GB  5.4 MB/s  21m26s[K[A[1Gpulling manifest [K
pulling 1b2b95e2f0eb:  14% ▕██                ▏ 1.2 GB/8.1 GB  5.4 MB/s  21m26s[K[A[1Gpulling manifest [K
pulling 1b2b95e2f0eb:  14% ▕██                ▏ 1.2 GB/8.1 GB  5.4 MB/s  21m26s[K[A[1Gpulling manifest [K
pulling 1b2b95e2f0eb:  14% ▕██                ▏ 1.2 GB/8.1 GB  5.4 MB/s  21m26s[K[A[1Gpulling manifest [K
pulling 1b2b95e2f0eb:  14% ▕██                ▏ 1.2 GB/8.1 GB  5.4 MB/s  21m34s[K[A[1Gpulling manifest [K
pulling 1b2b95e2f0eb:  14% ▕██                ▏ 1.2 GB/8.1 GB  5.4 MB/s  21m34s[K[A[1Gpulling manifest [K
pulling 1b2b95e2f0eb:  14% ▕██                ▏ 1.2 GB/8.1 GB  5.4 MB/s  21m34s[K[A[1Gpulling manifest [K
pulling 1b2b95e2f0eb:  14% ▕██                ▏ 1.2 GB/8.1 GB  5.4 MB/s  21m34s[K[A[1Gpulling manifest [K
pulling 1b2b95e2f0eb:  14% ▕██                ▏ 1.2 GB/8.1 GB  5.4 MB/s  21m34s[K[A[1Gpulling manifest [K
pulling 1b2b95e2f0eb:  14% ▕██                ▏ 1.2 GB/8.1 GB  5.4 MB/s  21m34s[K[A[1Gpulling manifest [K
pulling 1b2b95e2f0eb:  14% ▕██                ▏ 1.2 GB/8.1 GB  5.4 MB/s  21m34s[K[A[1Gpulling manifest [K
pulling 1b2b95e2f0eb:  14% ▕██                ▏ 1.2 GB/8.1 GB  5.4 MB/s  21m34s[K[A[1Gpulling manifest [K
pulling 1b2b95e2f0eb:  14% ▕██                ▏ 1.2 GB/8.1 GB  5.4 MB/s  21m33s[K[A[1Gpulling manifest [K
pulling 1b2b95e2f0eb:  14% ▕██                ▏ 1.2 GB/8.1 GB  5.4 MB/s  21m33s[K[A[1Gpulling manifest [K
pulling 1b2b95e2f0eb:  14% ▕██                ▏ 1.2 GB/8.1 GB  5.3 MB/s  21m58s[K[A[1Gpulling manifest [K
pulling 1b2b95e2f0eb:  14% ▕██                ▏ 1.2 GB/8.1 GB  5.3 MB/s  21m58s[K[A[1Gpulling manifest [K
pulling 1b2b95e2f0eb:  14% ▕██                ▏ 1.2 GB/8.1 GB  5.3 MB/s  21m58s[K[A[1Gpulling manifest [K
pulling 1b2b95e2f0eb:  14% ▕██                ▏ 1.2 GB/8.1 GB  5.3 MB/s  21m58s[K[A[1Gpulling manifest [K
pulling 1b2b95e2f0eb:  14% ▕██                ▏ 1.2 GB/8.1 GB  5.3 MB/s  21m58s[K[A[1Gpulling manifest [K
pulling 1b2b95e2f0eb:  14% ▕██                ▏ 1.2 GB/8.1 GB  5.3 MB/s  21m58s[K[A[1Gpulling manifest [K
pulling 1b2b95e2f0eb:  14% ▕██                ▏ 1.2 GB/8.1 GB  5.3 MB/s  21m58s[K[A[1Gpulling manifest [K
pulling 1b2b95e2f0eb:  14% ▕██                ▏ 1.2 GB/8.1 GB  5.3 MB/s  21m58s[K[A[1Gpulling manifest [K
pulling 1b2b95e2f0eb:  14% ▕██                ▏ 1.2 GB/8.1 GB  5.3 MB/s  21m58s[K[A[1Gpulling manifest [K
pulling 1b2b95e2f0eb:  14% ▕██                ▏ 1.2 GB/8.1 GB  5.3 MB/s  21m58s[K[A[1Gpulling manifest [K
pulling 1b2b95e2f0eb:  14% ▕██                ▏ 1.2 GB/8.1 GB  5.3 MB/s  21m57s[K[A[1Gpulling manifest [K
pulling 1b2b95e2f0eb:  14% ▕██                ▏ 1.2 GB/8.1 GB  5.1 MB/s  22m34s[K[A[1Gpulling manifest [K
pulling 1b2b95e2f0eb:  14% ▕██                ▏ 1.2 GB/8.1 GB  5.1 MB/s  22m34s[K[A[1Gpulling manifest [K
pulling 1b2b95e2f0eb:  15% ▕██                ▏ 1.2 GB/8.1 GB  5.1 MB/s  22m34s[K[A[1Gpulling manifest [K
pulling 1b2b95e2f0eb:  15% ▕██                ▏ 1.2 GB/8.1 GB  5.1 MB/s  22m34s[K[A[1Gpulling manifest [K
pulling 1b2b95e2f0eb:  15% ▕██                ▏ 1.2 GB/8.1 GB  5.1 MB/s  22m34s[K[A[1Gpulling manifest [K
pulling 1b2b95e2f0eb:  15% ▕██                ▏ 1.2 GB/8.1 GB  5.1 MB/s  22m34s[K[A[1Gpulling manifest [K
pulling 1b2b95e2f0eb:  15% ▕██                ▏ 1.2 GB/8.1 GB  5.1 MB/s  22m33s[K[A[1Gpulling manifest [K
pulling 1b2b95e2f0eb:  15% ▕██                ▏ 1.2 GB/8.1 GB  5.1 MB/s  22m33s[K[A[1Gpulling manifest [K
pulling 1b2b95e2f0eb:  15% ▕██                ▏ 1.2 GB/8.1 GB  5.1 MB/s  22m33s[K[A[1Gpulling manifest [K
pulling 1b2b95e2f0eb:  15% ▕██                ▏ 1.2 GB/8.1 GB  5.1 MB/s  22m33s[K[A[1Gpulling manifest [K
pulling 1b2b95e2f0eb:  15% ▕██                ▏ 1.2 GB/8.1 GB  5.1 MB/s  22m45s[K[A[1Gpulling manifest [K
pulling 1b2b95e2f0eb:  15% ▕██                ▏ 1.2 GB/8.1 GB  5.1 MB/s  22m45s[K[A[1Gpulling manifest [K
pulling 1b2b95e2f0eb:  15% ▕██                ▏ 1.2 GB/8.1 GB  5.1 MB/s  22m45s[K[A[1Gpulling manifest [K
pulling 1b2b95e2f0eb:  15% ▕██                ▏ 1.2 GB/8.1 GB  5.1 MB/s  22m45s[K[A[1Gpulling manifest [K
pulling 1b2b95e2f0eb:  15% ▕██                ▏ 1.2 GB/8.1 GB  5.1 MB/s  22m44s[K[A[1Gpulling manifest [K
pulling 1b2b95e2f0eb:  15% ▕██                ▏ 1.2 GB/8.1 GB  5.1 MB/s  22m44s[K[A[1Gpulling manifest [K
pulling 1b2b95e2f0eb:  15% ▕██                ▏ 1.2 GB/8.1 GB  5.1 MB/s  22m44s[K[A[1Gpulling manifest [K
pulling 1b2b95e2f0eb:  15% ▕██                ▏ 1.2 GB/8.1 GB  5.1 MB/s  22m44s[K[A[1Gpulling manifest [K
pulling 1b2b95e2f0eb:  15% ▕██                ▏ 1.2 GB/8.1 GB  5.1 MB/s  22m44s[K[A[1Gpulling manifest [K
pulling 1b2b95e2f0eb:  15% ▕██                ▏ 1.2 GB/8.1 GB  5.1 MB/s  22m44s[K[A[1Gpulling manifest [K
pulling 1b2b95e2f0eb:  15% ▕██                ▏ 1.2 GB/8.1 GB  5.0 MB/s  22m55s[K[A[1Gpulling manifest [K
pulling 1b2b95e2f0eb:  15% ▕██                ▏ 1.2 GB/8.1 GB  5.0 MB/s  22m55s[K[A[1Gpulling manifest [K
pulling 1b2b95e2f0eb:  15% ▕██                ▏ 1.2 GB/8.1 GB  5.0 MB/s  22m55s[K[A[1Gpulling manifest [K
pulling 1b2b95e2f0eb:  15% ▕██                ▏ 1.2 GB/8.1 GB  5.0 MB/s  22m55s[K[A[1Gpulling manifest [K
pulling 1b2b95e2f0eb:  15% ▕██                ▏ 1.2 GB/8.1 GB  5.0 MB/s  22m55s[K[A[1Gpulling manifest [K
pulling 1b2b95e2f0eb:  15% ▕██                ▏ 1.2 GB/8.1 GB  5.0 MB/s  22m55s[K[A[1Gpulling manifest [K
pulling 1b2b95e2f0eb:  15% ▕██                ▏ 1.2 GB/8.1 GB  5.0 MB/s  22m55s[K[A[1Gpulling manifest [K
pulling 1b2b95e2f0eb:  15% ▕██                ▏ 1.2 GB/8.1 GB  5.0 MB/s  22m55s[K[A[1Gpulling manifest [K
pulling 1b2b95e2f0eb:  15% ▕██                ▏ 1.2 GB/8.1 GB  5.0 MB/s  22m55s[K[A[1Gpulling manifest [K
pulling 1b2b95e2f0eb:  15% ▕██                ▏ 1.2 GB/8.1 GB  5.0 MB/s  22m54s[K[A[1Gpulling manifest [K
pulling 1b2b95e2f0eb:  15% ▕██                ▏ 1.2 GB/8.1 GB  4.9 MB/s  23m28s[K[A[1Gpulling manifest [K
pulling 1b2b95e2f0eb:  15% ▕██                ▏ 1.2 GB/8.1 GB  4.9 MB/s  23m28s[K[A[1Gpulling manifest [K
pulling 1b2b95e2f0eb:  15% ▕██                ▏ 1.2 GB/8.1 GB  4.9 MB/s  23m28s[K[A[1Gpulling manifest [K
pulling 1b2b95e2f0eb:  15% ▕██                ▏ 1.2 GB/8.1 GB  4.9 MB/s  23m28s[K[A[1Gpulling manifest [K
pulling 1b2b95e2f0eb:  15% ▕██                ▏ 1.2 GB/8.1 GB  4.9 MB/s  23m28s[K[A[1Gpulling manifest [K
pulling 1b2b95e2f0eb:  15% ▕██                ▏ 1.2 GB/8.1 GB  4.9 MB/s  23m28s[K[A[1Gpulling manifest [K
pulling 1b2b95e2f0eb:  15% ▕██                ▏ 1.2 GB/8.1 GB  4.9 MB/s  23m28s[K[A[1Gpulling manifest [K
pulling 1b2b95e2f0eb:  15% ▕██                ▏ 1.2 GB/8.1 GB  4.9 MB/s  23m27s[K[A[1Gpulling manifest [K
pulling 1b2b95e2f0eb:  15% ▕██                ▏ 1.2 GB/8.1 GB  4.9 MB/s  23m27s[K[A[1Gpulling manifest [K
pulling 1b2b95e2f0eb:  15% ▕██                ▏ 1.2 GB/8.1 GB  4.9 MB/s  23m27s[K[A[1Gpulling manifest [K
pulling 1b2b95e2f0eb:  15% ▕██                ▏ 1.2 GB/8.1 GB  4.8 MB/s   24m6s[K[A[1Gpulling manifest [K
pulling 1b2b95e2f0eb:  15% ▕██                ▏ 1.2 GB/8.1 GB  4.8 MB/s   24m6s[K[A[1Gpulling manifest [K
pulling 1b2b95e2f0eb:  15% ▕██                ▏ 1.2 GB/8.1 GB  4.8 MB/s   24m6s[K[A[1Gpulling manifest [K
pulling 1b2b95e2f0eb:  15% ▕██                ▏ 1.2 GB/8.1 GB  4.8 MB/s   24m6s[K[A[1Gpulling manifest [K
pulling 1b2b95e2f0eb:  15% ▕██                ▏ 1.2 GB/8.1 GB  4.8 MB/s   24m6s[K[A[1Gpulling manifest [K
pulling 1b2b95e2f0eb:  15% ▕██                ▏ 1.2 GB/8.1 GB  4.8 MB/s   24m6s[K[A[1Gpulling manifest [K
pulling 1b2b95e2f0eb:  15% ▕██                ▏ 1.2 GB/8.1 GB  4.8 MB/s   24m6s[K[A[1Gpulling manifest [K
pulling 1b2b95e2f0eb:  15% ▕██                ▏ 1.2 GB/8.1 GB  4.8 MB/s   24m6s[K[A[1Gpulling manifest [K
pulling 1b2b95e2f0eb:  15% ▕██                ▏ 1.2 GB/8.1 GB  4.8 MB/s   24m6s[K[A[1Gpulling manifest [K
pulling 1b2b95e2f0eb:  15% ▕██                ▏ 1.2 GB/8.1 GB  4.8 MB/s   24m5s[K[A[1Gpulling manifest [K
pulling 1b2b95e2f0eb:  15% ▕██                ▏ 1.2 GB/8.1 GB  4.8 MB/s   24m5s[K[A[1Gpulling manifest [K
pulling 1b2b95e2f0eb:  15% ▕██                ▏ 1.2 GB/8.1 GB  4.8 MB/s  24m12s[K[A[1Gpulling manifest [K
pulling 1b2b95e2f0eb:  15% ▕██                ▏ 1.2 GB/8.1 GB  4.8 MB/s  24m11s[K[A[1Gpulling manifest [K
pulling 1b2b95e2f0eb:  15% ▕██                ▏ 1.2 GB/8.1 GB  4.8 MB/s  24m11s[K[A[1Gpulling manifest [K
pulling 1b2b95e2f0eb:  15% ▕██                ▏ 1.2 GB/8.1 GB  4.8 MB/s  24m11s[K[A[1Gpulling manifest [K
pulling 1b2b95e2f0eb:  15% ▕██                ▏ 1.2 GB/8.1 GB  4.8 MB/s  24m11s[K[A[1Gpulling manifest [K
pulling 1b2b95e2f0eb:  15% ▕██                ▏ 1.2 GB/8.1 GB  4.8 MB/s  24m11s[K[A[1Gpulling manifest [K
pulling 1b2b95e2f0eb:  15% ▕██                ▏ 1.2 GB/8.1 GB  4.8 MB/s  24m11s[K[A[1Gpulling manifest [K
pulling 1b2b95e2f0eb:  15% ▕██                ▏ 1.2 GB/8.1 GB  4.8 MB/s  24m11s[K[A[1Gpulling manifest [K
pulling 1b2b95e2f0eb:  15% ▕██                ▏ 1.2 GB/8.1 GB  4.8 MB/s  24m11s[K[A[1Gpulling manifest [K
pulling 1b2b95e2f0eb:  15% ▕██                ▏ 1.2 GB/8.1 GB  4.8 MB/s  24m11s[K[A[1Gpulling manifest [K
pulling 1b2b95e2f0eb:  15% ▕██                ▏ 1.2 GB/8.1 GB  4.7 MB/s  24m34s[K[A[1Gpulling manifest [K
pulling 1b2b95e2f0eb:  15% ▕██                ▏ 1.2 GB/8.1 GB  4.7 MB/s  24m34s[K[A[1Gpulling manifest [K
pulling 1b2b95e2f0eb:  15% ▕██                ▏ 1.2 GB/8.1 GB  4.7 MB/s  24m34s[K[A[1Gpulling manifest [K
pulling 1b2b95e2f0eb:  15% ▕██                ▏ 1.2 GB/8.1 GB  4.7 MB/s  24m34s[K[A[1Gpulling manifest [K
pulling 1b2b95e2f0eb:  15% ▕██                ▏ 1.2 GB/8.1 GB  4.7 MB/s  24m34s[K[A[1Gpulling manifest [K
pulling 1b2b95e2f0eb:  15% ▕██                ▏ 1.2 GB/8.1 GB  4.7 MB/s  24m34s[K[A[1Gpulling manifest [K
pulling 1b2b95e2f0eb:  15% ▕██                ▏ 1.2 GB/8.1 GB  4.7 MB/s  24m33s[K[A[1Gpulling manifest [K
pulling 1b2b95e2f0eb:  15% ▕██                ▏ 1.2 GB/8.1 GB  4.7 MB/s  24m33s[K[A[1Gpulling manifest [K
pulling 1b2b95e2f0eb:  15% ▕██                ▏ 1.2 GB/8.1 GB  4.7 MB/s  24m33s[K[A[1Gpulling manifest [K
pulling 1b2b95e2f0eb:  15% ▕██                ▏ 1.2 GB/8.1 GB  4.7 MB/s  24m33s[K[A[1Gpulling manifest [K
pulling 1b2b95e2f0eb:  15% ▕██                ▏ 1.2 GB/8.1 GB  4.7 MB/s  24m36s[K[A[1Gpulling manifest [K
pulling 1b2b95e2f0eb:  15% ▕██                ▏ 1.2 GB/8.1 GB  4.7 MB/s  24m36s[K[A[1Gpulling manifest [K
pulling 1b2b95e2f0eb:  15% ▕██                ▏ 1.2 GB/8.1 GB  4.7 MB/s  24m36s[K[A[1Gpulling manifest [K
pulling 1b2b95e2f0eb:  15% ▕██                ▏ 1.2 GB/8.1 GB  4.7 MB/s  24m36s[K[A[1Gpulling manifest [K
pulling 1b2b95e2f0eb:  15% ▕██                ▏ 1.2 GB/8.1 GB  4.7 MB/s  24m36s[K[A[1Gpulling manifest [K
pulling 1b2b95e2f0eb:  15% ▕██                ▏ 1.2 GB/8.1 GB  4.7 MB/s  24m36s[K[A[1Gpulling manifest [K
pulling 1b2b95e2f0eb:  15% ▕██                ▏ 1.2 GB/8.1 GB  4.7 MB/s  24m36s[K[A[1Gpulling manifest [K
pulling 1b2b95e2f0eb:  15% ▕██                ▏ 1.2 GB/8.1 GB  4.7 MB/s  24m35s[K[A[1Gpulling manifest [K
pulling 1b2b95e2f0eb:  15% ▕██                ▏ 1.2 GB/8.1 GB  4.7 MB/s  24m35s[K[A[1Gpulling manifest [K
pulling 1b2b95e2f0eb:  15% ▕██                ▏ 1.2 GB/8.1 GB  4.7 MB/s  24m35s[K[A[1Gpulling manifest [K
pulling 1b2b95e2f0eb:  15% ▕██                ▏ 1.2 GB/8.1 GB  4.7 MB/s  24m22s[K[A[1Gpulling manifest [K
pulling 1b2b95e2f0eb:  15% ▕██                ▏ 1.2 GB/8.1 GB  4.7 MB/s  24m22s[K[A[1Gpulling manifest [K
pulling 1b2b95e2f0eb:  15% ▕██                ▏ 1.2 GB/8.1 GB  4.7 MB/s  24m22s[K[A[1Gpulling manifest [K
pulling 1b2b95e2f0eb:  15% ▕██                ▏ 1.2 GB/8.1 GB  4.7 MB/s  24m22s[K[A[1Gpulling manifest [K
pulling 1b2b95e2f0eb:  15% ▕██                ▏ 1.2 GB/8.1 GB  4.7 MB/s  24m22s[K[A[1Gpulling manifest [K
pulling 1b2b95e2f0eb:  15% ▕██                ▏ 1.2 GB/8.1 GB  4.7 MB/s  24m22s[K[A[1Gpulling manifest [K
pulling 1b2b95e2f0eb:  15% ▕██                ▏ 1.2 GB/8.1 GB  4.7 MB/s  24m22s[K[A[1Gpulling manifest [K
pulling 1b2b95e2f0eb:  15% ▕██                ▏ 1.2 GB/8.1 GB  4.7 MB/s  24m22s[K[A[1Gpulling manifest [K
pulling 1b2b95e2f0eb:  15% ▕██                ▏ 1.2 GB/8.1 GB  4.7 MB/s  24m22s[K[A[1Gpulling manifest [K
pulling 1b2b95e2f0eb:  15% ▕██                ▏ 1.2 GB/8.1 GB  4.7 MB/s  24m21s[K[A[1Gpulling manifest [K
pulling 1b2b95e2f0eb:  15% ▕██                ▏ 1.2 GB/8.1 GB  4.7 MB/s  24m17s[K[A[1Gpulling manifest [K
pulling 1b2b95e2f0eb:  15% ▕██                ▏ 1.2 GB/8.1 GB  4.7 MB/s  24m17s[K[A[1Gpulling manifest [K
pulling 1b2b95e2f0eb:  15% ▕██                ▏ 1.2 GB/8.1 GB  4.7 MB/s  24m17s[K[A[1Gpulling manifest [K
pulling 1b2b95e2f0eb:  15% ▕██                ▏ 1.2 GB/8.1 GB  4.7 MB/s  24m17s[K[A[1Gpulling manifest [K
pulling 1b2b95e2f0eb:  15% ▕██                ▏ 1.2 GB/8.1 GB  4.7 MB/s  24m17s[K[A[1Gpulling manifest [K
pulling 1b2b95e2f0eb:  15% ▕██                ▏ 1.2 GB/8.1 GB  4.7 MB/s  24m17s[K[A[1Gpulling manifest [K
pulling 1b2b95e2f0eb:  15% ▕██                ▏ 1.2 GB/8.1 GB  4.7 MB/s  24m17s[K[A[1Gpulling manifest [K
pulling 1b2b95e2f0eb:  15% ▕██                ▏ 1.2 GB/8.1 GB  4.7 MB/s  24m17s[K[A[1Gpulling manifest [K
pulling 1b2b95e2f0eb:  15% ▕██                ▏ 1.2 GB/8.1 GB  4.7 MB/s  24m17s[K[A[1Gpulling manifest [K
pulling 1b2b95e2f0eb:  15% ▕██                ▏ 1.2 GB/8.1 GB  4.7 MB/s  24m16s[K[A[1Gpulling manifest [K
pulling 1b2b95e2f0eb:  15% ▕██                ▏ 1.2 GB/8.1 GB  4.7 MB/s  24m16s[K[A[1Gpulling manifest [K
pulling 1b2b95e2f0eb:  15% ▕██                ▏ 1.2 GB/8.1 GB  4.7 MB/s  24m28s[K[A[1Gpulling manifest [K
pulling 1b2b95e2f0eb:  15% ▕██                ▏ 1.2 GB/8.1 GB  4.7 MB/s  24m28s[K[A[1Gpulling manifest [K
pulling 1b2b95e2f0eb:  15% ▕██                ▏ 1.2 GB/8.1 GB  4.7 MB/s  24m28s[K[A[1Gpulling manifest [K
pulling 1b2b95e2f0eb:  15% ▕██                ▏ 1.2 GB/8.1 GB  4.7 MB/s  24m28s[K[A[1Gpulling manifest [K
pulling 1b2b95e2f0eb:  15% ▕██                ▏ 1.2 GB/8.1 GB  4.7 MB/s  24m28s[K[A[1Gpulling manifest [K
pulling 1b2b95e2f0eb:  15% ▕██                ▏ 1.2 GB/8.1 GB  4.7 MB/s  24m28s[K[A[1Gpulling manifest [K
pulling 1b2b95e2f0eb:  15% ▕██                ▏ 1.2 GB/8.1 GB  4.7 MB/s  24m28s[K[A[1Gpulling manifest [K
pulling 1b2b95e2f0eb:  15% ▕██                ▏ 1.2 GB/8.1 GB  4.7 MB/s  24m27s[K[A[1Gpulling manifest [K
pulling 1b2b95e2f0eb:  15% ▕██                ▏ 1.2 GB/8.1 GB  4.7 MB/s  24m27s[K[A[1Gpulling manifest [K
pulling 1b2b95e2f0eb:  15% ▕██                ▏ 1.2 GB/8.1 GB  4.7 MB/s  24m27s[K[A[1Gpulling manifest [K
pulling 1b2b95e2f0eb:  15% ▕██                ▏ 1.2 GB/8.1 GB  4.6 MB/s  24m47s[K[A[1Gpulling manifest [K
pulling 1b2b95e2f0eb:  15% ▕██                ▏ 1.2 GB/8.1 GB  4.6 MB/s  24m47s[K[A[1Gpulling manifest [K
pulling 1b2b95e2f0eb:  15% ▕██                ▏ 1.2 GB/8.1 GB  4.6 MB/s  24m47s[K[A[1Gpulling manifest [K
pulling 1b2b95e2f0eb:  15% ▕██                ▏ 1.2 GB/8.1 GB  4.6 MB/s  24m47s[K[A[1Gpulling manifest [K
pulling 1b2b95e2f0eb:  15% ▕██                ▏ 1.2 GB/8.1 GB  4.6 MB/s  24m47s[K[A[1Gpulling manifest [K
pulling 1b2b95e2f0eb:  15% ▕██                ▏ 1.2 GB/8.1 GB  4.6 MB/s  24m46s[K[A[1Gpulling manifest [K
pulling 1b2b95e2f0eb:  15% ▕██                ▏ 1.2 GB/8.1 GB  4.6 MB/s  24m46s[K[A[1Gpulling manifest [K
pulling 1b2b95e2f0eb:  15% ▕██                ▏ 1.2 GB/8.1 GB  4.6 MB/s  24m46s[K[A[1Gpulling manifest [K
pulling 1b2b95e2f0eb:  15% ▕██                ▏ 1.2 GB/8.1 GB  4.6 MB/s  24m46s[K[A[1Gpulling manifest [K
pulling 1b2b95e2f0eb:  15% ▕██                ▏ 1.2 GB/8.1 GB  4.6 MB/s  24m46s[K[A[1Gpulling manifest [K
pulling 1b2b95e2f0eb:  15% ▕██                ▏ 1.2 GB/8.1 GB  4.7 MB/s  24m30s[K[A[1Gpulling manifest [K
pulling 1b2b95e2f0eb:  15% ▕██                ▏ 1.2 GB/8.1 GB  4.7 MB/s  24m30s[K[A[1Gpulling manifest [K
pulling 1b2b95e2f0eb:  15% ▕██                ▏ 1.2 GB/8.1 GB  4.7 MB/s  24m30s[K[A[1Gpulling manifest [K
pulling 1b2b95e2f0eb:  15% ▕██                ▏ 1.2 GB/8.1 GB  4.7 MB/s  24m30s[K[A[1Gpulling manifest [K
pulling 1b2b95e2f0eb:  15% ▕██                ▏ 1.2 GB/8.1 GB  4.7 MB/s  24m30s[K[A[1Gpulling manifest [K
pulling 1b2b95e2f0eb:  15% ▕██                ▏ 1.2 GB/8.1 GB  4.7 MB/s  24m30s[K[A[1Gpulling manifest [K
pulling 1b2b95e2f0eb:  15% ▕██                ▏ 1.2 GB/8.1 GB  4.7 MB/s  24m30s[K[A[1Gpulling manifest [K
pulling 1b2b95e2f0eb:  15% ▕██                ▏ 1.2 GB/8.1 GB  4.7 MB/s  24m29s[K[A[1Gpulling manifest [K
pulling 1b2b95e2f0eb:  15% ▕██                ▏ 1.2 GB/8.1 GB  4.7 MB/s  24m29s[K[A[1Gpulling manifest [K
pulling 1b2b95e2f0eb:  15% ▕██                ▏ 1.2 GB/8.1 GB  4.7 MB/s  24m29s[K[A[1Gpulling manifest [K
pulling 1b2b95e2f0eb:  15% ▕██                ▏ 1.2 GB/8.1 GB  4.8 MB/s  23m55s[K[A[1Gpulling manifest [K
pulling 1b2b95e2f0eb:  15% ▕██                ▏ 1.2 GB/8.1 GB  4.8 MB/s  23m55s[K[A[1Gpulling manifest [K
pulling 1b2b95e2f0eb:  15% ▕██                ▏ 1.2 GB/8.1 GB  4.8 MB/s  23m55s[K[A[1Gpulling manifest [K
pulling 1b2b95e2f0eb:  15% ▕██                ▏ 1.2 GB/8.1 GB  4.8 MB/s  23m55s[K[A[1Gpulling manifest [K
pulling 1b2b95e2f0eb:  15% ▕██                ▏ 1.2 GB/8.1 GB  4.8 MB/s  23m55s[K[A[1Gpulling manifest [K
pulling 1b2b95e2f0eb:  15% ▕██                ▏ 1.2 GB/8.1 GB  4.8 MB/s  23m55s[K[A[1Gpulling manifest [K
pulling 1b2b95e2f0eb:  15% ▕██                ▏ 1.2 GB/8.1 GB  4.8 MB/s  23m55s[K[A[1Gpulling manifest [K
pulling 1b2b95e2f0eb:  15% ▕██                ▏ 1.2 GB/8.1 GB  4.8 MB/s  23m55s[K[A[1Gpulling manifest [K
pulling 1b2b95e2f0eb:  15% ▕██                ▏ 1.2 GB/8.1 GB  4.8 MB/s  23m55s[K[A[1Gpulling manifest [K
pulling 1b2b95e2f0eb:  15% ▕██                ▏ 1.2 GB/8.1 GB  4.8 MB/s  23m55s[K[A[1Gpulling manifest [K
pulling 1b2b95e2f0eb:  15% ▕██                ▏ 1.2 GB/8.1 GB  4.8 MB/s  23m50s[K[A[1Gpulling manifest [K
pulling 1b2b95e2f0eb:  15% ▕██                ▏ 1.2 GB/8.1 GB  4.8 MB/s  23m50s[K[A[1Gpulling manifest [K
pulling 1b2b95e2f0eb:  15% ▕██                ▏ 1.2 GB/8.1 GB  4.8 MB/s  23m49s[K[A[1Gpulling manifest [K
pulling 1b2b95e2f0eb:  15% ▕██                ▏ 1.2 GB/8.1 GB  4.8 MB/s  23m49s[K[A[1Gpulling manifest [K
pulling 1b2b95e2f0eb:  15% ▕██                ▏ 1.2 GB/8.1 GB  4.8 MB/s  23m49s[K[A[1Gpulling manifest [K
pulling 1b2b95e2f0eb:  15% ▕██                ▏ 1.2 GB/8.1 GB  4.8 MB/s  23m49s[K[A[1Gpulling manifest [K
pulling 1b2b95e2f0eb:  15% ▕██                ▏ 1.2 GB/8.1 GB  4.8 MB/s  23m49s[K[A[1Gpulling manifest [K
pulling 1b2b95e2f0eb:  15% ▕██                ▏ 1.2 GB/8.1 GB  4.8 MB/s  23m49s[K[A[1Gpulling manifest [K
pulling 1b2b95e2f0eb:  15% ▕██                ▏ 1.2 GB/8.1 GB  4.8 MB/s  23m49s[K[A[1Gpulling manifest [K
pulling 1b2b95e2f0eb:  15% ▕██                ▏ 1.2 GB/8.1 GB  4.8 MB/s  23m49s[K[A[1Gpulling manifest [K
pulling 1b2b95e2f0eb:  15% ▕██                ▏ 1.2 GB/8.1 GB  4.8 MB/s  23m49s[K[A[1Gpulling manifest [K
pulling 1b2b95e2f0eb:  15% ▕██                ▏ 1.2 GB/8.1 GB  4.8 MB/s  23m59s[K[A[1Gpulling manifest [K
pulling 1b2b95e2f0eb:  15% ▕██                ▏ 1.2 GB/8.1 GB  4.8 MB/s  23m59s[K[A[1Gpulling manifest [K
pulling 1b2b95e2f0eb:  15% ▕██                ▏ 1.2 GB/8.1 GB  4.8 MB/s  23m59s[K[A[1Gpulling manifest [K
pulling 1b2b95e2f0eb:  15% ▕██                ▏ 1.2 GB/8.1 GB  4.8 MB/s  23m59s[K[A[1Gpulling manifest [K
pulling 1b2b95e2f0eb:  15% ▕██                ▏ 1.2 GB/8.1 GB  4.8 MB/s  23m59s[K[A[1Gpulling manifest [K
pulling 1b2b95e2f0eb:  15% ▕██                ▏ 1.2 GB/8.1 GB  4.8 MB/s  23m59s[K[A[1Gpulling manifest [K
pulling 1b2b95e2f0eb:  15% ▕██                ▏ 1.2 GB/8.1 GB  4.8 MB/s  23m58s[K[A[1Gpulling manifest [K
pulling 1b2b95e2f0eb:  15% ▕██                ▏ 1.2 GB/8.1 GB  4.8 MB/s  23m58s[K[A[1Gpulling manifest [K
pulling 1b2b95e2f0eb:  15% ▕██                ▏ 1.2 GB/8.1 GB  4.8 MB/s  23m58s[K[A[1Gpulling manifest [K
pulling 1b2b95e2f0eb:  15% ▕██                ▏ 1.3 GB/8.1 GB  4.8 MB/s  23m58s[K[A[1Gpulling manifest [K
pulling 1b2b95e2f0eb:  15% ▕██                ▏ 1.3 GB/8.1 GB  4.7 MB/s   24m7s[K[A[1Gpulling manifest [K
pulling 1b2b95e2f0eb:  15% ▕██                ▏ 1.3 GB/8.1 GB  4.7 MB/s   24m7s[K[A[1Gpulling manifest [K
pulling 1b2b95e2f0eb:  15% ▕██                ▏ 1.3 GB/8.1 GB  4.7 MB/s   24m7s[K[A[1Gpulling manifest [K
pulling 1b2b95e2f0eb:  15% ▕██                ▏ 1.3 GB/8.1 GB  4.7 MB/s   24m7s[K[A[1Gpulling manifest [K
pulling 1b2b95e2f0eb:  15% ▕██                ▏ 1.3 GB/8.1 GB  4.7 MB/s   24m7s[K[A[1Gpulling manifest [K
pulling 1b2b95e2f0eb:  15% ▕██                ▏ 1.3 GB/8.1 GB  4.7 MB/s   24m7s[K[A[1Gpulling manifest [K
pulling 1b2b95e2f0eb:  15% ▕██                ▏ 1.3 GB/8.1 GB  4.7 MB/s   24m7s[K[A[1Gpulling manifest [K
pulling 1b2b95e2f0eb:  15% ▕██                ▏ 1.3 GB/8.1 GB  4.7 MB/s   24m7s[K[A[1Gpulling manifest [K
pulling 1b2b95e2f0eb:  15% ▕██                ▏ 1.3 GB/8.1 GB  4.7 MB/s   24m7s[K[A[1Gpulling manifest [K
pulling 1b2b95e2f0eb:  15% ▕██                ▏ 1.3 GB/8.1 GB  4.7 MB/s   24m6s[K[A[1Gpulling manifest [K
pulling 1b2b95e2f0eb:  15% ▕██                ▏ 1.3 GB/8.1 GB  4.8 MB/s  23m58s[K[A[1Gpulling manifest [K
pulling 1b2b95e2f0eb:  15% ▕██                ▏ 1.3 GB/8.1 GB  4.8 MB/s  23m58s[K[A[1Gpulling manifest [K
pulling 1b2b95e2f0eb:  15% ▕██                ▏ 1.3 GB/8.1 GB  4.8 MB/s  23m58s[K[A[1Gpulling manifest [K
pulling 1b2b95e2f0eb:  15% ▕██                ▏ 1.3 GB/8.1 GB  4.8 MB/s  23m58s[K[A[1Gpulling manifest [K
pulling 1b2b95e2f0eb:  16% ▕██                ▏ 1.3 GB/8.1 GB  4.8 MB/s  23m58s[K[A[1Gpulling manifest [K
pulling 1b2b95e2f0eb:  16% ▕██                ▏ 1.3 GB/8.1 GB  4.8 MB/s  23m57s[K[A[1Gpulling manifest [K
pulling 1b2b95e2f0eb:  16% ▕██                ▏ 1.3 GB/8.1 GB  4.8 MB/s  23m57s[K[A[1Gpulling manifest [K
pulling 1b2b95e2f0eb:  16% ▕██                ▏ 1.3 GB/8.1 GB  4.8 MB/s  23m57s[K[A[1Gpulling manifest [K
pulling 1b2b95e2f0eb:  16% ▕██                ▏ 1.3 GB/8.1 GB  4.8 MB/s  23m57s[K[A[1Gpulling manifest [K
pulling 1b2b95e2f0eb:  16% ▕██                ▏ 1.3 GB/8.1 GB  4.8 MB/s  23m57s[K[A[1Gpulling manifest [K
pulling 1b2b95e2f0eb:  16% ▕██                ▏ 1.3 GB/8.1 GB  4.8 MB/s  23m47s[K[A[1Gpulling manifest [K
pulling 1b2b95e2f0eb:  16% ▕██                ▏ 1.3 GB/8.1 GB  4.8 MB/s  23m46s[K[A[1Gpulling manifest [K
pulling 1b2b95e2f0eb:  16% ▕██                ▏ 1.3 GB/8.1 GB  4.8 MB/s  23m46s[K[A[1Gpulling manifest [K
pulling 1b2b95e2f0eb:  16% ▕██                ▏ 1.3 GB/8.1 GB  4.8 MB/s  23m46s[K[A[1Gpulling manifest [K
pulling 1b2b95e2f0eb:  16% ▕██                ▏ 1.3 GB/8.1 GB  4.8 MB/s  23m46s[K[A[1Gpulling manifest [K
pulling 1b2b95e2f0eb:  16% ▕██                ▏ 1.3 GB/8.1 GB  4.8 MB/s  23m46s[K[A[1Gpulling manifest [K
pulling 1b2b95e2f0eb:  16% ▕██                ▏ 1.3 GB/8.1 GB  4.8 MB/s  23m46s[K[A[1Gpulling manifest [K
pulling 1b2b95e2f0eb:  16% ▕██                ▏ 1.3 GB/8.1 GB  4.8 MB/s  23m46s[K[A[1Gpulling manifest [K
pulling 1b2b95e2f0eb:  16% ▕██                ▏ 1.3 GB/8.1 GB  4.8 MB/s  23m46s[K[A[1Gpulling manifest [K
pulling 1b2b95e2f0eb:  16% ▕██                ▏ 1.3 GB/8.1 GB  4.8 MB/s  23m46s[K[A[1Gpulling manifest [K
pulling 1b2b95e2f0eb:  16% ▕██                ▏ 1.3 GB/8.1 GB  4.8 MB/s  23m32s[K[A[1Gpulling manifest [K
pulling 1b2b95e2f0eb:  16% ▕██                ▏ 1.3 GB/8.1 GB  4.8 MB/s  23m32s[K[A[1Gpulling manifest [K
pulling 1b2b95e2f0eb:  16% ▕██                ▏ 1.3 GB/8.1 GB  4.8 MB/s  23m31s[K[A[1Gpulling manifest [K
pulling 1b2b95e2f0eb:  16% ▕██                ▏ 1.3 GB/8.1 GB  4.8 MB/s  23m31s[K[A[1Gpulling manifest [K
pulling 1b2b95e2f0eb:  16% ▕██                ▏ 1.3 GB/8.1 GB  4.8 MB/s  23m31s[K[A[1Gpulling manifest [K
pulling 1b2b95e2f0eb:  16% ▕██                ▏ 1.3 GB/8.1 GB  4.8 MB/s  23m31s[K[A[1Gpulling manifest [K
pulling 1b2b95e2f0eb:  16% ▕██                ▏ 1.3 GB/8.1 GB  4.8 MB/s  23m31s[K[A[1Gpulling manifest [K
pulling 1b2b95e2f0eb:  16% ▕██                ▏ 1.3 GB/8.1 GB  4.8 MB/s  23m31s[K[A[1Gpulling manifest [K
pulling 1b2b95e2f0eb:  16% ▕██                ▏ 1.3 GB/8.1 GB  4.8 MB/s  23m31s[K[A[1Gpulling manifest [K
pulling 1b2b95e2f0eb:  16% ▕██                ▏ 1.3 GB/8.1 GB  4.8 MB/s  23m31s[K[A[1Gpulling manifest [K
pulling 1b2b95e2f0eb:  16% ▕██                ▏ 1.3 GB/8.1 GB  4.8 MB/s  23m31s[K[A[1Gpulling manifest [K
pulling 1b2b95e2f0eb:  16% ▕██                ▏ 1.3 GB/8.1 GB  5.0 MB/s   23m0s[K[A[1Gpulling manifest [K
pulling 1b2b95e2f0eb:  16% ▕██                ▏ 1.3 GB/8.1 GB  5.0 MB/s   23m0s[K[A[1Gpulling manifest [K
pulling 1b2b95e2f0eb:  16% ▕██                ▏ 1.3 GB/8.1 GB  5.0 MB/s   23m0s[K[A[1Gpulling manifest [K
pulling 1b2b95e2f0eb:  16% ▕██                ▏ 1.3 GB/8.1 GB  5.0 MB/s  22m59s[K[A[1Gpulling manifest [K
pulling 1b2b95e2f0eb:  16% ▕██                ▏ 1.3 GB/8.1 GB  5.0 MB/s  22m59s[K[A[1Gpulling manifest [K
pulling 1b2b95e2f0eb:  16% ▕██                ▏ 1.3 GB/8.1 GB  5.0 MB/s  22m59s[K[A[1Gpulling manifest [K
pulling 1b2b95e2f0eb:  16% ▕██                ▏ 1.3 GB/8.1 GB  5.0 MB/s  22m59s[K[A[1Gpulling manifest [K
pulling 1b2b95e2f0eb:  16% ▕██                ▏ 1.3 GB/8.1 GB  5.0 MB/s  22m59s[K[A[1Gpulling manifest [K
pulling 1b2b95e2f0eb:  16% ▕██                ▏ 1.3 GB/8.1 GB  5.0 MB/s  22m59s[K[A[1Gpulling manifest [K
pulling 1b2b95e2f0eb:  16% ▕██                ▏ 1.3 GB/8.1 GB  5.0 MB/s  22m59s[K[A[1Gpulling manifest [K
pulling 1b2b95e2f0eb:  16% ▕██                ▏ 1.3 GB/8.1 GB  5.0 MB/s  22m48s[K[A[1Gpulling manifest [K
pulling 1b2b95e2f0eb:  16% ▕██                ▏ 1.3 GB/8.1 GB  5.0 MB/s  22m48s[K[A[1Gpulling manifest [K
pulling 1b2b95e2f0eb:  16% ▕██                ▏ 1.3 GB/8.1 GB  5.0 MB/s  22m48s[K[A[1Gpulling manifest [K
pulling 1b2b95e2f0eb:  16% ▕██                ▏ 1.3 GB/8.1 GB  5.0 MB/s  22m48s[K[A[1Gpulling manifest [K
pulling 1b2b95e2f0eb:  16% ▕██                ▏ 1.3 GB/8.1 GB  5.0 MB/s  22m48s[K[A[1Gpulling manifest [K
pulling 1b2b95e2f0eb:  16% ▕██                ▏ 1.3 GB/8.1 GB  5.0 MB/s  22m48s[K[A[1Gpulling manifest [K
pulling 1b2b95e2f0eb:  16% ▕██                ▏ 1.3 GB/8.1 GB  5.0 MB/s  22m48s[K[A[1Gpulling manifest [K
pulling 1b2b95e2f0eb:  16% ▕██                ▏ 1.3 GB/8.1 GB  5.0 MB/s  22m48s[K[A[1Gpulling manifest [K
pulling 1b2b95e2f0eb:  16% ▕██                ▏ 1.3 GB/8.1 GB  5.0 MB/s  22m47s[K[A[1Gpulling manifest [K
pulling 1b2b95e2f0eb:  16% ▕██                ▏ 1.3 GB/8.1 GB  5.0 MB/s  22m47s[K[A[1Gpulling manifest [K
pulling 1b2b95e2f0eb:  16% ▕██                ▏ 1.3 GB/8.1 GB  5.0 MB/s  22m36s[K[A[1Gpulling manifest [K
pulling 1b2b95e2f0eb:  16% ▕██                ▏ 1.3 GB/8.1 GB  5.0 MB/s  22m36s[K[A[1Gpulling manifest [K
pulling 1b2b95e2f0eb:  16% ▕██                ▏ 1.3 GB/8.1 GB  5.0 MB/s  22m36s[K[A[1Gpulling manifest [K
pulling 1b2b95e2f0eb:  16% ▕██                ▏ 1.3 GB/8.1 GB  5.0 MB/s  22m36s[K[A[1Gpulling manifest [K
pulling 1b2b95e2f0eb:  16% ▕██                ▏ 1.3 GB/8.1 GB  5.0 MB/s  22m36s[K[A[1Gpulling manifest [K
pulling 1b2b95e2f0eb:  16% ▕██                ▏ 1.3 GB/8.1 GB  5.0 MB/s  22m36s[K[A[1Gpulling manifest [K
pulling 1b2b95e2f0eb:  16% ▕██                ▏ 1.3 GB/8.1 GB  5.0 MB/s  22m36s[K[A[1Gpulling manifest [K
pulling 1b2b95e2f0eb:  16% ▕██                ▏ 1.3 GB/8.1 GB  5.0 MB/s  22m35s[K[A[1Gpulling manifest [K
pulling 1b2b95e2f0eb:  16% ▕██                ▏ 1.3 GB/8.1 GB  5.0 MB/s  22m35s[K[A[1Gpulling manifest [K
pulling 1b2b95e2f0eb:  16% ▕██                ▏ 1.3 GB/8.1 GB  5.0 MB/s  22m35s[K[A[1Gpulling manifest [K
pulling 1b2b95e2f0eb:  16% ▕██                ▏ 1.3 GB/8.1 GB  5.1 MB/s   22m9s[K[A[1Gpulling manifest [K
pulling 1b2b95e2f0eb:  16% ▕██                ▏ 1.3 GB/8.1 GB  5.1 MB/s   22m9s[K[A[1Gpulling manifest [K
pulling 1b2b95e2f0eb:  16% ▕██                ▏ 1.3 GB/8.1 GB  5.1 MB/s   22m9s[K[A[1Gpulling manifest [K
pulling 1b2b95e2f0eb:  16% ▕██                ▏ 1.3 GB/8.1 GB  5.1 MB/s   22m9s[K[A[1Gpulling manifest [K
pulling 1b2b95e2f0eb:  16% ▕██                ▏ 1.3 GB/8.1 GB  5.1 MB/s   22m8s[K[A[1Gpulling manifest [K
pulling 1b2b95e2f0eb:  16% ▕██                ▏ 1.3 GB/8.1 GB  5.1 MB/s   22m8s[K[A[1Gpulling manifest [K
pulling 1b2b95e2f0eb:  16% ▕██                ▏ 1.3 GB/8.1 GB  5.1 MB/s   22m8s[K[A[1Gpulling manifest [K
pulling 1b2b95e2f0eb:  16% ▕██                ▏ 1.3 GB/8.1 GB  5.1 MB/s   22m8s[K[A[1Gpulling manifest [K
pulling 1b2b95e2f0eb:  16% ▕██                ▏ 1.3 GB/8.1 GB  5.1 MB/s   22m8s[K[A[1Gpulling manifest [K
pulling 1b2b95e2f0eb:  16% ▕██                ▏ 1.3 GB/8.1 GB  5.1 MB/s   22m8s[K[A[1Gpulling manifest [K
pulling 1b2b95e2f0eb:  16% ▕██                ▏ 1.3 GB/8.1 GB  5.3 MB/s  21m29s[K[A[1Gpulling manifest [K
pulling 1b2b95e2f0eb:  16% ▕██                ▏ 1.3 GB/8.1 GB  5.3 MB/s  21m29s[K[A[1Gpulling manifest [K
pulling 1b2b95e2f0eb:  16% ▕██                ▏ 1.3 GB/8.1 GB  5.3 MB/s  21m29s[K[A[1Gpulling manifest [K
pulling 1b2b95e2f0eb:  16% ▕██                ▏ 1.3 GB/8.1 GB  5.3 MB/s  21m29s[K[A[1Gpulling manifest [K
pulling 1b2b95e2f0eb:  16% ▕██                ▏ 1.3 GB/8.1 GB  5.3 MB/s  21m29s[K[A[1Gpulling manifest [K
pulling 1b2b95e2f0eb:  16% ▕██                ▏ 1.3 GB/8.1 GB  5.3 MB/s  21m29s[K[A[1Gpulling manifest [K
pulling 1b2b95e2f0eb:  16% ▕██                ▏ 1.3 GB/8.1 GB  5.3 MB/s  21m29s[K[A[1Gpulling manifest [K
pulling 1b2b95e2f0eb:  16% ▕██                ▏ 1.3 GB/8.1 GB  5.3 MB/s  21m29s[K[A[1Gpulling manifest [K
pulling 1b2b95e2f0eb:  16% ▕██                ▏ 1.3 GB/8.1 GB  5.3 MB/s  21m28s[K[A[1Gpulling manifest [K
pulling 1b2b95e2f0eb:  16% ▕██                ▏ 1.3 GB/8.1 GB  5.3 MB/s  21m28s[K[A[1Gpulling manifest [K
pulling 1b2b95e2f0eb:  16% ▕██                ▏ 1.3 GB/8.1 GB  5.3 MB/s  21m28s[K[A[1Gpulling manifest [K
pulling 1b2b95e2f0eb:  16% ▕██                ▏ 1.3 GB/8.1 GB  5.4 MB/s  20m54s[K[A[1Gpulling manifest [K
pulling 1b2b95e2f0eb:  16% ▕██                ▏ 1.3 GB/8.1 GB  5.4 MB/s  20m54s[K[A[1Gpulling manifest [K
pulling 1b2b95e2f0eb:  16% ▕██                ▏ 1.3 GB/8.1 GB  5.4 MB/s  20m54s[K[A[1Gpulling manifest [K
pulling 1b2b95e2f0eb:  16% ▕██                ▏ 1.3 GB/8.1 GB  5.4 MB/s  20m54s[K[A[1Gpulling manifest [K
pulling 1b2b95e2f0eb:  16% ▕██                ▏ 1.3 GB/8.1 GB  5.4 MB/s  20m54s[K[A[1Gpulling manifest [K
pulling 1b2b95e2f0eb:  16% ▕██                ▏ 1.3 GB/8.1 GB  5.4 MB/s  20m54s[K[A[1Gpulling manifest [K
pulling 1b2b95e2f0eb:  16% ▕██                ▏ 1.3 GB/8.1 GB  5.4 MB/s  20m54s[K[A[1Gpulling manifest [K
pulling 1b2b95e2f0eb:  16% ▕██                ▏ 1.3 GB/8.1 GB  5.4 MB/s  20m53s[K[A[1Gpulling manifest [K
pulling 1b2b95e2f0eb:  16% ▕██                ▏ 1.3 GB/8.1 GB  5.4 MB/s  20m53s[K[A[1Gpulling manifest [K
pulling 1b2b95e2f0eb:  16% ▕██                ▏ 1.3 GB/8.1 GB  5.4 MB/s  20m53s[K[A[1Gpulling manifest [K
pulling 1b2b95e2f0eb:  16% ▕██                ▏ 1.3 GB/8.1 GB  5.5 MB/s  20m44s[K[A[1Gpulling manifest [K
pulling 1b2b95e2f0eb:  16% ▕██                ▏ 1.3 GB/8.1 GB  5.5 MB/s  20m44s[K[A[1Gpulling manifest [K
pulling 1b2b95e2f0eb:  16% ▕██                ▏ 1.3 GB/8.1 GB  5.5 MB/s  20m44s[K[A[1Gpulling manifest [K
pulling 1b2b95e2f0eb:  16% ▕██                ▏ 1.3 GB/8.1 GB  5.5 MB/s  20m44s[K[A[1Gpulling manifest [K
pulling 1b2b95e2f0eb:  16% ▕██                ▏ 1.3 GB/8.1 GB  5.5 MB/s  20m44s[K[A[1Gpulling manifest [K
pulling 1b2b95e2f0eb:  16% ▕██                ▏ 1.3 GB/8.1 GB  5.5 MB/s  20m44s[K[A[1Gpulling manifest [K
pulling 1b2b95e2f0eb:  16% ▕██                ▏ 1.3 GB/8.1 GB  5.5 MB/s  20m44s[K[A[1Gpulling manifest [K
pulling 1b2b95e2f0eb:  16% ▕██                ▏ 1.3 GB/8.1 GB  5.5 MB/s  20m43s[K[A[1Gpulling manifest [K
pulling 1b2b95e2f0eb:  16% ▕██                ▏ 1.3 GB/8.1 GB  5.5 MB/s  20m43s[K[A[1Gpulling manifest [K
pulling 1b2b95e2f0eb:  16% ▕██                ▏ 1.3 GB/8.1 GB  5.5 MB/s  20m43s[K[A[1Gpulling manifest [K
pulling 1b2b95e2f0eb:  16% ▕██                ▏ 1.3 GB/8.1 GB  5.6 MB/s  20m10s[K[A[1Gpulling manifest [K
pulling 1b2b95e2f0eb:  16% ▕██                ▏ 1.3 GB/8.1 GB  5.6 MB/s  20m10s[K[A[1Gpulling manifest [K
pulling 1b2b95e2f0eb:  16% ▕██                ▏ 1.3 GB/8.1 GB  5.6 MB/s  20m10s[K[A[1Gpulling manifest [K
pulling 1b2b95e2f0eb:  16% ▕██                ▏ 1.3 GB/8.1 GB  5.6 MB/s  20m10s[K[A[1Gpulling manifest [K
pulling 1b2b95e2f0eb:  16% ▕██                ▏ 1.3 GB/8.1 GB  5.6 MB/s  20m10s[K[A[1Gpulling manifest [K
pulling 1b2b95e2f0eb:  16% ▕██                ▏ 1.3 GB/8.1 GB  5.6 MB/s  20m10s[K[A[1Gpulling manifest [K
pulling 1b2b95e2f0eb:  16% ▕██                ▏ 1.3 GB/8.1 GB  5.6 MB/s   20m9s[K[A[1Gpulling manifest [K
pulling 1b2b95e2f0eb:  16% ▕██                ▏ 1.3 GB/8.1 GB  5.6 MB/s   20m9s[K[A[1Gpulling manifest [K
pulling 1b2b95e2f0eb:  16% ▕██                ▏ 1.3 GB/8.1 GB  5.6 MB/s   20m9s[K[A[1Gpulling manifest [K
pulling 1b2b95e2f0eb:  16% ▕██                ▏ 1.3 GB/8.1 GB  5.6 MB/s   20m9s[K[A[1Gpulling manifest [K
pulling 1b2b95e2f0eb:  16% ▕██                ▏ 1.3 GB/8.1 GB  5.7 MB/s  19m42s[K[A[1Gpulling manifest [K
pulling 1b2b95e2f0eb:  16% ▕██                ▏ 1.3 GB/8.1 GB  5.7 MB/s  19m42s[K[A[1Gpulling manifest [K
pulling 1b2b95e2f0eb:  16% ▕██                ▏ 1.3 GB/8.1 GB  5.7 MB/s  19m42s[K[A[1Gpulling manifest [K
pulling 1b2b95e2f0eb:  16% ▕██                ▏ 1.3 GB/8.1 GB  5.7 MB/s  19m42s[K[A[1Gpulling manifest [K
pulling 1b2b95e2f0eb:  16% ▕██                ▏ 1.3 GB/8.1 GB  5.7 MB/s  19m41s[K[A[1Gpulling manifest [K
pulling 1b2b95e2f0eb:  16% ▕██                ▏ 1.3 GB/8.1 GB  5.7 MB/s  19m41s[K[A[1Gpulling manifest [K
pulling 1b2b95e2f0eb:  16% ▕██                ▏ 1.3 GB/8.1 GB  5.7 MB/s  19m41s[K[A[1Gpulling manifest [K
pulling 1b2b95e2f0eb:  16% ▕██                ▏ 1.3 GB/8.1 GB  5.7 MB/s  19m41s[K[A[1Gpulling manifest [K
pulling 1b2b95e2f0eb:  16% ▕██                ▏ 1.3 GB/8.1 GB  5.7 MB/s  19m41s[K[A[1Gpulling manifest [K
pulling 1b2b95e2f0eb:  16% ▕██                ▏ 1.3 GB/8.1 GB  5.7 MB/s  19m41s[K[A[1Gpulling manifest [K
pulling 1b2b95e2f0eb:  16% ▕██                ▏ 1.3 GB/8.1 GB  5.8 MB/s  19m20s[K[A[1Gpulling manifest [K
pulling 1b2b95e2f0eb:  16% ▕██                ▏ 1.3 GB/8.1 GB  5.8 MB/s  19m20s[K[A[1Gpulling manifest [K
pulling 1b2b95e2f0eb:  16% ▕██                ▏ 1.3 GB/8.1 GB  5.8 MB/s  19m20s[K[A[1Gpulling manifest [K
pulling 1b2b95e2f0eb:  16% ▕██                ▏ 1.3 GB/8.1 GB  5.8 MB/s  19m20s[K[A[1Gpulling manifest [K
pulling 1b2b95e2f0eb:  16% ▕██                ▏ 1.3 GB/8.1 GB  5.8 MB/s  19m20s[K[A[1Gpulling manifest [K
pulling 1b2b95e2f0eb:  16% ▕██                ▏ 1.3 GB/8.1 GB  5.8 MB/s  19m20s[K[A[1Gpulling manifest [K
pulling 1b2b95e2f0eb:  16% ▕██                ▏ 1.3 GB/8.1 GB  5.8 MB/s  19m20s[K[A[1Gpulling manifest [K
pulling 1b2b95e2f0eb:  16% ▕██                ▏ 1.3 GB/8.1 GB  5.8 MB/s  19m19s[K[A[1Gpulling manifest [K
pulling 1b2b95e2f0eb:  16% ▕██                ▏ 1.3 GB/8.1 GB  5.8 MB/s  19m19s[K[A[1Gpulling manifest [K
pulling 1b2b95e2f0eb:  16% ▕██                ▏ 1.3 GB/8.1 GB  5.8 MB/s  19m19s[K[A[1Gpulling manifest [K
pulling 1b2b95e2f0eb:  16% ▕██                ▏ 1.3 GB/8.1 GB  5.8 MB/s  19m19s[K[A[1Gpulling manifest [K
pulling 1b2b95e2f0eb:  16% ▕██                ▏ 1.3 GB/8.1 GB  5.9 MB/s   19m0s[K[A[1Gpulling manifest [K
pulling 1b2b95e2f0eb:  16% ▕██                ▏ 1.3 GB/8.1 GB  5.9 MB/s   19m0s[K[A[1Gpulling manifest [K
pulling 1b2b95e2f0eb:  16% ▕██                ▏ 1.3 GB/8.1 GB  5.9 MB/s   19m0s[K[A[1Gpulling manifest [K
pulling 1b2b95e2f0eb:  16% ▕██                ▏ 1.3 GB/8.1 GB  5.9 MB/s   19m0s[K[A[1Gpulling manifest [K
pulling 1b2b95e2f0eb:  16% ▕██                ▏ 1.3 GB/8.1 GB  5.9 MB/s   19m0s[K[A[1Gpulling manifest [K
pulling 1b2b95e2f0eb:  16% ▕██                ▏ 1.3 GB/8.1 GB  5.9 MB/s   19m0s[K[A[1Gpulling manifest [K
pulling 1b2b95e2f0eb:  16% ▕██                ▏ 1.3 GB/8.1 GB  5.9 MB/s   19m0s[K[A[1Gpulling manifest [K
pulling 1b2b95e2f0eb:  16% ▕██                ▏ 1.3 GB/8.1 GB  5.9 MB/s   19m0s[K[A[1Gpulling manifest [K
pulling 1b2b95e2f0eb:  16% ▕██                ▏ 1.3 GB/8.1 GB  5.9 MB/s   19m0s[K[A[1Gpulling manifest [K
pulling 1b2b95e2f0eb:  16% ▕██                ▏ 1.3 GB/8.1 GB  5.9 MB/s  18m59s[K[A[1Gpulling manifest [K
pulling 1b2b95e2f0eb:  16% ▕██                ▏ 1.3 GB/8.1 GB  6.0 MB/s  18m53s[K[A[1Gpulling manifest [K
pulling 1b2b95e2f0eb:  16% ▕██                ▏ 1.3 GB/8.1 GB  6.0 MB/s  18m53s[K[A[1Gpulling manifest [K
pulling 1b2b95e2f0eb:  16% ▕██                ▏ 1.3 GB/8.1 GB  6.0 MB/s  18m52s[K[A[1Gpulling manifest [K
pulling 1b2b95e2f0eb:  16% ▕██                ▏ 1.3 GB/8.1 GB  6.0 MB/s  18m52s[K[A[1Gpulling manifest [K
pulling 1b2b95e2f0eb:  16% ▕██                ▏ 1.3 GB/8.1 GB  6.0 MB/s  18m52s[K[A[1Gpulling manifest [K
pulling 1b2b95e2f0eb:  17% ▕██                ▏ 1.3 GB/8.1 GB  6.0 MB/s  18m52s[K[A[1Gpulling manifest [K
pulling 1b2b95e2f0eb:  17% ▕██                ▏ 1.3 GB/8.1 GB  6.0 MB/s  18m52s[K[A[1Gpulling manifest [K
pulling 1b2b95e2f0eb:  17% ▕██                ▏ 1.3 GB/8.1 GB  6.0 MB/s  18m52s[K[A[1Gpulling manifest [K
pulling 1b2b95e2f0eb:  17% ▕██                ▏ 1.3 GB/8.1 GB  6.0 MB/s  18m52s[K[A[1Gpulling manifest [K
pulling 1b2b95e2f0eb:  17% ▕██                ▏ 1.3 GB/8.1 GB  6.0 MB/s  18m52s[K[A[1Gpulling manifest [K
pulling 1b2b95e2f0eb:  17% ▕██                ▏ 1.3 GB/8.1 GB  6.0 MB/s  18m50s[K[A[1Gpulling manifest [K
pulling 1b2b95e2f0eb:  17% ▕██                ▏ 1.3 GB/8.1 GB  6.0 MB/s  18m50s[K[A[1Gpulling manifest [K
pulling 1b2b95e2f0eb:  17% ▕██                ▏ 1.3 GB/8.1 GB  6.0 MB/s  18m49s[K[A[1Gpulling manifest [K
pulling 1b2b95e2f0eb:  17% ▕██                ▏ 1.3 GB/8.1 GB  6.0 MB/s  18m49s[K[A[1Gpulling manifest [K
pulling 1b2b95e2f0eb:  17% ▕██                ▏ 1.3 GB/8.1 GB  6.0 MB/s  18m49s[K[A[1Gpulling manifest [K
pulling 1b2b95e2f0eb:  17% ▕██                ▏ 1.3 GB/8.1 GB  6.0 MB/s  18m49s[K[A[1Gpulling manifest [K
pulling 1b2b95e2f0eb:  17% ▕██                ▏ 1.3 GB/8.1 GB  6.0 MB/s  18m49s[K[A[1Gpulling manifest [K
pulling 1b2b95e2f0eb:  17% ▕██                ▏ 1.3 GB/8.1 GB  6.0 MB/s  18m49s[K[A[1Gpulling manifest [K
pulling 1b2b95e2f0eb:  17% ▕██                ▏ 1.3 GB/8.1 GB  6.0 MB/s  18m49s[K[A[1Gpulling manifest [K
pulling 1b2b95e2f0eb:  17% ▕██                ▏ 1.3 GB/8.1 GB  6.0 MB/s  18m49s[K[A[1Gpulling manifest [K
pulling 1b2b95e2f0eb:  17% ▕██                ▏ 1.3 GB/8.1 GB  6.0 MB/s  18m40s[K[A[1Gpulling manifest [K
pulling 1b2b95e2f0eb:  17% ▕██                ▏ 1.3 GB/8.1 GB  6.0 MB/s  18m40s[K[A[1Gpulling manifest [K
pulling 1b2b95e2f0eb:  17% ▕██                ▏ 1.3 GB/8.1 GB  6.0 MB/s  18m40s[K[A[1Gpulling manifest [K
pulling 1b2b95e2f0eb:  17% ▕██                ▏ 1.3 GB/8.1 GB  6.0 MB/s  18m40s[K[A[1Gpulling manifest [K
pulling 1b2b95e2f0eb:  17% ▕██                ▏ 1.4 GB/8.1 GB  6.0 MB/s  18m40s[K[A[1Gpulling manifest [K
pulling 1b2b95e2f0eb:  17% ▕██                ▏ 1.4 GB/8.1 GB  6.0 MB/s  18m40s[K[A[1Gpulling manifest [K
pulling 1b2b95e2f0eb:  17% ▕██                ▏ 1.4 GB/8.1 GB  6.0 MB/s  18m40s[K[A[1Gpulling manifest [K
pulling 1b2b95e2f0eb:  17% ▕███               ▏ 1.4 GB/8.1 GB  6.0 MB/s  18m39s[K[A[1Gpulling manifest [K
pulling 1b2b95e2f0eb:  17% ▕███               ▏ 1.4 GB/8.1 GB  6.0 MB/s  18m39s[K[A[1Gpulling manifest [K
pulling 1b2b95e2f0eb:  17% ▕███               ▏ 1.4 GB/8.1 GB  6.0 MB/s  18m39s[K[A[1Gpulling manifest [K
pulling 1b2b95e2f0eb:  17% ▕███               ▏ 1.4 GB/8.1 GB  6.1 MB/s  18m30s[K[A[1Gpulling manifest [K
pulling 1b2b95e2f0eb:  17% ▕███               ▏ 1.4 GB/8.1 GB  6.1 MB/s  18m30s[K[A[1Gpulling manifest [K
pulling 1b2b95e2f0eb:  17% ▕███               ▏ 1.4 GB/8.1 GB  6.1 MB/s  18m30s[K[A[1Gpulling manifest [K
pulling 1b2b95e2f0eb:  17% ▕███               ▏ 1.4 GB/8.1 GB  6.1 MB/s  18m30s[K[A[1Gpulling manifest [K
pulling 1b2b95e2f0eb:  17% ▕███               ▏ 1.4 GB/8.1 GB  6.1 MB/s  18m29s[K[A[1Gpulling manifest [K
pulling 1b2b95e2f0eb:  17% ▕███               ▏ 1.4 GB/8.1 GB  6.1 MB/s  18m29s[K[A[1Gpulling manifest [K
pulling 1b2b95e2f0eb:  17% ▕███               ▏ 1.4 GB/8.1 GB  6.1 MB/s  18m29s[K[A[1Gpulling manifest [K
pulling 1b2b95e2f0eb:  17% ▕███               ▏ 1.4 GB/8.1 GB  6.1 MB/s  18m29s[K[A[1Gpulling manifest [K
pulling 1b2b95e2f0eb:  17% ▕███               ▏ 1.4 GB/8.1 GB  6.1 MB/s  18m29s[K[A[1Gpulling manifest [K
pulling 1b2b95e2f0eb:  17% ▕███               ▏ 1.4 GB/8.1 GB  6.1 MB/s  18m29s[K[A[1Gpulling manifest [K
pulling 1b2b95e2f0eb:  17% ▕███               ▏ 1.4 GB/8.1 GB  6.1 MB/s  18m29s[K[A[1Gpulling manifest [K
pulling 1b2b95e2f0eb:  17% ▕███               ▏ 1.4 GB/8.1 GB  6.2 MB/s  18m13s[K[A[1Gpulling manifest [K
pulling 1b2b95e2f0eb:  17% ▕███               ▏ 1.4 GB/8.1 GB  6.2 MB/s  18m13s[K[A[1Gpulling manifest [K
pulling 1b2b95e2f0eb:  17% ▕███               ▏ 1.4 GB/8.1 GB  6.2 MB/s  18m13s[K[A[1Gpulling manifest [K
pulling 1b2b95e2f0eb:  17% ▕███               ▏ 1.4 GB/8.1 GB  6.2 MB/s  18m13s[K[A[1Gpulling manifest [K
pulling 1b2b95e2f0eb:  17% ▕███               ▏ 1.4 GB/8.1 GB  6.2 MB/s  18m13s[K[A[1Gpulling manifest [K
pulling 1b2b95e2f0eb:  17% ▕███               ▏ 1.4 GB/8.1 GB  6.2 MB/s  18m13s[K[A[1Gpulling manifest [K
pulling 1b2b95e2f0eb:  17% ▕███               ▏ 1.4 GB/8.1 GB  6.2 MB/s  18m12s[K[A[1Gpulling manifest [K
pulling 1b2b95e2f0eb:  17% ▕███               ▏ 1.4 GB/8.1 GB  6.2 MB/s  18m12s[K[A[1Gpulling manifest [K
pulling 1b2b95e2f0eb:  17% ▕███               ▏ 1.4 GB/8.1 GB  6.2 MB/s  18m12s[K[A[1Gpulling manifest [K
pulling 1b2b95e2f0eb:  17% ▕███               ▏ 1.4 GB/8.1 GB  6.2 MB/s  18m12s[K[A[1Gpulling manifest [K
pulling 1b2b95e2f0eb:  17% ▕███               ▏ 1.4 GB/8.1 GB  6.2 MB/s   18m6s[K[A[1Gpulling manifest [K
pulling 1b2b95e2f0eb:  17% ▕███               ▏ 1.4 GB/8.1 GB  6.2 MB/s   18m6s[K[A[1Gpulling manifest [K
pulling 1b2b95e2f0eb:  17% ▕███               ▏ 1.4 GB/8.1 GB  6.2 MB/s   18m6s[K[A[1Gpulling manifest [K
pulling 1b2b95e2f0eb:  17% ▕███               ▏ 1.4 GB/8.1 GB  6.2 MB/s   18m6s[K[A[1Gpulling manifest [K
pulling 1b2b95e2f0eb:  17% ▕███               ▏ 1.4 GB/8.1 GB  6.2 MB/s   18m6s[K[A[1Gpulling manifest [K
pulling 1b2b95e2f0eb:  17% ▕███               ▏ 1.4 GB/8.1 GB  6.2 MB/s   18m6s[K[A[1Gpulling manifest [K
pulling 1b2b95e2f0eb:  17% ▕███               ▏ 1.4 GB/8.1 GB  6.2 MB/s   18m6s[K[A[1Gpulling manifest [K
pulling 1b2b95e2f0eb:  17% ▕███               ▏ 1.4 GB/8.1 GB  6.2 MB/s   18m6s[K[A[1Gpulling manifest [K
pulling 1b2b95e2f0eb:  17% ▕███               ▏ 1.4 GB/8.1 GB  6.2 MB/s   18m6s[K[A[1Gpulling manifest [K
pulling 1b2b95e2f0eb:  17% ▕███               ▏ 1.4 GB/8.1 GB  6.2 MB/s   18m5s[K[A[1Gpulling manifest [K
pulling 1b2b95e2f0eb:  17% ▕███               ▏ 1.4 GB/8.1 GB  6.3 MB/s  17m48s[K[A[1Gpulling manifest [K
pulling 1b2b95e2f0eb:  17% ▕███               ▏ 1.4 GB/8.1 GB  6.3 MB/s  17m48s[K[A[1Gpulling manifest [K
pulling 1b2b95e2f0eb:  17% ▕███               ▏ 1.4 GB/8.1 GB  6.3 MB/s  17m48s[K[A[1Gpulling manifest [K
pulling 1b2b95e2f0eb:  17% ▕███               ▏ 1.4 GB/8.1 GB  6.3 MB/s  17m48s[K[A[1Gpulling manifest [K
pulling 1b2b95e2f0eb:  17% ▕███               ▏ 1.4 GB/8.1 GB  6.3 MB/s  17m48s[K[A[1Gpulling manifest [K
pulling 1b2b95e2f0eb:  17% ▕███               ▏ 1.4 GB/8.1 GB  6.3 MB/s  17m47s[K[A[1Gpulling manifest [K
pulling 1b2b95e2f0eb:  17% ▕███               ▏ 1.4 GB/8.1 GB  6.3 MB/s  17m47s[K[A[1Gpulling manifest [K
pulling 1b2b95e2f0eb:  17% ▕███               ▏ 1.4 GB/8.1 GB  6.3 MB/s  17m47s[K[A[1Gpulling manifest [K
pulling 1b2b95e2f0eb:  17% ▕███               ▏ 1.4 GB/8.1 GB  6.3 MB/s  17m47s[K[A[1Gpulling manifest [K
pulling 1b2b95e2f0eb:  17% ▕███               ▏ 1.4 GB/8.1 GB  6.3 MB/s  17m47s[K[A[1Gpulling manifest [K
pulling 1b2b95e2f0eb:  17% ▕███               ▏ 1.4 GB/8.1 GB  6.4 MB/s  17m38s[K[A[1Gpulling manifest [K
pulling 1b2b95e2f0eb:  17% ▕███               ▏ 1.4 GB/8.1 GB  6.4 MB/s  17m38s[K[A[1Gpulling manifest [K
pulling 1b2b95e2f0eb:  17% ▕███               ▏ 1.4 GB/8.1 GB  6.4 MB/s  17m38s[K[A[1Gpulling manifest [K
pulling 1b2b95e2f0eb:  17% ▕███               ▏ 1.4 GB/8.1 GB  6.4 MB/s  17m38s[K[A[1Gpulling manifest [K
pulling 1b2b95e2f0eb:  17% ▕███               ▏ 1.4 GB/8.1 GB  6.4 MB/s  17m37s[K[A[1Gpulling manifest [K
pulling 1b2b95e2f0eb:  17% ▕███               ▏ 1.4 GB/8.1 GB  6.4 MB/s  17m37s[K[A[1Gpulling manifest [K
pulling 1b2b95e2f0eb:  17% ▕███               ▏ 1.4 GB/8.1 GB  6.4 MB/s  17m37s[K[A[1Gpulling manifest [K
pulling 1b2b95e2f0eb:  17% ▕███               ▏ 1.4 GB/8.1 GB  6.4 MB/s  17m37s[K[A[1Gpulling manifest [K
pulling 1b2b95e2f0eb:  17% ▕███               ▏ 1.4 GB/8.1 GB  6.4 MB/s  17m37s[K[A[1Gpulling manifest [K
pulling 1b2b95e2f0eb:  17% ▕███               ▏ 1.4 GB/8.1 GB  6.4 MB/s  17m37s[K[A[1Gpulling manifest [K
pulling 1b2b95e2f0eb:  17% ▕███               ▏ 1.4 GB/8.1 GB  6.4 MB/s  17m23s[K[A[1Gpulling manifest [K
pulling 1b2b95e2f0eb:  17% ▕███               ▏ 1.4 GB/8.1 GB  6.4 MB/s  17m23s[K[A[1Gpulling manifest [K
pulling 1b2b95e2f0eb:  17% ▕███               ▏ 1.4 GB/8.1 GB  6.4 MB/s  17m23s[K[A[1Gpulling manifest [K
pulling 1b2b95e2f0eb:  17% ▕███               ▏ 1.4 GB/8.1 GB  6.4 MB/s  17m23s[K[A[1Gpulling manifest [K
pulling 1b2b95e2f0eb:  17% ▕███               ▏ 1.4 GB/8.1 GB  6.4 MB/s  17m23s[K[A[1Gpulling manifest [K
pulling 1b2b95e2f0eb:  17% ▕███               ▏ 1.4 GB/8.1 GB  6.4 MB/s  17m23s[K[A[1Gpulling manifest [K
pulling 1b2b95e2f0eb:  17% ▕███               ▏ 1.4 GB/8.1 GB  6.4 MB/s  17m22s[K[A[1Gpulling manifest [K
pulling 1b2b95e2f0eb:  17% ▕███               ▏ 1.4 GB/8.1 GB  6.4 MB/s  17m22s[K[A[1Gpulling manifest [K
pulling 1b2b95e2f0eb:  17% ▕███               ▏ 1.4 GB/8.1 GB  6.4 MB/s  17m22s[K[A[1Gpulling manifest [K
pulling 1b2b95e2f0eb:  17% ▕███               ▏ 1.4 GB/8.1 GB  6.4 MB/s  17m22s[K[A[1Gpulling manifest [K
pulling 1b2b95e2f0eb:  17% ▕███               ▏ 1.4 GB/8.1 GB  6.4 MB/s  17m22s[K[A[1Gpulling manifest [K
pulling 1b2b95e2f0eb:  17% ▕███               ▏ 1.4 GB/8.1 GB  6.5 MB/s   17m5s[K[A[1Gpulling manifest [K
pulling 1b2b95e2f0eb:  17% ▕███               ▏ 1.4 GB/8.1 GB  6.5 MB/s   17m5s[K[A[1Gpulling manifest [K
pulling 1b2b95e2f0eb:  17% ▕███               ▏ 1.4 GB/8.1 GB  6.5 MB/s   17m5s[K[A[1Gpulling manifest [K
pulling 1b2b95e2f0eb:  17% ▕███               ▏ 1.4 GB/8.1 GB  6.5 MB/s   17m5s[K[A[1Gpulling manifest [K
pulling 1b2b95e2f0eb:  17% ▕███               ▏ 1.4 GB/8.1 GB  6.5 MB/s   17m5s[K[A[1Gpulling manifest [K
pulling 1b2b95e2f0eb:  17% ▕███               ▏ 1.4 GB/8.1 GB  6.5 MB/s   17m4s[K[A[1Gpulling manifest [K
pulling 1b2b95e2f0eb:  17% ▕███               ▏ 1.4 GB/8.1 GB  6.5 MB/s   17m4s[K[A[1Gpulling manifest [K
pulling 1b2b95e2f0eb:  17% ▕███               ▏ 1.4 GB/8.1 GB  6.5 MB/s   17m4s[K[A[1Gpulling manifest [K
pulling 1b2b95e2f0eb:  17% ▕███               ▏ 1.4 GB/8.1 GB  6.5 MB/s   17m4s[K[A[1Gpulling manifest [K
pulling 1b2b95e2f0eb:  17% ▕███               ▏ 1.4 GB/8.1 GB  6.5 MB/s   17m4s[K[A[1Gpulling manifest [K
pulling 1b2b95e2f0eb:  17% ▕███               ▏ 1.4 GB/8.1 GB  6.6 MB/s  16m53s[K[A[1Gpulling manifest [K
pulling 1b2b95e2f0eb:  17% ▕███               ▏ 1.4 GB/8.1 GB  6.6 MB/s  16m53s[K[A[1Gpulling manifest [K
pulling 1b2b95e2f0eb:  17% ▕███               ▏ 1.4 GB/8.1 GB  6.6 MB/s  16m53s[K[A[1Gpulling manifest [K
pulling 1b2b95e2f0eb:  17% ▕███               ▏ 1.4 GB/8.1 GB  6.6 MB/s  16m53s[K[A[1Gpulling manifest [K
pulling 1b2b95e2f0eb:  17% ▕███               ▏ 1.4 GB/8.1 GB  6.6 MB/s  16m53s[K[A[1Gpulling manifest [K
pulling 1b2b95e2f0eb:  17% ▕███               ▏ 1.4 GB/8.1 GB  6.6 MB/s  16m53s[K[A[1Gpulling manifest [K
pulling 1b2b95e2f0eb:  17% ▕███               ▏ 1.4 GB/8.1 GB  6.6 MB/s  16m52s[K[A[1Gpulling manifest [K
pulling 1b2b95e2f0eb:  17% ▕███               ▏ 1.4 GB/8.1 GB  6.6 MB/s  16m52s[K[A[1Gpulling manifest [K
pulling 1b2b95e2f0eb:  17% ▕███               ▏ 1.4 GB/8.1 GB  6.6 MB/s  16m52s[K[A[1Gpulling manifest [K
pulling 1b2b95e2f0eb:  17% ▕███               ▏ 1.4 GB/8.1 GB  6.6 MB/s  16m52s[K[A[1Gpulling manifest [K
pulling 1b2b95e2f0eb:  17% ▕███               ▏ 1.4 GB/8.1 GB  6.7 MB/s  16m34s[K[A[1Gpulling manifest [K
pulling 1b2b95e2f0eb:  17% ▕███               ▏ 1.4 GB/8.1 GB  6.7 MB/s  16m34s[K[A[1Gpulling manifest [K
pulling 1b2b95e2f0eb:  17% ▕███               ▏ 1.4 GB/8.1 GB  6.7 MB/s  16m34s[K[A[1Gpulling manifest [K
pulling 1b2b95e2f0eb:  17% ▕███               ▏ 1.4 GB/8.1 GB  6.7 MB/s  16m34s[K[A[1Gpulling manifest [K
pulling 1b2b95e2f0eb:  17% ▕███               ▏ 1.4 GB/8.1 GB  6.7 MB/s  16m34s[K[A[1Gpulling manifest [K
pulling 1b2b95e2f0eb:  17% ▕███               ▏ 1.4 GB/8.1 GB  6.7 MB/s  16m34s[K[A[1Gpulling manifest [K
pulling 1b2b95e2f0eb:  17% ▕███               ▏ 1.4 GB/8.1 GB  6.7 MB/s  16m34s[K[A[1Gpulling manifest [K
pulling 1b2b95e2f0eb:  17% ▕███               ▏ 1.4 GB/8.1 GB  6.7 MB/s  16m33s[K[A[1Gpulling manifest [K
pulling 1b2b95e2f0eb:  17% ▕███               ▏ 1.4 GB/8.1 GB  6.7 MB/s  16m33s[K[A[1Gpulling manifest [K
pulling 1b2b95e2f0eb:  17% ▕███               ▏ 1.4 GB/8.1 GB  6.7 MB/s  16m33s[K[A[1Gpulling manifest [K
pulling 1b2b95e2f0eb:  17% ▕███               ▏ 1.4 GB/8.1 GB  6.8 MB/s  16m27s[K[A[1Gpulling manifest [K
pulling 1b2b95e2f0eb:  17% ▕███               ▏ 1.4 GB/8.1 GB  6.8 MB/s  16m27s[K[A[1Gpulling manifest [K
pulling 1b2b95e2f0eb:  17% ▕███               ▏ 1.4 GB/8.1 GB  6.8 MB/s  16m27s[K[A[1Gpulling manifest [K
pulling 1b2b95e2f0eb:  17% ▕███               ▏ 1.4 GB/8.1 GB  6.8 MB/s  16m27s[K[A[1Gpulling manifest [K
pulling 1b2b95e2f0eb:  17% ▕███               ▏ 1.4 GB/8.1 GB  6.8 MB/s  16m27s[K[A[1Gpulling manifest [K
pulling 1b2b95e2f0eb:  17% ▕███               ▏ 1.4 GB/8.1 GB  6.8 MB/s  16m27s[K[A[1Gpulling manifest [K
pulling 1b2b95e2f0eb:  17% ▕███               ▏ 1.4 GB/8.1 GB  6.8 MB/s  16m27s[K[A[1Gpulling manifest [K
pulling 1b2b95e2f0eb:  18% ▕███               ▏ 1.4 GB/8.1 GB  6.8 MB/s  16m26s[K[A[1Gpulling manifest [K
pulling 1b2b95e2f0eb:  18% ▕███               ▏ 1.4 GB/8.1 GB  6.8 MB/s  16m26s[K[A[1Gpulling manifest [K
pulling 1b2b95e2f0eb:  18% ▕███               ▏ 1.4 GB/8.1 GB  6.8 MB/s  16m26s[K[A[1Gpulling manifest [K
pulling 1b2b95e2f0eb:  18% ▕███               ▏ 1.4 GB/8.1 GB  6.9 MB/s  16m16s[K[A[1Gpulling manifest [K
pulling 1b2b95e2f0eb:  18% ▕███               ▏ 1.4 GB/8.1 GB  6.9 MB/s  16m16s[K[A[1Gpulling manifest [K
pulling 1b2b95e2f0eb:  18% ▕███               ▏ 1.4 GB/8.1 GB  6.9 MB/s  16m16s[K[A[1Gpulling manifest [K
pulling 1b2b95e2f0eb:  18% ▕███               ▏ 1.4 GB/8.1 GB  6.9 MB/s  16m15s[K[A[1Gpulling manifest [K
pulling 1b2b95e2f0eb:  18% ▕███               ▏ 1.4 GB/8.1 GB  6.9 MB/s  16m15s[K[A[1Gpulling manifest [K
pulling 1b2b95e2f0eb:  18% ▕███               ▏ 1.4 GB/8.1 GB  6.9 MB/s  16m15s[K[A[1Gpulling manifest [K
pulling 1b2b95e2f0eb:  18% ▕███               ▏ 1.4 GB/8.1 GB  6.9 MB/s  16m15s[K[A[1Gpulling manifest [K
pulling 1b2b95e2f0eb:  18% ▕███               ▏ 1.4 GB/8.1 GB  6.9 MB/s  16m15s[K[A[1Gpulling manifest [K
pulling 1b2b95e2f0eb:  18% ▕███               ▏ 1.4 GB/8.1 GB  6.9 MB/s  16m15s[K[A[1Gpulling manifest [K
pulling 1b2b95e2f0eb:  18% ▕███               ▏ 1.4 GB/8.1 GB  6.9 MB/s  16m15s[K[A[1Gpulling manifest [K
pulling 1b2b95e2f0eb:  18% ▕███               ▏ 1.4 GB/8.1 GB  6.9 MB/s  16m15s[K[A[1Gpulling manifest [K
pulling 1b2b95e2f0eb:  18% ▕███               ▏ 1.4 GB/8.1 GB  6.9 MB/s   16m6s[K[A[1Gpulling manifest [K
pulling 1b2b95e2f0eb:  18% ▕███               ▏ 1.4 GB/8.1 GB  6.9 MB/s   16m6s[K[A[1Gpulling manifest [K
pulling 1b2b95e2f0eb:  18% ▕███               ▏ 1.4 GB/8.1 GB  6.9 MB/s   16m6s[K[A[1Gpulling manifest [K
pulling 1b2b95e2f0eb:  18% ▕███               ▏ 1.4 GB/8.1 GB  6.9 MB/s   16m6s[K[A[1Gpulling manifest [K
pulling 1b2b95e2f0eb:  18% ▕███               ▏ 1.4 GB/8.1 GB  6.9 MB/s   16m6s[K[A[1Gpulling manifest [K
pulling 1b2b95e2f0eb:  18% ▕███               ▏ 1.4 GB/8.1 GB  6.9 MB/s   16m6s[K[A[1Gpulling manifest [K
pulling 1b2b95e2f0eb:  18% ▕███               ▏ 1.4 GB/8.1 GB  6.9 MB/s   16m6s[K[A[1Gpulling manifest [K
pulling 1b2b95e2f0eb:  18% ▕███               ▏ 1.4 GB/8.1 GB  6.9 MB/s   16m6s[K[A[1Gpulling manifest [K
pulling 1b2b95e2f0eb:  18% ▕███               ▏ 1.4 GB/8.1 GB  6.9 MB/s   16m6s[K[A[1Gpulling manifest [K
pulling 1b2b95e2f0eb:  18% ▕███               ▏ 1.4 GB/8.1 GB  6.9 MB/s   16m5s[K[A[1Gpulling manifest [K
pulling 1b2b95e2f0eb:  18% ▕███               ▏ 1.4 GB/8.1 GB  6.9 MB/s   16m6s[K[A[1Gpulling manifest [K
pulling 1b2b95e2f0eb:  18% ▕███               ▏ 1.4 GB/8.1 GB  6.9 MB/s   16m5s[K[A[1Gpulling manifest [K
pulling 1b2b95e2f0eb:  18% ▕███               ▏ 1.4 GB/8.1 GB  6.9 MB/s   16m5s[K[A[1Gpulling manifest [K
pulling 1b2b95e2f0eb:  18% ▕███               ▏ 1.4 GB/8.1 GB  6.9 MB/s   16m5s[K[A[1Gpulling manifest [K
pulling 1b2b95e2f0eb:  18% ▕███               ▏ 1.4 GB/8.1 GB  6.9 MB/s   16m5s[K[A[1Gpulling manifest [K
pulling 1b2b95e2f0eb:  18% ▕███               ▏ 1.4 GB/8.1 GB  6.9 MB/s   16m5s[K[A[1Gpulling manifest [K
pulling 1b2b95e2f0eb:  18% ▕███               ▏ 1.4 GB/8.1 GB  6.9 MB/s   16m5s[K[A[1Gpulling manifest [K
pulling 1b2b95e2f0eb:  18% ▕███               ▏ 1.4 GB/8.1 GB  6.9 MB/s   16m5s[K[A[1Gpulling manifest [K
pulling 1b2b95e2f0eb:  18% ▕███               ▏ 1.4 GB/8.1 GB  6.9 MB/s   16m5s[K[A[1Gpulling manifest [K
pulling 1b2b95e2f0eb:  18% ▕███               ▏ 1.4 GB/8.1 GB  6.9 MB/s   16m5s[K[A[1Gpulling manifest [K
pulling 1b2b95e2f0eb:  18% ▕███               ▏ 1.4 GB/8.1 GB  6.9 MB/s   16m9s[K[A[1Gpulling manifest [K
pulling 1b2b95e2f0eb:  18% ▕███               ▏ 1.4 GB/8.1 GB  6.9 MB/s   16m9s[K[A[1Gpulling manifest [K
pulling 1b2b95e2f0eb:  18% ▕███               ▏ 1.4 GB/8.1 GB  6.9 MB/s   16m9s[K[A[1Gpulling manifest [K
pulling 1b2b95e2f0eb:  18% ▕███               ▏ 1.4 GB/8.1 GB  6.9 MB/s   16m9s[K[A[1Gpulling manifest [K
pulling 1b2b95e2f0eb:  18% ▕███               ▏ 1.4 GB/8.1 GB  6.9 MB/s   16m8s[K[A[1Gpulling manifest [K
pulling 1b2b95e2f0eb:  18% ▕███               ▏ 1.4 GB/8.1 GB  6.9 MB/s   16m8s[K[A[1Gpulling manifest [K
pulling 1b2b95e2f0eb:  18% ▕███               ▏ 1.4 GB/8.1 GB  6.9 MB/s   16m8s[K[A[1Gpulling manifest [K
pulling 1b2b95e2f0eb:  18% ▕███               ▏ 1.4 GB/8.1 GB  6.9 MB/s   16m8s[K[A[1Gpulling manifest [K
pulling 1b2b95e2f0eb:  18% ▕███               ▏ 1.4 GB/8.1 GB  6.9 MB/s   16m8s[K[A[1Gpulling manifest [K
pulling 1b2b95e2f0eb:  18% ▕███               ▏ 1.4 GB/8.1 GB  6.9 MB/s   16m8s[K[A[1Gpulling manifest [K
pulling 1b2b95e2f0eb:  18% ▕███               ▏ 1.4 GB/8.1 GB  6.9 MB/s   16m9s[K[A[1Gpulling manifest [K
pulling 1b2b95e2f0eb:  18% ▕███               ▏ 1.4 GB/8.1 GB  6.9 MB/s   16m9s[K[A[1Gpulling manifest [K
pulling 1b2b95e2f0eb:  18% ▕███               ▏ 1.5 GB/8.1 GB  6.9 MB/s   16m9s[K[A[1Gpulling manifest [K
pulling 1b2b95e2f0eb:  18% ▕███               ▏ 1.5 GB/8.1 GB  6.9 MB/s   16m8s[K[A[1Gpulling manifest [K
pulling 1b2b95e2f0eb:  18% ▕███               ▏ 1.5 GB/8.1 GB  6.9 MB/s   16m8s[K[A[1Gpulling manifest [K
pulling 1b2b95e2f0eb:  18% ▕███               ▏ 1.5 GB/8.1 GB  6.9 MB/s   16m8s[K[A[1Gpulling manifest [K
pulling 1b2b95e2f0eb:  18% ▕███               ▏ 1.5 GB/8.1 GB  6.9 MB/s   16m8s[K[A[1Gpulling manifest [K
pulling 1b2b95e2f0eb:  18% ▕███               ▏ 1.5 GB/8.1 GB  6.9 MB/s   16m8s[K[A[1Gpulling manifest [K
pulling 1b2b95e2f0eb:  18% ▕███               ▏ 1.5 GB/8.1 GB  6.9 MB/s   16m8s[K[A[1Gpulling manifest [K
pulling 1b2b95e2f0eb:  18% ▕███               ▏ 1.5 GB/8.1 GB  6.9 MB/s   16m8s[K[A[1Gpulling manifest [K
pulling 1b2b95e2f0eb:  18% ▕███               ▏ 1.5 GB/8.1 GB  6.9 MB/s   16m8s[K[A[1Gpulling manifest [K
pulling 1b2b95e2f0eb:  18% ▕███               ▏ 1.5 GB/8.1 GB  6.9 MB/s   16m8s[K[A[1Gpulling manifest [K
pulling 1b2b95e2f0eb:  18% ▕███               ▏ 1.5 GB/8.1 GB  6.9 MB/s   16m8s[K[A[1Gpulling manifest [K
pulling 1b2b95e2f0eb:  18% ▕███               ▏ 1.5 GB/8.1 GB  6.9 MB/s   16m8s[K[A[1Gpulling manifest [K
pulling 1b2b95e2f0eb:  18% ▕███               ▏ 1.5 GB/8.1 GB  6.9 MB/s   16m8s[K[A[1Gpulling manifest [K
pulling 1b2b95e2f0eb:  18% ▕███               ▏ 1.5 GB/8.1 GB  6.9 MB/s   16m8s[K[A[1Gpulling manifest [K
pulling 1b2b95e2f0eb:  18% ▕███               ▏ 1.5 GB/8.1 GB  6.9 MB/s   16m7s[K[A[1Gpulling manifest [K
pulling 1b2b95e2f0eb:  18% ▕███               ▏ 1.5 GB/8.1 GB  6.9 MB/s   16m7s[K[A[1Gpulling manifest [K
pulling 1b2b95e2f0eb:  18% ▕███               ▏ 1.5 GB/8.1 GB  6.9 MB/s   16m7s[K[A[1Gpulling manifest [K
pulling 1b2b95e2f0eb:  18% ▕███               ▏ 1.5 GB/8.1 GB  6.9 MB/s   16m7s[K[A[1Gpulling manifest [K
pulling 1b2b95e2f0eb:  18% ▕███               ▏ 1.5 GB/8.1 GB  6.9 MB/s   16m7s[K[A[1Gpulling manifest [K
pulling 1b2b95e2f0eb:  18% ▕███               ▏ 1.5 GB/8.1 GB  6.9 MB/s   16m0s[K[A[1Gpulling manifest [K
pulling 1b2b95e2f0eb:  18% ▕███               ▏ 1.5 GB/8.1 GB  6.9 MB/s   16m0s[K[A[1Gpulling manifest [K
pulling 1b2b95e2f0eb:  18% ▕███               ▏ 1.5 GB/8.1 GB  6.9 MB/s  15m59s[K[A[1Gpulling manifest [K
pulling 1b2b95e2f0eb:  18% ▕███               ▏ 1.5 GB/8.1 GB  6.9 MB/s  15m59s[K[A[1Gpulling manifest [K
pulling 1b2b95e2f0eb:  18% ▕███               ▏ 1.5 GB/8.1 GB  6.9 MB/s  15m59s[K[A[1Gpulling manifest [K
pulling 1b2b95e2f0eb:  18% ▕███               ▏ 1.5 GB/8.1 GB  6.9 MB/s  15m59s[K[A[1Gpulling manifest [K
pulling 1b2b95e2f0eb:  18% ▕███               ▏ 1.5 GB/8.1 GB  6.9 MB/s  15m59s[K[A[1Gpulling manifest [K
pulling 1b2b95e2f0eb:  18% ▕███               ▏ 1.5 GB/8.1 GB  6.9 MB/s  15m59s[K[A[1Gpulling manifest [K
pulling 1b2b95e2f0eb:  18% ▕███               ▏ 1.5 GB/8.1 GB  6.9 MB/s  15m59s[K[A[1Gpulling manifest [K
pulling 1b2b95e2f0eb:  18% ▕███               ▏ 1.5 GB/8.1 GB  6.9 MB/s  15m59s[K[A[1Gpulling manifest [K
pulling 1b2b95e2f0eb:  18% ▕███               ▏ 1.5 GB/8.1 GB  6.9 MB/s   16m8s[K[A[1Gpulling manifest [K
pulling 1b2b95e2f0eb:  18% ▕███               ▏ 1.5 GB/8.1 GB  6.9 MB/s   16m8s[K[A[1Gpulling manifest [K
pulling 1b2b95e2f0eb:  18% ▕███               ▏ 1.5 GB/8.1 GB  6.9 MB/s   16m8s[K[A[1Gpulling manifest [K
pulling 1b2b95e2f0eb:  18% ▕███               ▏ 1.5 GB/8.1 GB  6.9 MB/s   16m8s[K[A[1Gpulling manifest [K
pulling 1b2b95e2f0eb:  18% ▕███               ▏ 1.5 GB/8.1 GB  6.9 MB/s   16m7s[K[A[1Gpulling manifest [K
pulling 1b2b95e2f0eb:  18% ▕███               ▏ 1.5 GB/8.1 GB  6.9 MB/s   16m7s[K[A[1Gpulling manifest [K
pulling 1b2b95e2f0eb:  18% ▕███               ▏ 1.5 GB/8.1 GB  6.9 MB/s   16m7s[K[A[1Gpulling manifest [K
pulling 1b2b95e2f0eb:  18% ▕███               ▏ 1.5 GB/8.1 GB  6.9 MB/s   16m7s[K[A[1Gpulling manifest [K
pulling 1b2b95e2f0eb:  18% ▕███               ▏ 1.5 GB/8.1 GB  6.9 MB/s   16m7s[K[A[1Gpulling manifest [K
pulling 1b2b95e2f0eb:  18% ▕███               ▏ 1.5 GB/8.1 GB  6.9 MB/s   16m7s[K[A[1Gpulling manifest [K
pulling 1b2b95e2f0eb:  18% ▕███               ▏ 1.5 GB/8.1 GB  6.9 MB/s  15m59s[K[A[1Gpulling manifest [K
pulling 1b2b95e2f0eb:  18% ▕███               ▏ 1.5 GB/8.1 GB  6.9 MB/s  15m59s[K[A[1Gpulling manifest [K
pulling 1b2b95e2f0eb:  18% ▕███               ▏ 1.5 GB/8.1 GB  6.9 MB/s  15m59s[K[A[1Gpulling manifest [K
pulling 1b2b95e2f0eb:  18% ▕███               ▏ 1.5 GB/8.1 GB  6.9 MB/s  15m59s[K[A[1Gpulling manifest [K
pulling 1b2b95e2f0eb:  18% ▕███               ▏ 1.5 GB/8.1 GB  6.9 MB/s  15m59s[K[A[1Gpulling manifest [K
pulling 1b2b95e2f0eb:  18% ▕███               ▏ 1.5 GB/8.1 GB  6.9 MB/s  15m59s[K[A[1Gpulling manifest [K
pulling 1b2b95e2f0eb:  18% ▕███               ▏ 1.5 GB/8.1 GB  6.9 MB/s  15m59s[K[A[1Gpulling manifest [K
pulling 1b2b95e2f0eb:  18% ▕███               ▏ 1.5 GB/8.1 GB  6.9 MB/s  15m58s[K[A[1Gpulling manifest [K
pulling 1b2b95e2f0eb:  18% ▕███               ▏ 1.5 GB/8.1 GB  6.9 MB/s  15m58s[K[A[1Gpulling manifest [K
pulling 1b2b95e2f0eb:  18% ▕███               ▏ 1.5 GB/8.1 GB  6.9 MB/s  15m58s[K[A[1Gpulling manifest [K
pulling 1b2b95e2f0eb:  18% ▕███               ▏ 1.5 GB/8.1 GB  6.9 MB/s  15m58s[K[A[1Gpulling manifest [K
pulling 1b2b95e2f0eb:  18% ▕███               ▏ 1.5 GB/8.1 GB  6.9 MB/s  15m58s[K[A[1Gpulling manifest [K
pulling 1b2b95e2f0eb:  18% ▕███               ▏ 1.5 GB/8.1 GB  6.9 MB/s  15m58s[K[A[1Gpulling manifest [K
pulling 1b2b95e2f0eb:  18% ▕███               ▏ 1.5 GB/8.1 GB  6.9 MB/s  15m58s[K[A[1Gpulling manifest [K
pulling 1b2b95e2f0eb:  18% ▕███               ▏ 1.5 GB/8.1 GB  6.9 MB/s  15m58s[K[A[1Gpulling manifest [K
pulling 1b2b95e2f0eb:  18% ▕███               ▏ 1.5 GB/8.1 GB  6.9 MB/s  15m58s[K[A[1Gpulling manifest [K
pulling 1b2b95e2f0eb:  18% ▕███               ▏ 1.5 GB/8.1 GB  6.9 MB/s  15m58s[K[A[1Gpulling manifest [K
pulling 1b2b95e2f0eb:  18% ▕███               ▏ 1.5 GB/8.1 GB  6.9 MB/s  15m58s[K[A[1Gpulling manifest [K
pulling 1b2b95e2f0eb:  18% ▕███               ▏ 1.5 GB/8.1 GB  6.9 MB/s  15m58s[K[A[1Gpulling manifest [K
pulling 1b2b95e2f0eb:  18% ▕███               ▏ 1.5 GB/8.1 GB  6.9 MB/s  15m58s[K[A[1Gpulling manifest [K
pulling 1b2b95e2f0eb:  18% ▕███               ▏ 1.5 GB/8.1 GB  6.9 MB/s  15m59s[K[A[1Gpulling manifest [K
pulling 1b2b95e2f0eb:  18% ▕███               ▏ 1.5 GB/8.1 GB  6.9 MB/s  15m59s[K[A[1Gpulling manifest [K
pulling 1b2b95e2f0eb:  18% ▕███               ▏ 1.5 GB/8.1 GB  6.9 MB/s  15m59s[K[A[1Gpulling manifest [K
pulling 1b2b95e2f0eb:  18% ▕███               ▏ 1.5 GB/8.1 GB  6.9 MB/s  15m58s[K[A[1Gpulling manifest [K
pulling 1b2b95e2f0eb:  18% ▕███               ▏ 1.5 GB/8.1 GB  6.9 MB/s  15m58s[K[A[1Gpulling manifest [K
pulling 1b2b95e2f0eb:  18% ▕███               ▏ 1.5 GB/8.1 GB  6.9 MB/s  15m58s[K[A[1Gpulling manifest [K
pulling 1b2b95e2f0eb:  18% ▕███               ▏ 1.5 GB/8.1 GB  6.9 MB/s  15m58s[K[A[1Gpulling manifest [K
pulling 1b2b95e2f0eb:  18% ▕███               ▏ 1.5 GB/8.1 GB  6.9 MB/s  15m58s[K[A[1Gpulling manifest [K
pulling 1b2b95e2f0eb:  18% ▕███               ▏ 1.5 GB/8.1 GB  6.9 MB/s  15m58s[K[A[1Gpulling manifest [K
pulling 1b2b95e2f0eb:  18% ▕███               ▏ 1.5 GB/8.1 GB  6.9 MB/s  15m58s[K[A[1Gpulling manifest [K
pulling 1b2b95e2f0eb:  18% ▕███               ▏ 1.5 GB/8.1 GB  6.9 MB/s  15m58s[K[A[1Gpulling manifest [K
pulling 1b2b95e2f0eb:  18% ▕███               ▏ 1.5 GB/8.1 GB  6.9 MB/s  15m59s[K[A[1Gpulling manifest [K
pulling 1b2b95e2f0eb:  18% ▕███               ▏ 1.5 GB/8.1 GB  6.9 MB/s  15m59s[K[A[1Gpulling manifest [K
pulling 1b2b95e2f0eb:  18% ▕███               ▏ 1.5 GB/8.1 GB  6.9 MB/s  15m59s[K[A[1Gpulling manifest [K
pulling 1b2b95e2f0eb:  19% ▕███               ▏ 1.5 GB/8.1 GB  6.9 MB/s  15m58s[K[A[1Gpulling manifest [K
pulling 1b2b95e2f0eb:  19% ▕███               ▏ 1.5 GB/8.1 GB  6.9 MB/s  15m58s[K[A[1Gpulling manifest [K
pulling 1b2b95e2f0eb:  19% ▕███               ▏ 1.5 GB/8.1 GB  6.9 MB/s  15m58s[K[A[1Gpulling manifest [K
pulling 1b2b95e2f0eb:  19% ▕███               ▏ 1.5 GB/8.1 GB  6.9 MB/s  15m58s[K[A[1Gpulling manifest [K
pulling 1b2b95e2f0eb:  19% ▕███               ▏ 1.5 GB/8.1 GB  6.9 MB/s  15m58s[K[A[1Gpulling manifest [K
pulling 1b2b95e2f0eb:  19% ▕███               ▏ 1.5 GB/8.1 GB  6.9 MB/s  15m58s[K[A[1Gpulling manifest [K
pulling 1b2b95e2f0eb:  19% ▕███               ▏ 1.5 GB/8.1 GB  6.9 MB/s  15m58s[K[A[1Gpulling manifest [K
pulling 1b2b95e2f0eb:  19% ▕███               ▏ 1.5 GB/8.1 GB  6.9 MB/s  15m53s[K[A[1Gpulling manifest [K
pulling 1b2b95e2f0eb:  19% ▕███               ▏ 1.5 GB/8.1 GB  6.9 MB/s  15m53s[K[A[1Gpulling manifest [K
pulling 1b2b95e2f0eb:  19% ▕███               ▏ 1.5 GB/8.1 GB  6.9 MB/s  15m53s[K[A[1Gpulling manifest [K
pulling 1b2b95e2f0eb:  19% ▕███               ▏ 1.5 GB/8.1 GB  6.9 MB/s  15m53s[K[A[1Gpulling manifest [K
pulling 1b2b95e2f0eb:  19% ▕███               ▏ 1.5 GB/8.1 GB  6.9 MB/s  15m53s[K[A[1Gpulling manifest [K
pulling 1b2b95e2f0eb:  19% ▕███               ▏ 1.5 GB/8.1 GB  6.9 MB/s  15m53s[K[A[1Gpulling manifest [K
pulling 1b2b95e2f0eb:  19% ▕███               ▏ 1.5 GB/8.1 GB  6.9 MB/s  15m53s[K[A[1Gpulling manifest [K
pulling 1b2b95e2f0eb:  19% ▕███               ▏ 1.5 GB/8.1 GB  6.9 MB/s  15m53s[K[A[1Gpulling manifest [K
pulling 1b2b95e2f0eb:  19% ▕███               ▏ 1.5 GB/8.1 GB  6.9 MB/s  15m52s[K[A[1Gpulling manifest [K
pulling 1b2b95e2f0eb:  19% ▕███               ▏ 1.5 GB/8.1 GB  6.9 MB/s  15m52s[K[A[1Gpulling manifest [K
pulling 1b2b95e2f0eb:  19% ▕███               ▏ 1.5 GB/8.1 GB  6.9 MB/s  15m49s[K[A[1Gpulling manifest [K
pulling 1b2b95e2f0eb:  19% ▕███               ▏ 1.5 GB/8.1 GB  6.9 MB/s  15m49s[K[A[1Gpulling manifest [K
pulling 1b2b95e2f0eb:  19% ▕███               ▏ 1.5 GB/8.1 GB  6.9 MB/s  15m49s[K[A[1Gpulling manifest [K
pulling 1b2b95e2f0eb:  19% ▕███               ▏ 1.5 GB/8.1 GB  6.9 MB/s  15m49s[K[A[1Gpulling manifest [K
pulling 1b2b95e2f0eb:  19% ▕███               ▏ 1.5 GB/8.1 GB  6.9 MB/s  15m49s[K[A[1Gpulling manifest [K
pulling 1b2b95e2f0eb:  19% ▕███               ▏ 1.5 GB/8.1 GB  6.9 MB/s  15m49s[K[A[1Gpulling manifest [K
pulling 1b2b95e2f0eb:  19% ▕███               ▏ 1.5 GB/8.1 GB  6.9 MB/s  15m49s[K[A[1Gpulling manifest [K
pulling 1b2b95e2f0eb:  19% ▕███               ▏ 1.5 GB/8.1 GB  6.9 MB/s  15m49s[K[A[1Gpulling manifest [K
pulling 1b2b95e2f0eb:  19% ▕███               ▏ 1.5 GB/8.1 GB  6.9 MB/s  15m49s[K[A[1Gpulling manifest [K
pulling 1b2b95e2f0eb:  19% ▕███               ▏ 1.5 GB/8.1 GB  6.9 MB/s  15m49s[K[A[1Gpulling manifest [K
pulling 1b2b95e2f0eb:  19% ▕███               ▏ 1.5 GB/8.1 GB  7.0 MB/s  15m47s[K[A[1Gpulling manifest [K
pulling 1b2b95e2f0eb:  19% ▕███               ▏ 1.5 GB/8.1 GB  7.0 MB/s  15m46s[K[A[1Gpulling manifest [K
pulling 1b2b95e2f0eb:  19% ▕███               ▏ 1.5 GB/8.1 GB  7.0 MB/s  15m46s[K[A[1Gpulling manifest [K
pulling 1b2b95e2f0eb:  19% ▕███               ▏ 1.5 GB/8.1 GB  7.0 MB/s  15m46s[K[A[1Gpulling manifest [K
pulling 1b2b95e2f0eb:  19% ▕███               ▏ 1.5 GB/8.1 GB  7.0 MB/s  15m46s[K[A[1Gpulling manifest [K
pulling 1b2b95e2f0eb:  19% ▕███               ▏ 1.5 GB/8.1 GB  7.0 MB/s  15m46s[K[A[1Gpulling manifest [K
pulling 1b2b95e2f0eb:  19% ▕███               ▏ 1.5 GB/8.1 GB  7.0 MB/s  15m46s[K[A[1Gpulling manifest [K
pulling 1b2b95e2f0eb:  19% ▕███               ▏ 1.5 GB/8.1 GB  7.0 MB/s  15m46s[K[A[1Gpulling manifest [K
pulling 1b2b95e2f0eb:  19% ▕███               ▏ 1.5 GB/8.1 GB  7.0 MB/s  15m46s[K[A[1Gpulling manifest [K
pulling 1b2b95e2f0eb:  19% ▕███               ▏ 1.5 GB/8.1 GB  7.0 MB/s  15m46s[K[A[1Gpulling manifest [K
pulling 1b2b95e2f0eb:  19% ▕███               ▏ 1.5 GB/8.1 GB  6.9 MB/s  15m53s[K[A[1Gpulling manifest [K
pulling 1b2b95e2f0eb:  19% ▕███               ▏ 1.5 GB/8.1 GB  6.9 MB/s  15m53s[K[A[1Gpulling manifest [K
pulling 1b2b95e2f0eb:  19% ▕███               ▏ 1.5 GB/8.1 GB  6.9 MB/s  15m53s[K[A[1Gpulling manifest [K
pulling 1b2b95e2f0eb:  19% ▕███               ▏ 1.5 GB/8.1 GB  6.9 MB/s  15m53s[K[A[1Gpulling manifest [K
pulling 1b2b95e2f0eb:  19% ▕███               ▏ 1.5 GB/8.1 GB  6.9 MB/s  15m53s[K[A[1Gpulling manifest [K
pulling 1b2b95e2f0eb:  19% ▕███               ▏ 1.5 GB/8.1 GB  6.9 MB/s  15m53s[K[A[1Gpulling manifest [K
pulling 1b2b95e2f0eb:  19% ▕███               ▏ 1.5 GB/8.1 GB  6.9 MB/s  15m53s[K[A[1Gpulling manifest [K
pulling 1b2b95e2f0eb:  19% ▕███               ▏ 1.5 GB/8.1 GB  6.9 MB/s  15m53s[K[A[1Gpulling manifest [K
pulling 1b2b95e2f0eb:  19% ▕███               ▏ 1.5 GB/8.1 GB  6.9 MB/s  15m52s[K[A[1Gpulling manifest [K
pulling 1b2b95e2f0eb:  19% ▕███               ▏ 1.5 GB/8.1 GB  6.9 MB/s  15m52s[K[A[1Gpulling manifest [K
pulling 1b2b95e2f0eb:  19% ▕███               ▏ 1.5 GB/8.1 GB  6.9 MB/s  15m52s[K[A[1Gpulling manifest [K
pulling 1b2b95e2f0eb:  19% ▕███               ▏ 1.5 GB/8.1 GB  6.9 MB/s  15m46s[K[A[1Gpulling manifest [K
pulling 1b2b95e2f0eb:  19% ▕███               ▏ 1.5 GB/8.1 GB  6.9 MB/s  15m46s[K[A[1Gpulling manifest [K
pulling 1b2b95e2f0eb:  19% ▕███               ▏ 1.5 GB/8.1 GB  6.9 MB/s  15m46s[K[A[1Gpulling manifest [K
pulling 1b2b95e2f0eb:  19% ▕███               ▏ 1.5 GB/8.1 GB  6.9 MB/s  15m46s[K[A[1Gpulling manifest [K
pulling 1b2b95e2f0eb:  19% ▕███               ▏ 1.5 GB/8.1 GB  6.9 MB/s  15m46s[K[A[1Gpulling manifest [K
pulling 1b2b95e2f0eb:  19% ▕███               ▏ 1.5 GB/8.1 GB  6.9 MB/s  15m45s[K[A[1Gpulling manifest [K
pulling 1b2b95e2f0eb:  19% ▕███               ▏ 1.5 GB/8.1 GB  6.9 MB/s  15m45s[K[A[1Gpulling manifest [K
pulling 1b2b95e2f0eb:  19% ▕███               ▏ 1.5 GB/8.1 GB  6.9 MB/s  15m45s[K[A[1Gpulling manifest [K
pulling 1b2b95e2f0eb:  19% ▕███               ▏ 1.5 GB/8.1 GB  6.9 MB/s  15m45s[K[A[1Gpulling manifest [K
pulling 1b2b95e2f0eb:  19% ▕███               ▏ 1.5 GB/8.1 GB  6.9 MB/s  15m45s[K[A[1Gpulling manifest [K
pulling 1b2b95e2f0eb:  19% ▕███               ▏ 1.5 GB/8.1 GB  6.9 MB/s  15m54s[K[A[1Gpulling manifest [K
pulling 1b2b95e2f0eb:  19% ▕███               ▏ 1.5 GB/8.1 GB  6.9 MB/s  15m54s[K[A[1Gpulling manifest [K
pulling 1b2b95e2f0eb:  19% ▕███               ▏ 1.5 GB/8.1 GB  6.9 MB/s  15m54s[K[A[1Gpulling manifest [K
pulling 1b2b95e2f0eb:  19% ▕███               ▏ 1.5 GB/8.1 GB  6.9 MB/s  15m54s[K[A[1Gpulling manifest [K
pulling 1b2b95e2f0eb:  19% ▕███               ▏ 1.5 GB/8.1 GB  6.9 MB/s  15m54s[K[A[1Gpulling manifest [K
pulling 1b2b95e2f0eb:  19% ▕███               ▏ 1.5 GB/8.1 GB  6.9 MB/s  15m53s[K[A[1Gpulling manifest [K
pulling 1b2b95e2f0eb:  19% ▕███               ▏ 1.5 GB/8.1 GB  6.9 MB/s  15m53s[K[A[1Gpulling manifest [K
pulling 1b2b95e2f0eb:  19% ▕███               ▏ 1.5 GB/8.1 GB  6.9 MB/s  15m53s[K[A[1Gpulling manifest [K
pulling 1b2b95e2f0eb:  19% ▕███               ▏ 1.5 GB/8.1 GB  6.9 MB/s  15m53s[K[A[1Gpulling manifest [K
pulling 1b2b95e2f0eb:  19% ▕███               ▏ 1.5 GB/8.1 GB  6.9 MB/s  15m53s[K[A[1Gpulling manifest [K
pulling 1b2b95e2f0eb:  19% ▕███               ▏ 1.5 GB/8.1 GB  6.9 MB/s  15m53s[K[A[1Gpulling manifest [K
pulling 1b2b95e2f0eb:  19% ▕███               ▏ 1.5 GB/8.1 GB  6.9 MB/s  15m53s[K[A[1Gpulling manifest [K
pulling 1b2b95e2f0eb:  19% ▕███               ▏ 1.5 GB/8.1 GB  6.9 MB/s  15m53s[K[A[1Gpulling manifest [K
pulling 1b2b95e2f0eb:  19% ▕███               ▏ 1.5 GB/8.1 GB  6.9 MB/s  15m52s[K[A[1Gpulling manifest [K
pulling 1b2b95e2f0eb:  19% ▕███               ▏ 1.5 GB/8.1 GB  6.9 MB/s  15m52s[K[A[1Gpulling manifest [K
pulling 1b2b95e2f0eb:  19% ▕███               ▏ 1.5 GB/8.1 GB  6.9 MB/s  15m52s[K[A[1Gpulling manifest [K
pulling 1b2b95e2f0eb:  19% ▕███               ▏ 1.6 GB/8.1 GB  6.9 MB/s  15m52s[K[A[1Gpulling manifest [K
pulling 1b2b95e2f0eb:  19% ▕███               ▏ 1.6 GB/8.1 GB  6.9 MB/s  15m52s[K[A[1Gpulling manifest [K
pulling 1b2b95e2f0eb:  19% ▕███               ▏ 1.6 GB/8.1 GB  6.9 MB/s  15m52s[K[A[1Gpulling manifest [K
pulling 1b2b95e2f0eb:  19% ▕███               ▏ 1.6 GB/8.1 GB  6.9 MB/s  15m52s[K[A[1Gpulling manifest [K
pulling 1b2b95e2f0eb:  19% ▕███               ▏ 1.6 GB/8.1 GB  6.9 MB/s  15m46s[K[A[1Gpulling manifest [K
pulling 1b2b95e2f0eb:  19% ▕███               ▏ 1.6 GB/8.1 GB  6.9 MB/s  15m46s[K[A[1Gpulling manifest [K
pulling 1b2b95e2f0eb:  19% ▕███               ▏ 1.6 GB/8.1 GB  6.9 MB/s  15m46s[K[A[1Gpulling manifest [K
pulling 1b2b95e2f0eb:  19% ▕███               ▏ 1.6 GB/8.1 GB  6.9 MB/s  15m46s[K[A[1Gpulling manifest [K
pulling 1b2b95e2f0eb:  19% ▕███               ▏ 1.6 GB/8.1 GB  6.9 MB/s  15m45s[K[A[1Gpulling manifest [K
pulling 1b2b95e2f0eb:  19% ▕███               ▏ 1.6 GB/8.1 GB  6.9 MB/s  15m45s[K[A[1Gpulling manifest [K
pulling 1b2b95e2f0eb:  19% ▕███               ▏ 1.6 GB/8.1 GB  6.9 MB/s  15m45s[K[A[1Gpulling manifest [K
pulling 1b2b95e2f0eb:  19% ▕███               ▏ 1.6 GB/8.1 GB  6.9 MB/s  15m45s[K[A[1Gpulling manifest [K
pulling 1b2b95e2f0eb:  19% ▕███               ▏ 1.6 GB/8.1 GB  6.9 MB/s  15m45s[K[A[1Gpulling manifest [K
pulling 1b2b95e2f0eb:  19% ▕███               ▏ 1.6 GB/8.1 GB  6.9 MB/s  15m45s[K[A[1Gpulling manifest [K
pulling 1b2b95e2f0eb:  19% ▕███               ▏ 1.6 GB/8.1 GB  6.9 MB/s  15m47s[K[A[1Gpulling manifest [K
pulling 1b2b95e2f0eb:  19% ▕███               ▏ 1.6 GB/8.1 GB  6.9 MB/s  15m47s[K[A[1Gpulling manifest [K
pulling 1b2b95e2f0eb:  19% ▕███               ▏ 1.6 GB/8.1 GB  6.9 MB/s  15m47s[K[A[1Gpulling manifest [K
pulling 1b2b95e2f0eb:  19% ▕███               ▏ 1.6 GB/8.1 GB  6.9 MB/s  15m47s[K[A[1Gpulling manifest [K
pulling 1b2b95e2f0eb:  19% ▕███               ▏ 1.6 GB/8.1 GB  6.9 MB/s  15m47s[K[A[1Gpulling manifest [K
pulling 1b2b95e2f0eb:  19% ▕███               ▏ 1.6 GB/8.1 GB  6.9 MB/s  15m47s[K[A[1Gpulling manifest [K
pulling 1b2b95e2f0eb:  19% ▕███               ▏ 1.6 GB/8.1 GB  6.9 MB/s  15m47s[K[A[1Gpulling manifest [K
pulling 1b2b95e2f0eb:  19% ▕███               ▏ 1.6 GB/8.1 GB  6.9 MB/s  15m47s[K[A[1Gpulling manifest [K
pulling 1b2b95e2f0eb:  19% ▕███               ▏ 1.6 GB/8.1 GB  6.9 MB/s  15m47s[K[A[1Gpulling manifest [K
pulling 1b2b95e2f0eb:  19% ▕███               ▏ 1.6 GB/8.1 GB  6.9 MB/s  15m47s[K[A[1Gpulling manifest [K
pulling 1b2b95e2f0eb:  19% ▕███               ▏ 1.6 GB/8.1 GB  6.9 MB/s  15m47s[K[A[1Gpulling manifest [K
pulling 1b2b95e2f0eb:  19% ▕███               ▏ 1.6 GB/8.1 GB  6.9 MB/s  15m49s[K[A[1Gpulling manifest [K
pulling 1b2b95e2f0eb:  19% ▕███               ▏ 1.6 GB/8.1 GB  6.9 MB/s  15m48s[K[A[1Gpulling manifest [K
pulling 1b2b95e2f0eb:  19% ▕███               ▏ 1.6 GB/8.1 GB  6.9 MB/s  15m48s[K[A[1Gpulling manifest [K
pulling 1b2b95e2f0eb:  19% ▕███               ▏ 1.6 GB/8.1 GB  6.9 MB/s  15m48s[K[A[1Gpulling manifest [K
pulling 1b2b95e2f0eb:  19% ▕███               ▏ 1.6 GB/8.1 GB  6.9 MB/s  15m48s[K[A[1Gpulling manifest [K
pulling 1b2b95e2f0eb:  19% ▕███               ▏ 1.6 GB/8.1 GB  6.9 MB/s  15m48s[K[A[1Gpulling manifest [K
pulling 1b2b95e2f0eb:  19% ▕███               ▏ 1.6 GB/8.1 GB  6.9 MB/s  15m48s[K[A[1Gpulling manifest [K
pulling 1b2b95e2f0eb:  19% ▕███               ▏ 1.6 GB/8.1 GB  6.9 MB/s  15m48s[K[A[1Gpulling manifest [K
pulling 1b2b95e2f0eb:  19% ▕███               ▏ 1.6 GB/8.1 GB  6.9 MB/s  15m48s[K[A[1Gpulling manifest [K
pulling 1b2b95e2f0eb:  19% ▕███               ▏ 1.6 GB/8.1 GB  6.9 MB/s  15m48s[K[A[1Gpulling manifest [K
pulling 1b2b95e2f0eb:  19% ▕███               ▏ 1.6 GB/8.1 GB  6.9 MB/s  15m49s[K[A[1Gpulling manifest [K
pulling 1b2b95e2f0eb:  19% ▕███               ▏ 1.6 GB/8.1 GB  6.9 MB/s  15m49s[K[A[1Gpulling manifest [K
pulling 1b2b95e2f0eb:  19% ▕███               ▏ 1.6 GB/8.1 GB  6.9 MB/s  15m49s[K[A[1Gpulling manifest [K
pulling 1b2b95e2f0eb:  19% ▕███               ▏ 1.6 GB/8.1 GB  6.9 MB/s  15m48s[K[A[1Gpulling manifest [K
pulling 1b2b95e2f0eb:  19% ▕███               ▏ 1.6 GB/8.1 GB  6.9 MB/s  15m48s[K[A[1Gpulling manifest [K
pulling 1b2b95e2f0eb:  19% ▕███               ▏ 1.6 GB/8.1 GB  6.9 MB/s  15m48s[K[A[1Gpulling manifest [K
pulling 1b2b95e2f0eb:  19% ▕███               ▏ 1.6 GB/8.1 GB  6.9 MB/s  15m48s[K[A[1Gpulling manifest [K
pulling 1b2b95e2f0eb:  19% ▕███               ▏ 1.6 GB/8.1 GB  6.9 MB/s  15m48s[K[A[1Gpulling manifest [K
pulling 1b2b95e2f0eb:  19% ▕███               ▏ 1.6 GB/8.1 GB  6.9 MB/s  15m48s[K[A[1Gpulling manifest [K
pulling 1b2b95e2f0eb:  19% ▕███               ▏ 1.6 GB/8.1 GB  6.9 MB/s  15m48s[K[A[1Gpulling manifest [K
pulling 1b2b95e2f0eb:  19% ▕███               ▏ 1.6 GB/8.1 GB  6.9 MB/s  15m52s[K[A[1Gpulling manifest [K
pulling 1b2b95e2f0eb:  19% ▕███               ▏ 1.6 GB/8.1 GB  6.9 MB/s  15m52s[K[A[1Gpulling manifest [K
pulling 1b2b95e2f0eb:  20% ▕███               ▏ 1.6 GB/8.1 GB  6.9 MB/s  15m52s[K[A[1Gpulling manifest [K
pulling 1b2b95e2f0eb:  20% ▕███               ▏ 1.6 GB/8.1 GB  6.9 MB/s  15m51s[K[A[1Gpulling manifest [K
pulling 1b2b95e2f0eb:  20% ▕███               ▏ 1.6 GB/8.1 GB  6.9 MB/s  15m51s[K[A[1Gpulling manifest [K
pulling 1b2b95e2f0eb:  20% ▕███               ▏ 1.6 GB/8.1 GB  6.9 MB/s  15m51s[K[A[1Gpulling manifest [K
pulling 1b2b95e2f0eb:  20% ▕███               ▏ 1.6 GB/8.1 GB  6.9 MB/s  15m51s[K[A[1Gpulling manifest [K
pulling 1b2b95e2f0eb:  20% ▕███               ▏ 1.6 GB/8.1 GB  6.9 MB/s  15m51s[K[A[1Gpulling manifest [K
pulling 1b2b95e2f0eb:  20% ▕███               ▏ 1.6 GB/8.1 GB  6.9 MB/s  15m51s[K[A[1Gpulling manifest [K
pulling 1b2b95e2f0eb:  20% ▕███               ▏ 1.6 GB/8.1 GB  6.9 MB/s  15m51s[K[A[1Gpulling manifest [K
pulling 1b2b95e2f0eb:  20% ▕███               ▏ 1.6 GB/8.1 GB  6.8 MB/s  15m57s[K[A[1Gpulling manifest [K
pulling 1b2b95e2f0eb:  20% ▕███               ▏ 1.6 GB/8.1 GB  6.8 MB/s  15m57s[K[A[1Gpulling manifest [K
pulling 1b2b95e2f0eb:  20% ▕███               ▏ 1.6 GB/8.1 GB  6.8 MB/s  15m57s[K[A[1Gpulling manifest [K
pulling 1b2b95e2f0eb:  20% ▕███               ▏ 1.6 GB/8.1 GB  6.8 MB/s  15m57s[K[A[1Gpulling manifest [K
pulling 1b2b95e2f0eb:  20% ▕███               ▏ 1.6 GB/8.1 GB  6.8 MB/s  15m57s[K[A[1Gpulling manifest [K
pulling 1b2b95e2f0eb:  20% ▕███               ▏ 1.6 GB/8.1 GB  6.8 MB/s  15m57s[K[A[1Gpulling manifest [K
pulling 1b2b95e2f0eb:  20% ▕███               ▏ 1.6 GB/8.1 GB  6.8 MB/s  15m57s[K[A[1Gpulling manifest [K
pulling 1b2b95e2f0eb:  20% ▕███               ▏ 1.6 GB/8.1 GB  6.8 MB/s  15m57s[K[A[1Gpulling manifest [K
pulling 1b2b95e2f0eb:  20% ▕███               ▏ 1.6 GB/8.1 GB  6.8 MB/s  15m57s[K[A[1Gpulling manifest [K
pulling 1b2b95e2f0eb:  20% ▕███               ▏ 1.6 GB/8.1 GB  6.8 MB/s  15m56s[K[A[1Gpulling manifest [K
pulling 1b2b95e2f0eb:  20% ▕███               ▏ 1.6 GB/8.1 GB  6.8 MB/s  15m59s[K[A[1Gpulling manifest [K
pulling 1b2b95e2f0eb:  20% ▕███               ▏ 1.6 GB/8.1 GB  6.8 MB/s  15m59s[K[A[1Gpulling manifest [K
pulling 1b2b95e2f0eb:  20% ▕███               ▏ 1.6 GB/8.1 GB  6.8 MB/s  15m59s[K[A[1Gpulling manifest [K
pulling 1b2b95e2f0eb:  20% ▕███               ▏ 1.6 GB/8.1 GB  6.8 MB/s  15m58s[K[A[1Gpulling manifest [K
pulling 1b2b95e2f0eb:  20% ▕███               ▏ 1.6 GB/8.1 GB  6.8 MB/s  15m58s[K[A[1Gpulling manifest [K
pulling 1b2b95e2f0eb:  20% ▕███               ▏ 1.6 GB/8.1 GB  6.8 MB/s  15m58s[K[A[1Gpulling manifest [K
pulling 1b2b95e2f0eb:  20% ▕███               ▏ 1.6 GB/8.1 GB  6.8 MB/s  15m58s[K[A[1Gpulling manifest [K
pulling 1b2b95e2f0eb:  20% ▕███               ▏ 1.6 GB/8.1 GB  6.8 MB/s  15m58s[K[A[1Gpulling manifest [K
pulling 1b2b95e2f0eb:  20% ▕███               ▏ 1.6 GB/8.1 GB  6.8 MB/s  15m58s[K[A[1Gpulling manifest [K
pulling 1b2b95e2f0eb:  20% ▕███               ▏ 1.6 GB/8.1 GB  6.8 MB/s  15m58s[K[A[1Gpulling manifest [K
pulling 1b2b95e2f0eb:  20% ▕███               ▏ 1.6 GB/8.1 GB  6.8 MB/s  15m58s[K[A[1Gpulling manifest [K
pulling 1b2b95e2f0eb:  20% ▕███               ▏ 1.6 GB/8.1 GB  6.8 MB/s  15m55s[K[A[1Gpulling manifest [K
pulling 1b2b95e2f0eb:  20% ▕███               ▏ 1.6 GB/8.1 GB  6.8 MB/s  15m55s[K[A[1Gpulling manifest [K
pulling 1b2b95e2f0eb:  20% ▕███               ▏ 1.6 GB/8.1 GB  6.8 MB/s  15m55s[K[A[1Gpulling manifest [K
pulling 1b2b95e2f0eb:  20% ▕███               ▏ 1.6 GB/8.1 GB  6.8 MB/s  15m55s[K[A[1Gpulling manifest [K
pulling 1b2b95e2f0eb:  20% ▕███               ▏ 1.6 GB/8.1 GB  6.8 MB/s  15m55s[K[A[1Gpulling manifest [K
pulling 1b2b95e2f0eb:  20% ▕███               ▏ 1.6 GB/8.1 GB  6.8 MB/s  15m55s[K[A[1Gpulling manifest [K
pulling 1b2b95e2f0eb:  20% ▕███               ▏ 1.6 GB/8.1 GB  6.8 MB/s  15m55s[K[A[1Gpulling manifest [K
pulling 1b2b95e2f0eb:  20% ▕███               ▏ 1.6 GB/8.1 GB  6.8 MB/s  15m55s[K[A[1Gpulling manifest [K
pulling 1b2b95e2f0eb:  20% ▕███               ▏ 1.6 GB/8.1 GB  6.8 MB/s  15m55s[K[A[1Gpulling manifest [K
pulling 1b2b95e2f0eb:  20% ▕███               ▏ 1.6 GB/8.1 GB  6.8 MB/s  15m54s[K[A[1Gpulling manifest [K
pulling 1b2b95e2f0eb:  20% ▕███               ▏ 1.6 GB/8.1 GB  6.8 MB/s  15m53s[K[A[1Gpulling manifest [K
pulling 1b2b95e2f0eb:  20% ▕███               ▏ 1.6 GB/8.1 GB  6.8 MB/s  15m53s[K[A[1Gpulling manifest [K
pulling 1b2b95e2f0eb:  20% ▕███               ▏ 1.6 GB/8.1 GB  6.8 MB/s  15m53s[K[A[1Gpulling manifest [K
pulling 1b2b95e2f0eb:  20% ▕███               ▏ 1.6 GB/8.1 GB  6.8 MB/s  15m53s[K[A[1Gpulling manifest [K
pulling 1b2b95e2f0eb:  20% ▕███               ▏ 1.6 GB/8.1 GB  6.8 MB/s  15m53s[K[A[1Gpulling manifest [K
pulling 1b2b95e2f0eb:  20% ▕███               ▏ 1.6 GB/8.1 GB  6.8 MB/s  15m53s[K[A[1Gpulling manifest [K
pulling 1b2b95e2f0eb:  20% ▕███               ▏ 1.6 GB/8.1 GB  6.8 MB/s  15m53s[K[A[1Gpulling manifest [K
pulling 1b2b95e2f0eb:  20% ▕███               ▏ 1.6 GB/8.1 GB  6.8 MB/s  15m52s[K[A[1Gpulling manifest [K
pulling 1b2b95e2f0eb:  20% ▕███               ▏ 1.6 GB/8.1 GB  6.8 MB/s  15m52s[K[A[1Gpulling manifest [K
pulling 1b2b95e2f0eb:  20% ▕███               ▏ 1.6 GB/8.1 GB  6.8 MB/s  15m52s[K[A[1Gpulling manifest [K
pulling 1b2b95e2f0eb:  20% ▕███               ▏ 1.6 GB/8.1 GB  6.8 MB/s  15m58s[K[A[1Gpulling manifest [K
pulling 1b2b95e2f0eb:  20% ▕███               ▏ 1.6 GB/8.1 GB  6.8 MB/s  15m58s[K[A[1Gpulling manifest [K
pulling 1b2b95e2f0eb:  20% ▕███               ▏ 1.6 GB/8.1 GB  6.8 MB/s  15m58s[K[A[1Gpulling manifest [K
pulling 1b2b95e2f0eb:  20% ▕███               ▏ 1.6 GB/8.1 GB  6.8 MB/s  15m58s[K[A[1Gpulling manifest [K
pulling 1b2b95e2f0eb:  20% ▕███               ▏ 1.6 GB/8.1 GB  6.8 MB/s  15m57s[K[A[1Gpulling manifest [K
pulling 1b2b95e2f0eb:  20% ▕███               ▏ 1.6 GB/8.1 GB  6.8 MB/s  15m57s[K[A[1Gpulling manifest [K
pulling 1b2b95e2f0eb:  20% ▕███               ▏ 1.6 GB/8.1 GB  6.8 MB/s  15m57s[K[A[1Gpulling manifest [K
pulling 1b2b95e2f0eb:  20% ▕███               ▏ 1.6 GB/8.1 GB  6.8 MB/s  15m57s[K[A[1Gpulling manifest [K
pulling 1b2b95e2f0eb:  20% ▕███               ▏ 1.6 GB/8.1 GB  6.8 MB/s  15m57s[K[A[1Gpulling manifest [K
pulling 1b2b95e2f0eb:  20% ▕███               ▏ 1.6 GB/8.1 GB  6.8 MB/s  15m57s[K[A[1Gpulling manifest [K
pulling 1b2b95e2f0eb:  20% ▕███               ▏ 1.6 GB/8.1 GB  6.8 MB/s  15m59s[K[A[1Gpulling manifest [K
pulling 1b2b95e2f0eb:  20% ▕███               ▏ 1.6 GB/8.1 GB  6.8 MB/s  15m59s[K[A[1Gpulling manifest [K
pulling 1b2b95e2f0eb:  20% ▕███               ▏ 1.6 GB/8.1 GB  6.8 MB/s  15m59s[K[A[1Gpulling manifest [K
pulling 1b2b95e2f0eb:  20% ▕███               ▏ 1.6 GB/8.1 GB  6.8 MB/s  15m59s[K[A[1Gpulling manifest [K
pulling 1b2b95e2f0eb:  20% ▕███               ▏ 1.6 GB/8.1 GB  6.8 MB/s  15m59s[K[A[1Gpulling manifest [K
pulling 1b2b95e2f0eb:  20% ▕███               ▏ 1.6 GB/8.1 GB  6.8 MB/s  15m59s[K[A[1Gpulling manifest [K
pulling 1b2b95e2f0eb:  20% ▕███               ▏ 1.6 GB/8.1 GB  6.8 MB/s  15m59s[K[A[1Gpulling manifest [K
pulling 1b2b95e2f0eb:  20% ▕███               ▏ 1.6 GB/8.1 GB  6.8 MB/s  15m59s[K[A[1Gpulling manifest [K
pulling 1b2b95e2f0eb:  20% ▕███               ▏ 1.6 GB/8.1 GB  6.8 MB/s  15m59s[K[A[1Gpulling manifest [K
pulling 1b2b95e2f0eb:  20% ▕███               ▏ 1.6 GB/8.1 GB  6.8 MB/s  15m59s[K[A[1Gpulling manifest [K
pulling 1b2b95e2f0eb:  20% ▕███               ▏ 1.6 GB/8.1 GB  6.8 MB/s  15m52s[K[A[1Gpulling manifest [K
pulling 1b2b95e2f0eb:  20% ▕███               ▏ 1.6 GB/8.1 GB  6.8 MB/s  15m52s[K[A[1Gpulling manifest [K
pulling 1b2b95e2f0eb:  20% ▕███               ▏ 1.6 GB/8.1 GB  6.8 MB/s  15m52s[K[A[1Gpulling manifest [K
pulling 1b2b95e2f0eb:  20% ▕███               ▏ 1.6 GB/8.1 GB  6.8 MB/s  15m52s[K[A[1Gpulling manifest [K
pulling 1b2b95e2f0eb:  20% ▕███               ▏ 1.6 GB/8.1 GB  6.8 MB/s  15m52s[K[A[1Gpulling manifest [K
pulling 1b2b95e2f0eb:  20% ▕███               ▏ 1.6 GB/8.1 GB  6.8 MB/s  15m52s[K[A[1Gpulling manifest [K
pulling 1b2b95e2f0eb:  20% ▕███               ▏ 1.6 GB/8.1 GB  6.8 MB/s  15m52s[K[A[1Gpulling manifest [K
pulling 1b2b95e2f0eb:  20% ▕███               ▏ 1.6 GB/8.1 GB  6.8 MB/s  15m52s[K[A[1Gpulling manifest [K
pulling 1b2b95e2f0eb:  20% ▕███               ▏ 1.6 GB/8.1 GB  6.8 MB/s  15m52s[K[A[1Gpulling manifest [K
pulling 1b2b95e2f0eb:  20% ▕███               ▏ 1.6 GB/8.1 GB  6.8 MB/s  15m51s[K[A[1Gpulling manifest [K
pulling 1b2b95e2f0eb:  20% ▕███               ▏ 1.6 GB/8.1 GB  6.8 MB/s  15m51s[K[A[1Gpulling manifest [K
pulling 1b2b95e2f0eb:  20% ▕███               ▏ 1.6 GB/8.1 GB  6.8 MB/s  15m51s[K[A[1Gpulling manifest [K
pulling 1b2b95e2f0eb:  20% ▕███               ▏ 1.6 GB/8.1 GB  6.8 MB/s  15m51s[K[A[1Gpulling manifest [K
pulling 1b2b95e2f0eb:  20% ▕███               ▏ 1.6 GB/8.1 GB  6.8 MB/s  15m51s[K[A[1Gpulling manifest [K
pulling 1b2b95e2f0eb:  20% ▕███               ▏ 1.6 GB/8.1 GB  6.8 MB/s  15m51s[K[A[1Gpulling manifest [K
pulling 1b2b95e2f0eb:  20% ▕███               ▏ 1.6 GB/8.1 GB  6.8 MB/s  15m51s[K[A[1Gpulling manifest [K
pulling 1b2b95e2f0eb:  20% ▕███               ▏ 1.6 GB/8.1 GB  6.8 MB/s  15m51s[K[A[1Gpulling manifest [K
pulling 1b2b95e2f0eb:  20% ▕███               ▏ 1.6 GB/8.1 GB  6.8 MB/s  15m51s[K[A[1Gpulling manifest [K
pulling 1b2b95e2f0eb:  20% ▕███               ▏ 1.6 GB/8.1 GB  6.8 MB/s  15m50s[K[A[1Gpulling manifest [K
pulling 1b2b95e2f0eb:  20% ▕███               ▏ 1.6 GB/8.1 GB  6.8 MB/s  15m50s[K[A[1Gpulling manifest [K
pulling 1b2b95e2f0eb:  20% ▕███               ▏ 1.6 GB/8.1 GB  6.8 MB/s  15m50s[K[A[1Gpulling manifest [K
pulling 1b2b95e2f0eb:  20% ▕███               ▏ 1.6 GB/8.1 GB  6.8 MB/s  15m47s[K[A[1Gpulling manifest [K
pulling 1b2b95e2f0eb:  20% ▕███               ▏ 1.6 GB/8.1 GB  6.8 MB/s  15m47s[K[A[1Gpulling manifest [K
pulling 1b2b95e2f0eb:  20% ▕███               ▏ 1.6 GB/8.1 GB  6.8 MB/s  15m47s[K[A[1Gpulling manifest [K
pulling 1b2b95e2f0eb:  20% ▕███               ▏ 1.6 GB/8.1 GB  6.8 MB/s  15m47s[K[A[1Gpulling manifest [K
pulling 1b2b95e2f0eb:  20% ▕███               ▏ 1.6 GB/8.1 GB  6.8 MB/s  15m47s[K[A[1Gpulling manifest [K
pulling 1b2b95e2f0eb:  20% ▕███               ▏ 1.6 GB/8.1 GB  6.8 MB/s  15m47s[K[A[1Gpulling manifest [K
pulling 1b2b95e2f0eb:  20% ▕███               ▏ 1.6 GB/8.1 GB  6.8 MB/s  15m47s[K[A[1Gpulling manifest [K
pulling 1b2b95e2f0eb:  20% ▕███               ▏ 1.6 GB/8.1 GB  6.8 MB/s  15m47s[K[A[1Gpulling manifest [K
pulling 1b2b95e2f0eb:  20% ▕███               ▏ 1.6 GB/8.1 GB  6.8 MB/s  15m47s[K[A[1Gpulling manifest [K
pulling 1b2b95e2f0eb:  20% ▕███               ▏ 1.6 GB/8.1 GB  6.8 MB/s  15m46s[K[A[1Gpulling manifest [K
pulling 1b2b95e2f0eb:  20% ▕███               ▏ 1.6 GB/8.1 GB  6.9 MB/s  15m40s[K[A[1Gpulling manifest [K
pulling 1b2b95e2f0eb:  20% ▕███               ▏ 1.6 GB/8.1 GB  6.9 MB/s  15m40s[K[A[1Gpulling manifest [K
pulling 1b2b95e2f0eb:  20% ▕███               ▏ 1.7 GB/8.1 GB  6.9 MB/s  15m40s[K[A[1Gpulling manifest [K
pulling 1b2b95e2f0eb:  20% ▕███               ▏ 1.7 GB/8.1 GB  6.9 MB/s  15m40s[K[A[1Gpulling manifest [K
pulling 1b2b95e2f0eb:  20% ▕███               ▏ 1.7 GB/8.1 GB  6.9 MB/s  15m40s[K[A[1Gpulling manifest [K
pulling 1b2b95e2f0eb:  20% ▕███               ▏ 1.7 GB/8.1 GB  6.9 MB/s  15m39s[K[A[1Gpulling manifest [K
pulling 1b2b95e2f0eb:  20% ▕███               ▏ 1.7 GB/8.1 GB  6.9 MB/s  15m39s[K[A[1Gpulling manifest [K
pulling 1b2b95e2f0eb:  20% ▕███               ▏ 1.7 GB/8.1 GB  6.9 MB/s  15m39s[K[A[1Gpulling manifest [K
pulling 1b2b95e2f0eb:  20% ▕███               ▏ 1.7 GB/8.1 GB  6.9 MB/s  15m39s[K[A[1Gpulling manifest [K
pulling 1b2b95e2f0eb:  20% ▕███               ▏ 1.7 GB/8.1 GB  6.9 MB/s  15m39s[K[A[1Gpulling manifest [K
pulling 1b2b95e2f0eb:  20% ▕███               ▏ 1.7 GB/8.1 GB  6.9 MB/s  15m37s[K[A[1Gpulling manifest [K
pulling 1b2b95e2f0eb:  20% ▕███               ▏ 1.7 GB/8.1 GB  6.9 MB/s  15m37s[K[A[1Gpulling manifest [K
pulling 1b2b95e2f0eb:  20% ▕███               ▏ 1.7 GB/8.1 GB  6.9 MB/s  15m37s[K[A[1Gpulling manifest [K
pulling 1b2b95e2f0eb:  20% ▕███               ▏ 1.7 GB/8.1 GB  6.9 MB/s  15m36s[K[A[1Gpulling manifest [K
pulling 1b2b95e2f0eb:  20% ▕███               ▏ 1.7 GB/8.1 GB  6.9 MB/s  15m36s[K[A[1Gpulling manifest [K
pulling 1b2b95e2f0eb:  20% ▕███               ▏ 1.7 GB/8.1 GB  6.9 MB/s  15m36s[K[A[1Gpulling manifest [K
pulling 1b2b95e2f0eb:  20% ▕███               ▏ 1.7 GB/8.1 GB  6.9 MB/s  15m36s[K[A[1Gpulling manifest [K
pulling 1b2b95e2f0eb:  20% ▕███               ▏ 1.7 GB/8.1 GB  6.9 MB/s  15m36s[K[A[1Gpulling manifest [K
pulling 1b2b95e2f0eb:  20% ▕███               ▏ 1.7 GB/8.1 GB  6.9 MB/s  15m36s[K[A[1Gpulling manifest [K
pulling 1b2b95e2f0eb:  20% ▕███               ▏ 1.7 GB/8.1 GB  6.9 MB/s  15m36s[K[A[1Gpulling manifest [K
pulling 1b2b95e2f0eb:  21% ▕███               ▏ 1.7 GB/8.1 GB  6.9 MB/s  15m34s[K[A[1Gpulling manifest [K
pulling 1b2b95e2f0eb:  21% ▕███               ▏ 1.7 GB/8.1 GB  6.9 MB/s  15m34s[K[A[1Gpulling manifest [K
pulling 1b2b95e2f0eb:  21% ▕███               ▏ 1.7 GB/8.1 GB  6.9 MB/s  15m34s[K[A[1Gpulling manifest [K
pulling 1b2b95e2f0eb:  21% ▕███               ▏ 1.7 GB/8.1 GB  6.9 MB/s  15m33s[K[A[1Gpulling manifest [K
pulling 1b2b95e2f0eb:  21% ▕███               ▏ 1.7 GB/8.1 GB  6.9 MB/s  15m33s[K[A[1Gpulling manifest [K
pulling 1b2b95e2f0eb:  21% ▕███               ▏ 1.7 GB/8.1 GB  6.9 MB/s  15m33s[K[A[1Gpulling manifest [K
pulling 1b2b95e2f0eb:  21% ▕███               ▏ 1.7 GB/8.1 GB  6.9 MB/s  15m33s[K[A[1Gpulling manifest [K
pulling 1b2b95e2f0eb:  21% ▕███               ▏ 1.7 GB/8.1 GB  6.9 MB/s  15m33s[K[A[1Gpulling manifest [K
pulling 1b2b95e2f0eb:  21% ▕███               ▏ 1.7 GB/8.1 GB  6.9 MB/s  15m33s[K[A[1Gpulling manifest [K
pulling 1b2b95e2f0eb:  21% ▕███               ▏ 1.7 GB/8.1 GB  6.9 MB/s  15m33s[K[A[1Gpulling manifest [K
pulling 1b2b95e2f0eb:  21% ▕███               ▏ 1.7 GB/8.1 GB  6.9 MB/s  15m33s[K[A[1Gpulling manifest [K
pulling 1b2b95e2f0eb:  21% ▕███               ▏ 1.7 GB/8.1 GB  6.9 MB/s  15m32s[K[A[1Gpulling manifest [K
pulling 1b2b95e2f0eb:  21% ▕███               ▏ 1.7 GB/8.1 GB  6.9 MB/s  15m32s[K[A[1Gpulling manifest [K
pulling 1b2b95e2f0eb:  21% ▕███               ▏ 1.7 GB/8.1 GB  6.9 MB/s  15m32s[K[A[1Gpulling manifest [K
pulling 1b2b95e2f0eb:  21% ▕███               ▏ 1.7 GB/8.1 GB  6.9 MB/s  15m32s[K[A[1Gpulling manifest [K
pulling 1b2b95e2f0eb:  21% ▕███               ▏ 1.7 GB/8.1 GB  6.9 MB/s  15m32s[K[A[1Gpulling manifest [K
pulling 1b2b95e2f0eb:  21% ▕███               ▏ 1.7 GB/8.1 GB  6.9 MB/s  15m32s[K[A[1Gpulling manifest [K
pulling 1b2b95e2f0eb:  21% ▕███               ▏ 1.7 GB/8.1 GB  6.9 MB/s  15m32s[K[A[1Gpulling manifest [K
pulling 1b2b95e2f0eb:  21% ▕███               ▏ 1.7 GB/8.1 GB  6.9 MB/s  15m31s[K[A[1Gpulling manifest [K
pulling 1b2b95e2f0eb:  21% ▕███               ▏ 1.7 GB/8.1 GB  6.9 MB/s  15m31s[K[A[1Gpulling manifest [K
pulling 1b2b95e2f0eb:  21% ▕███               ▏ 1.7 GB/8.1 GB  6.9 MB/s  15m31s[K[A[1Gpulling manifest [K
pulling 1b2b95e2f0eb:  21% ▕███               ▏ 1.7 GB/8.1 GB  6.9 MB/s  15m30s[K[A[1Gpulling manifest [K
pulling 1b2b95e2f0eb:  21% ▕███               ▏ 1.7 GB/8.1 GB  6.9 MB/s  15m29s[K[A[1Gpulling manifest [K
pulling 1b2b95e2f0eb:  21% ▕███               ▏ 1.7 GB/8.1 GB  6.9 MB/s  15m29s[K[A[1Gpulling manifest [K
pulling 1b2b95e2f0eb:  21% ▕███               ▏ 1.7 GB/8.1 GB  6.9 MB/s  15m29s[K[A[1Gpulling manifest [K
pulling 1b2b95e2f0eb:  21% ▕███               ▏ 1.7 GB/8.1 GB  6.9 MB/s  15m29s[K[A[1Gpulling manifest [K
pulling 1b2b95e2f0eb:  21% ▕███               ▏ 1.7 GB/8.1 GB  6.9 MB/s  15m29s[K[A[1Gpulling manifest [K
pulling 1b2b95e2f0eb:  21% ▕███               ▏ 1.7 GB/8.1 GB  6.9 MB/s  15m29s[K[A[1Gpulling manifest [K
pulling 1b2b95e2f0eb:  21% ▕███               ▏ 1.7 GB/8.1 GB  6.9 MB/s  15m29s[K[A[1Gpulling manifest [K
pulling 1b2b95e2f0eb:  21% ▕███               ▏ 1.7 GB/8.1 GB  6.9 MB/s  15m29s[K[A[1Gpulling manifest [K
pulling 1b2b95e2f0eb:  21% ▕███               ▏ 1.7 GB/8.1 GB  6.9 MB/s  15m29s[K[A[1Gpulling manifest [K
pulling 1b2b95e2f0eb:  21% ▕███               ▏ 1.7 GB/8.1 GB  6.9 MB/s  15m33s[K[A[1Gpulling manifest [K
pulling 1b2b95e2f0eb:  21% ▕███               ▏ 1.7 GB/8.1 GB  6.9 MB/s  15m33s[K[A[1Gpulling manifest [K
pulling 1b2b95e2f0eb:  21% ▕███               ▏ 1.7 GB/8.1 GB  6.9 MB/s  15m33s[K[A[1Gpulling manifest [K
pulling 1b2b95e2f0eb:  21% ▕███               ▏ 1.7 GB/8.1 GB  6.9 MB/s  15m33s[K[A[1Gpulling manifest [K
pulling 1b2b95e2f0eb:  21% ▕███               ▏ 1.7 GB/8.1 GB  6.9 MB/s  15m33s[K[A[1Gpulling manifest [K
pulling 1b2b95e2f0eb:  21% ▕███               ▏ 1.7 GB/8.1 GB  6.9 MB/s  15m33s[K[A[1Gpulling manifest [K
pulling 1b2b95e2f0eb:  21% ▕███               ▏ 1.7 GB/8.1 GB  6.9 MB/s  15m33s[K[A[1Gpulling manifest [K
pulling 1b2b95e2f0eb:  21% ▕███               ▏ 1.7 GB/8.1 GB  6.9 MB/s  15m33s[K[A[1Gpulling manifest [K
pulling 1b2b95e2f0eb:  21% ▕███               ▏ 1.7 GB/8.1 GB  6.9 MB/s  15m33s[K[A[1Gpulling manifest [K
pulling 1b2b95e2f0eb:  21% ▕███               ▏ 1.7 GB/8.1 GB  6.9 MB/s  15m32s[K[A[1Gpulling manifest [K
pulling 1b2b95e2f0eb:  21% ▕███               ▏ 1.7 GB/8.1 GB  6.9 MB/s  15m24s[K[A[1Gpulling manifest [K
pulling 1b2b95e2f0eb:  21% ▕███               ▏ 1.7 GB/8.1 GB  6.9 MB/s  15m24s[K[A[1Gpulling manifest [K
pulling 1b2b95e2f0eb:  21% ▕███               ▏ 1.7 GB/8.1 GB  6.9 MB/s  15m24s[K[A[1Gpulling manifest [K
pulling 1b2b95e2f0eb:  21% ▕███               ▏ 1.7 GB/8.1 GB  6.9 MB/s  15m24s[K[A[1Gpulling manifest [K
pulling 1b2b95e2f0eb:  21% ▕███               ▏ 1.7 GB/8.1 GB  6.9 MB/s  15m24s[K[A[1Gpulling manifest [K
pulling 1b2b95e2f0eb:  21% ▕███               ▏ 1.7 GB/8.1 GB  6.9 MB/s  15m23s[K[A[1Gpulling manifest [K
pulling 1b2b95e2f0eb:  21% ▕███               ▏ 1.7 GB/8.1 GB  6.9 MB/s  15m23s[K[A[1Gpulling manifest [K
pulling 1b2b95e2f0eb:  21% ▕███               ▏ 1.7 GB/8.1 GB  6.9 MB/s  15m23s[K[A[1Gpulling manifest [K
pulling 1b2b95e2f0eb:  21% ▕███               ▏ 1.7 GB/8.1 GB  6.9 MB/s  15m23s[K[A[1Gpulling manifest [K
pulling 1b2b95e2f0eb:  21% ▕███               ▏ 1.7 GB/8.1 GB  6.9 MB/s  15m23s[K[A[1Gpulling manifest [K
pulling 1b2b95e2f0eb:  21% ▕███               ▏ 1.7 GB/8.1 GB  6.9 MB/s  15m22s[K[A[1Gpulling manifest [K
pulling 1b2b95e2f0eb:  21% ▕███               ▏ 1.7 GB/8.1 GB  6.9 MB/s  15m22s[K[A[1Gpulling manifest [K
pulling 1b2b95e2f0eb:  21% ▕███               ▏ 1.7 GB/8.1 GB  6.9 MB/s  15m22s[K[A[1Gpulling manifest [K
pulling 1b2b95e2f0eb:  21% ▕███               ▏ 1.7 GB/8.1 GB  6.9 MB/s  15m22s[K[A[1Gpulling manifest [K
pulling 1b2b95e2f0eb:  21% ▕███               ▏ 1.7 GB/8.1 GB  6.9 MB/s  15m22s[K[A[1Gpulling manifest [K
pulling 1b2b95e2f0eb:  21% ▕███               ▏ 1.7 GB/8.1 GB  6.9 MB/s  15m22s[K[A[1Gpulling manifest [K
pulling 1b2b95e2f0eb:  21% ▕███               ▏ 1.7 GB/8.1 GB  6.9 MB/s  15m22s[K[A[1Gpulling manifest [K
pulling 1b2b95e2f0eb:  21% ▕███               ▏ 1.7 GB/8.1 GB  6.9 MB/s  15m22s[K[A[1Gpulling manifest [K
pulling 1b2b95e2f0eb:  21% ▕███               ▏ 1.7 GB/8.1 GB  6.9 MB/s  15m22s[K[A[1Gpulling manifest [K
pulling 1b2b95e2f0eb:  21% ▕███               ▏ 1.7 GB/8.1 GB  6.9 MB/s  15m22s[K[A[1Gpulling manifest [K
pulling 1b2b95e2f0eb:  21% ▕███               ▏ 1.7 GB/8.1 GB  6.9 MB/s  15m21s[K[A[1Gpulling manifest [K
pulling 1b2b95e2f0eb:  21% ▕███               ▏ 1.7 GB/8.1 GB  6.9 MB/s  15m22s[K[A[1Gpulling manifest [K
pulling 1b2b95e2f0eb:  21% ▕███               ▏ 1.7 GB/8.1 GB  6.9 MB/s  15m22s[K[A[1Gpulling manifest [K
pulling 1b2b95e2f0eb:  21% ▕███               ▏ 1.7 GB/8.1 GB  6.9 MB/s  15m22s[K[A[1Gpulling manifest [K
pulling 1b2b95e2f0eb:  21% ▕███               ▏ 1.7 GB/8.1 GB  6.9 MB/s  15m22s[K[A[1Gpulling manifest [K
pulling 1b2b95e2f0eb:  21% ▕███               ▏ 1.7 GB/8.1 GB  6.9 MB/s  15m22s[K[A[1Gpulling manifest [K
pulling 1b2b95e2f0eb:  21% ▕███               ▏ 1.7 GB/8.1 GB  6.9 MB/s  15m22s[K[A[1Gpulling manifest [K
pulling 1b2b95e2f0eb:  21% ▕███               ▏ 1.7 GB/8.1 GB  6.9 MB/s  15m21s[K[A[1Gpulling manifest [K
pulling 1b2b95e2f0eb:  21% ▕███               ▏ 1.7 GB/8.1 GB  6.9 MB/s  15m21s[K[A[1Gpulling manifest [K
pulling 1b2b95e2f0eb:  21% ▕███               ▏ 1.7 GB/8.1 GB  6.9 MB/s  15m21s[K[A[1Gpulling manifest [K
pulling 1b2b95e2f0eb:  21% ▕███               ▏ 1.7 GB/8.1 GB  6.9 MB/s  15m21s[K[A[1Gpulling manifest [K
pulling 1b2b95e2f0eb:  21% ▕███               ▏ 1.7 GB/8.1 GB  7.0 MB/s  15m14s[K[A[1Gpulling manifest [K
pulling 1b2b95e2f0eb:  21% ▕███               ▏ 1.7 GB/8.1 GB  7.0 MB/s  15m14s[K[A[1Gpulling manifest [K
pulling 1b2b95e2f0eb:  21% ▕███               ▏ 1.7 GB/8.1 GB  7.0 MB/s  15m13s[K[A[1Gpulling manifest [K
pulling 1b2b95e2f0eb:  21% ▕███               ▏ 1.7 GB/8.1 GB  7.0 MB/s  15m13s[K[A[1Gpulling manifest [K
pulling 1b2b95e2f0eb:  21% ▕███               ▏ 1.7 GB/8.1 GB  7.0 MB/s  15m13s[K[A[1Gpulling manifest [K
pulling 1b2b95e2f0eb:  21% ▕███               ▏ 1.7 GB/8.1 GB  7.0 MB/s  15m13s[K[A[1Gpulling manifest [K
pulling 1b2b95e2f0eb:  21% ▕███               ▏ 1.7 GB/8.1 GB  7.0 MB/s  15m13s[K[A[1Gpulling manifest [K
pulling 1b2b95e2f0eb:  21% ▕███               ▏ 1.7 GB/8.1 GB  7.0 MB/s  15m13s[K[A[1Gpulling manifest [K
pulling 1b2b95e2f0eb:  21% ▕███               ▏ 1.7 GB/8.1 GB  7.0 MB/s  15m13s[K[A[1Gpulling manifest [K
pulling 1b2b95e2f0eb:  21% ▕███               ▏ 1.7 GB/8.1 GB  7.0 MB/s  15m13s[K[A[1Gpulling manifest [K
pulling 1b2b95e2f0eb:  21% ▕███               ▏ 1.7 GB/8.1 GB  7.0 MB/s  15m18s[K[A[1Gpulling manifest [K
pulling 1b2b95e2f0eb:  21% ▕███               ▏ 1.7 GB/8.1 GB  7.0 MB/s  15m18s[K[A[1Gpulling manifest [K
pulling 1b2b95e2f0eb:  21% ▕███               ▏ 1.7 GB/8.1 GB  7.0 MB/s  15m18s[K[A[1Gpulling manifest [K
pulling 1b2b95e2f0eb:  21% ▕███               ▏ 1.7 GB/8.1 GB  7.0 MB/s  15m18s[K[A[1Gpulling manifest [K
pulling 1b2b95e2f0eb:  21% ▕███               ▏ 1.7 GB/8.1 GB  7.0 MB/s  15m18s[K[A[1Gpulling manifest [K
pulling 1b2b95e2f0eb:  21% ▕███               ▏ 1.7 GB/8.1 GB  7.0 MB/s  15m18s[K[A[1Gpulling manifest [K
pulling 1b2b95e2f0eb:  21% ▕███               ▏ 1.7 GB/8.1 GB  7.0 MB/s  15m18s[K[A[1Gpulling manifest [K
pulling 1b2b95e2f0eb:  21% ▕███               ▏ 1.7 GB/8.1 GB  7.0 MB/s  15m18s[K[A[1Gpulling manifest [K
pulling 1b2b95e2f0eb:  21% ▕███               ▏ 1.7 GB/8.1 GB  7.0 MB/s  15m18s[K[A[1Gpulling manifest [K
pulling 1b2b95e2f0eb:  21% ▕███               ▏ 1.7 GB/8.1 GB  7.0 MB/s  15m17s[K[A[1Gpulling manifest [K
pulling 1b2b95e2f0eb:  21% ▕███               ▏ 1.7 GB/8.1 GB  7.0 MB/s  15m17s[K[A[1Gpulling manifest [K
pulling 1b2b95e2f0eb:  21% ▕███               ▏ 1.7 GB/8.1 GB  7.0 MB/s  15m16s[K[A[1Gpulling manifest [K
pulling 1b2b95e2f0eb:  21% ▕███               ▏ 1.7 GB/8.1 GB  7.0 MB/s  15m16s[K[A[1Gpulling manifest [K
pulling 1b2b95e2f0eb:  21% ▕███               ▏ 1.7 GB/8.1 GB  7.0 MB/s  15m16s[K[A[1Gpulling manifest [K
pulling 1b2b95e2f0eb:  21% ▕███               ▏ 1.7 GB/8.1 GB  7.0 MB/s  15m16s[K[A[1Gpulling manifest [K
pulling 1b2b95e2f0eb:  21% ▕███               ▏ 1.7 GB/8.1 GB  7.0 MB/s  15m16s[K[A[1Gpulling manifest [K
pulling 1b2b95e2f0eb:  21% ▕███               ▏ 1.7 GB/8.1 GB  7.0 MB/s  15m16s[K[A[1Gpulling manifest [K
pulling 1b2b95e2f0eb:  21% ▕███               ▏ 1.7 GB/8.1 GB  7.0 MB/s  15m16s[K[A[1Gpulling manifest [K
pulling 1b2b95e2f0eb:  21% ▕███               ▏ 1.7 GB/8.1 GB  7.0 MB/s  15m16s[K[A[1Gpulling manifest [K
pulling 1b2b95e2f0eb:  21% ▕███               ▏ 1.7 GB/8.1 GB  7.0 MB/s  15m16s[K[A[1Gpulling manifest [K
pulling 1b2b95e2f0eb:  21% ▕███               ▏ 1.7 GB/8.1 GB  7.0 MB/s  15m16s[K[A[1Gpulling manifest [K
pulling 1b2b95e2f0eb:  21% ▕███               ▏ 1.7 GB/8.1 GB  7.0 MB/s  15m16s[K[A[1Gpulling manifest [K
pulling 1b2b95e2f0eb:  21% ▕███               ▏ 1.7 GB/8.1 GB  7.0 MB/s  15m16s[K[A[1Gpulling manifest [K
pulling 1b2b95e2f0eb:  21% ▕███               ▏ 1.7 GB/8.1 GB  7.0 MB/s  15m16s[K[A[1Gpulling manifest [K
pulling 1b2b95e2f0eb:  21% ▕███               ▏ 1.7 GB/8.1 GB  7.0 MB/s  15m16s[K[A[1Gpulling manifest [K
pulling 1b2b95e2f0eb:  21% ▕███               ▏ 1.7 GB/8.1 GB  7.0 MB/s  15m16s[K[A[1Gpulling manifest [K
pulling 1b2b95e2f0eb:  21% ▕███               ▏ 1.7 GB/8.1 GB  7.0 MB/s  15m15s[K[A[1Gpulling manifest [K
pulling 1b2b95e2f0eb:  21% ▕███               ▏ 1.7 GB/8.1 GB  7.0 MB/s  15m15s[K[A[1Gpulling manifest [K
pulling 1b2b95e2f0eb:  21% ▕███               ▏ 1.7 GB/8.1 GB  7.0 MB/s  15m15s[K[A[1Gpulling manifest [K
pulling 1b2b95e2f0eb:  21% ▕███               ▏ 1.7 GB/8.1 GB  7.0 MB/s  15m15s[K[A[1Gpulling manifest [K
pulling 1b2b95e2f0eb:  21% ▕███               ▏ 1.7 GB/8.1 GB  7.0 MB/s  15m15s[K[A[1Gpulling manifest [K
pulling 1b2b95e2f0eb:  21% ▕███               ▏ 1.7 GB/8.1 GB  6.9 MB/s  15m18s[K[A[1Gpulling manifest [K
pulling 1b2b95e2f0eb:  21% ▕███               ▏ 1.7 GB/8.1 GB  6.9 MB/s  15m18s[K[A[1Gpulling manifest [K
pulling 1b2b95e2f0eb:  21% ▕███               ▏ 1.7 GB/8.1 GB  6.9 MB/s  15m18s[K[A[1Gpulling manifest [K
pulling 1b2b95e2f0eb:  21% ▕███               ▏ 1.7 GB/8.1 GB  6.9 MB/s  15m18s[K[A[1Gpulling manifest [K
pulling 1b2b95e2f0eb:  21% ▕███               ▏ 1.7 GB/8.1 GB  6.9 MB/s  15m18s[K[A[1Gpulling manifest [K
pulling 1b2b95e2f0eb:  21% ▕███               ▏ 1.7 GB/8.1 GB  6.9 MB/s  15m18s[K[A[1Gpulling manifest [K
pulling 1b2b95e2f0eb:  22% ▕███               ▏ 1.7 GB/8.1 GB  6.9 MB/s  15m18s[K[A[1Gpulling manifest [K
pulling 1b2b95e2f0eb:  22% ▕███               ▏ 1.7 GB/8.1 GB  6.9 MB/s  15m17s[K[A[1Gpulling manifest [K
pulling 1b2b95e2f0eb:  22% ▕███               ▏ 1.7 GB/8.1 GB  6.9 MB/s  15m17s[K[A[1Gpulling manifest [K
pulling 1b2b95e2f0eb:  22% ▕███               ▏ 1.7 GB/8.1 GB  6.9 MB/s  15m17s[K[A[1Gpulling manifest [K
pulling 1b2b95e2f0eb:  22% ▕███               ▏ 1.7 GB/8.1 GB  7.0 MB/s   15m6s[K[A[1Gpulling manifest [K
pulling 1b2b95e2f0eb:  22% ▕███               ▏ 1.7 GB/8.1 GB  7.0 MB/s   15m6s[K[A[1Gpulling manifest [K
pulling 1b2b95e2f0eb:  22% ▕███               ▏ 1.7 GB/8.1 GB  7.0 MB/s   15m6s[K[A[1Gpulling manifest [K
pulling 1b2b95e2f0eb:  22% ▕███               ▏ 1.7 GB/8.1 GB  7.0 MB/s   15m6s[K[A[1Gpulling manifest [K
pulling 1b2b95e2f0eb:  22% ▕███               ▏ 1.7 GB/8.1 GB  7.0 MB/s   15m5s[K[A[1Gpulling manifest [K
pulling 1b2b95e2f0eb:  22% ▕███               ▏ 1.7 GB/8.1 GB  7.0 MB/s   15m5s[K[A[1Gpulling manifest [K
pulling 1b2b95e2f0eb:  22% ▕███               ▏ 1.8 GB/8.1 GB  7.0 MB/s   15m5s[K[A[1Gpulling manifest [K
pulling 1b2b95e2f0eb:  22% ▕███               ▏ 1.8 GB/8.1 GB  7.0 MB/s   15m5s[K[A[1Gpulling manifest [K
pulling 1b2b95e2f0eb:  22% ▕███               ▏ 1.8 GB/8.1 GB  7.0 MB/s   15m5s[K[A[1Gpulling manifest [K
pulling 1b2b95e2f0eb:  22% ▕███               ▏ 1.8 GB/8.1 GB  7.0 MB/s   15m5s[K[A[1Gpulling manifest [K
pulling 1b2b95e2f0eb:  22% ▕███               ▏ 1.8 GB/8.1 GB  7.0 MB/s  15m13s[K[A[1Gpulling manifest [K
pulling 1b2b95e2f0eb:  22% ▕███               ▏ 1.8 GB/8.1 GB  7.0 MB/s  15m13s[K[A[1Gpulling manifest [K
pulling 1b2b95e2f0eb:  22% ▕███               ▏ 1.8 GB/8.1 GB  7.0 MB/s  15m13s[K[A[1Gpulling manifest [K
pulling 1b2b95e2f0eb:  22% ▕███               ▏ 1.8 GB/8.1 GB  7.0 MB/s  15m13s[K[A[1Gpulling manifest [K
pulling 1b2b95e2f0eb:  22% ▕███               ▏ 1.8 GB/8.1 GB  7.0 MB/s  15m13s[K[A[1Gpulling manifest [K
pulling 1b2b95e2f0eb:  22% ▕███               ▏ 1.8 GB/8.1 GB  7.0 MB/s  15m13s[K[A[1Gpulling manifest [K
pulling 1b2b95e2f0eb:  22% ▕███               ▏ 1.8 GB/8.1 GB  7.0 MB/s  15m13s[K[A[1Gpulling manifest [K
pulling 1b2b95e2f0eb:  22% ▕███               ▏ 1.8 GB/8.1 GB  7.0 MB/s  15m13s[K[A[1Gpulling manifest [K
pulling 1b2b95e2f0eb:  22% ▕███               ▏ 1.8 GB/8.1 GB  7.0 MB/s  15m12s[K[A[1Gpulling manifest [K
pulling 1b2b95e2f0eb:  22% ▕███               ▏ 1.8 GB/8.1 GB  7.0 MB/s  15m12s[K[A[1Gpulling manifest [K
pulling 1b2b95e2f0eb:  22% ▕███               ▏ 1.8 GB/8.1 GB  7.0 MB/s  15m10s[K[A[1Gpulling manifest [K
pulling 1b2b95e2f0eb:  22% ▕███               ▏ 1.8 GB/8.1 GB  7.0 MB/s  15m10s[K[A[1Gpulling manifest [K
pulling 1b2b95e2f0eb:  22% ▕███               ▏ 1.8 GB/8.1 GB  7.0 MB/s  15m10s[K[A[1Gpulling manifest [K
pulling 1b2b95e2f0eb:  22% ▕███               ▏ 1.8 GB/8.1 GB  7.0 MB/s  15m10s[K[A[1Gpulling manifest [K
pulling 1b2b95e2f0eb:  22% ▕███               ▏ 1.8 GB/8.1 GB  7.0 MB/s   15m9s[K[A[1Gpulling manifest [K
pulling 1b2b95e2f0eb:  22% ▕███               ▏ 1.8 GB/8.1 GB  7.0 MB/s   15m9s[K[A[1Gpulling manifest [K
pulling 1b2b95e2f0eb:  22% ▕███               ▏ 1.8 GB/8.1 GB  7.0 MB/s   15m9s[K[A[1Gpulling manifest [K
pulling 1b2b95e2f0eb:  22% ▕███               ▏ 1.8 GB/8.1 GB  7.0 MB/s   15m9s[K[A[1Gpulling manifest [K
pulling 1b2b95e2f0eb:  22% ▕███               ▏ 1.8 GB/8.1 GB  7.0 MB/s   15m9s[K[A[1Gpulling manifest [K
pulling 1b2b95e2f0eb:  22% ▕███               ▏ 1.8 GB/8.1 GB  7.0 MB/s   15m9s[K[A[1Gpulling manifest [K
pulling 1b2b95e2f0eb:  22% ▕███               ▏ 1.8 GB/8.1 GB  7.0 MB/s   15m8s[K[A[1Gpulling manifest [K
pulling 1b2b95e2f0eb:  22% ▕███               ▏ 1.8 GB/8.1 GB  7.0 MB/s   15m8s[K[A[1Gpulling manifest [K
pulling 1b2b95e2f0eb:  22% ▕███               ▏ 1.8 GB/8.1 GB  7.0 MB/s   15m8s[K[A[1Gpulling manifest [K
pulling 1b2b95e2f0eb:  22% ▕███               ▏ 1.8 GB/8.1 GB  7.0 MB/s   15m8s[K[A[1Gpulling manifest [K
pulling 1b2b95e2f0eb:  22% ▕███               ▏ 1.8 GB/8.1 GB  7.0 MB/s   15m8s[K[A[1Gpulling manifest [K
pulling 1b2b95e2f0eb:  22% ▕███               ▏ 1.8 GB/8.1 GB  7.0 MB/s   15m7s[K[A[1Gpulling manifest [K
pulling 1b2b95e2f0eb:  22% ▕███               ▏ 1.8 GB/8.1 GB  7.0 MB/s   15m7s[K[A[1Gpulling manifest [K
pulling 1b2b95e2f0eb:  22% ▕███               ▏ 1.8 GB/8.1 GB  7.0 MB/s   15m7s[K[A[1Gpulling manifest [K
pulling 1b2b95e2f0eb:  22% ▕███               ▏ 1.8 GB/8.1 GB  7.0 MB/s   15m7s[K[A[1Gpulling manifest [K
pulling 1b2b95e2f0eb:  22% ▕███               ▏ 1.8 GB/8.1 GB  7.0 MB/s   15m7s[K[A[1Gpulling manifest [K
pulling 1b2b95e2f0eb:  22% ▕███               ▏ 1.8 GB/8.1 GB  7.0 MB/s   15m7s[K[A[1Gpulling manifest [K
pulling 1b2b95e2f0eb:  22% ▕███               ▏ 1.8 GB/8.1 GB  6.9 MB/s  15m11s[K[A[1Gpulling manifest [K
pulling 1b2b95e2f0eb:  22% ▕███               ▏ 1.8 GB/8.1 GB  6.9 MB/s  15m11s[K[A[1Gpulling manifest [K
pulling 1b2b95e2f0eb:  22% ▕███               ▏ 1.8 GB/8.1 GB  6.9 MB/s  15m11s[K[A[1Gpulling manifest [K
pulling 1b2b95e2f0eb:  22% ▕███               ▏ 1.8 GB/8.1 GB  6.9 MB/s  15m11s[K[A[1Gpulling manifest [K
pulling 1b2b95e2f0eb:  22% ▕███               ▏ 1.8 GB/8.1 GB  6.9 MB/s  15m11s[K[A[1Gpulling manifest [K
pulling 1b2b95e2f0eb:  22% ▕███               ▏ 1.8 GB/8.1 GB  6.9 MB/s  15m11s[K[A[1Gpulling manifest [K
pulling 1b2b95e2f0eb:  22% ▕███               ▏ 1.8 GB/8.1 GB  6.9 MB/s  15m11s[K[A[1Gpulling manifest [K
pulling 1b2b95e2f0eb:  22% ▕███               ▏ 1.8 GB/8.1 GB  6.9 MB/s  15m11s[K[A[1Gpulling manifest [K
pulling 1b2b95e2f0eb:  22% ▕███               ▏ 1.8 GB/8.1 GB  6.9 MB/s  15m10s[K[A[1Gpulling manifest [K
pulling 1b2b95e2f0eb:  22% ▕███               ▏ 1.8 GB/8.1 GB  6.9 MB/s  15m10s[K[A[1Gpulling manifest [K
pulling 1b2b95e2f0eb:  22% ▕███               ▏ 1.8 GB/8.1 GB  6.9 MB/s  15m12s[K[A[1Gpulling manifest [K
pulling 1b2b95e2f0eb:  22% ▕███               ▏ 1.8 GB/8.1 GB  6.9 MB/s  15m12s[K[A[1Gpulling manifest [K
pulling 1b2b95e2f0eb:  22% ▕███               ▏ 1.8 GB/8.1 GB  6.9 MB/s  15m12s[K[A[1Gpulling manifest [K
pulling 1b2b95e2f0eb:  22% ▕███               ▏ 1.8 GB/8.1 GB  6.9 MB/s  15m12s[K[A[1Gpulling manifest [K
pulling 1b2b95e2f0eb:  22% ▕███               ▏ 1.8 GB/8.1 GB  6.9 MB/s  15m12s[K[A[1Gpulling manifest [K
pulling 1b2b95e2f0eb:  22% ▕███               ▏ 1.8 GB/8.1 GB  6.9 MB/s  15m12s[K[A[1Gpulling manifest [K
pulling 1b2b95e2f0eb:  22% ▕███               ▏ 1.8 GB/8.1 GB  6.9 MB/s  15m12s[K[A[1Gpulling manifest [K
pulling 1b2b95e2f0eb:  22% ▕███               ▏ 1.8 GB/8.1 GB  6.9 MB/s  15m12s[K[A[1Gpulling manifest [K
pulling 1b2b95e2f0eb:  22% ▕███               ▏ 1.8 GB/8.1 GB  6.9 MB/s  15m11s[K[A[1Gpulling manifest [K
pulling 1b2b95e2f0eb:  22% ▕███               ▏ 1.8 GB/8.1 GB  6.9 MB/s  15m11s[K[A[1Gpulling manifest [K
pulling 1b2b95e2f0eb:  22% ▕███               ▏ 1.8 GB/8.1 GB  6.9 MB/s  15m12s[K[A[1Gpulling manifest [K
pulling 1b2b95e2f0eb:  22% ▕███               ▏ 1.8 GB/8.1 GB  6.9 MB/s  15m12s[K[A[1Gpulling manifest [K
pulling 1b2b95e2f0eb:  22% ▕███               ▏ 1.8 GB/8.1 GB  6.9 MB/s  15m12s[K[A[1Gpulling manifest [K
pulling 1b2b95e2f0eb:  22% ▕███               ▏ 1.8 GB/8.1 GB  6.9 MB/s  15m12s[K[A[1Gpulling manifest [K
pulling 1b2b95e2f0eb:  22% ▕███               ▏ 1.8 GB/8.1 GB  6.9 MB/s  15m12s[K[A[1Gpulling manifest [K
pulling 1b2b95e2f0eb:  22% ▕███               ▏ 1.8 GB/8.1 GB  6.9 MB/s  15m12s[K[A[1Gpulling manifest [K
pulling 1b2b95e2f0eb:  22% ▕███               ▏ 1.8 GB/8.1 GB  6.9 MB/s  15m12s[K[A[1Gpulling manifest [K
pulling 1b2b95e2f0eb:  22% ▕███               ▏ 1.8 GB/8.1 GB  6.9 MB/s  15m12s[K[A[1Gpulling manifest [K
pulling 1b2b95e2f0eb:  22% ▕███               ▏ 1.8 GB/8.1 GB  6.9 MB/s  15m12s[K[A[1Gpulling manifest [K
pulling 1b2b95e2f0eb:  22% ▕███               ▏ 1.8 GB/8.1 GB  6.9 MB/s  15m12s[K[A[1Gpulling manifest [K
pulling 1b2b95e2f0eb:  22% ▕███               ▏ 1.8 GB/8.1 GB  6.9 MB/s  15m21s[K[A[1Gpulling manifest [K
pulling 1b2b95e2f0eb:  22% ▕███               ▏ 1.8 GB/8.1 GB  6.9 MB/s  15m21s[K[A[1Gpulling manifest [K
pulling 1b2b95e2f0eb:  22% ▕███               ▏ 1.8 GB/8.1 GB  6.9 MB/s  15m21s[K[A[1Gpulling manifest [K
pulling 1b2b95e2f0eb:  22% ▕███               ▏ 1.8 GB/8.1 GB  6.9 MB/s  15m21s[K[A[1Gpulling manifest [K
pulling 1b2b95e2f0eb:  22% ▕███               ▏ 1.8 GB/8.1 GB  6.9 MB/s  15m21s[K[A[1Gpulling manifest [K
pulling 1b2b95e2f0eb:  22% ▕███               ▏ 1.8 GB/8.1 GB  6.9 MB/s  15m21s[K[A[1Gpulling manifest [K
pulling 1b2b95e2f0eb:  22% ▕███               ▏ 1.8 GB/8.1 GB  6.9 MB/s  15m21s[K[A[1Gpulling manifest [K
pulling 1b2b95e2f0eb:  22% ▕███               ▏ 1.8 GB/8.1 GB  6.9 MB/s  15m20s[K[A[1Gpulling manifest [K
pulling 1b2b95e2f0eb:  22% ▕███               ▏ 1.8 GB/8.1 GB  6.9 MB/s  15m20s[K[A[1Gpulling manifest [K
pulling 1b2b95e2f0eb:  22% ▕███               ▏ 1.8 GB/8.1 GB  6.9 MB/s  15m20s[K[A[1Gpulling manifest [K
pulling 1b2b95e2f0eb:  22% ▕███               ▏ 1.8 GB/8.1 GB  6.8 MB/s  15m22s[K[A[1Gpulling manifest [K
pulling 1b2b95e2f0eb:  22% ▕███               ▏ 1.8 GB/8.1 GB  6.8 MB/s  15m22s[K[A[1Gpulling manifest [K
pulling 1b2b95e2f0eb:  22% ▕███               ▏ 1.8 GB/8.1 GB  6.8 MB/s  15m22s[K[A[1Gpulling manifest [K
pulling 1b2b95e2f0eb:  22% ▕████              ▏ 1.8 GB/8.1 GB  6.8 MB/s  15m22s[K[A[1Gpulling manifest [K
pulling 1b2b95e2f0eb:  22% ▕████              ▏ 1.8 GB/8.1 GB  6.8 MB/s  15m22s[K[A[1Gpulling manifest [K
pulling 1b2b95e2f0eb:  22% ▕████              ▏ 1.8 GB/8.1 GB  6.8 MB/s  15m22s[K[A[1Gpulling manifest [K
pulling 1b2b95e2f0eb:  22% ▕████              ▏ 1.8 GB/8.1 GB  6.8 MB/s  15m21s[K[A[1Gpulling manifest [K
pulling 1b2b95e2f0eb:  22% ▕████              ▏ 1.8 GB/8.1 GB  6.8 MB/s  15m21s[K[A[1Gpulling manifest [K
pulling 1b2b95e2f0eb:  22% ▕████              ▏ 1.8 GB/8.1 GB  6.8 MB/s  15m21s[K[A[1Gpulling manifest [K
pulling 1b2b95e2f0eb:  22% ▕████              ▏ 1.8 GB/8.1 GB  6.8 MB/s  15m21s[K[A[1Gpulling manifest [K
pulling 1b2b95e2f0eb:  22% ▕████              ▏ 1.8 GB/8.1 GB  6.8 MB/s  15m21s[K[A[1Gpulling manifest [K
pulling 1b2b95e2f0eb:  22% ▕████              ▏ 1.8 GB/8.1 GB  6.8 MB/s  15m28s[K[A[1Gpulling manifest [K
pulling 1b2b95e2f0eb:  22% ▕████              ▏ 1.8 GB/8.1 GB  6.8 MB/s  15m28s[K[A[1Gpulling manifest [K
pulling 1b2b95e2f0eb:  22% ▕████              ▏ 1.8 GB/8.1 GB  6.8 MB/s  15m28s[K[A[1Gpulling manifest [K
pulling 1b2b95e2f0eb:  22% ▕████              ▏ 1.8 GB/8.1 GB  6.8 MB/s  15m28s[K[A[1Gpulling manifest [K
pulling 1b2b95e2f0eb:  22% ▕████              ▏ 1.8 GB/8.1 GB  6.8 MB/s  15m28s[K[A[1Gpulling manifest [K
pulling 1b2b95e2f0eb:  22% ▕████              ▏ 1.8 GB/8.1 GB  6.8 MB/s  15m28s[K[A[1Gpulling manifest [K
pulling 1b2b95e2f0eb:  22% ▕████              ▏ 1.8 GB/8.1 GB  6.8 MB/s  15m27s[K[A[1Gpulling manifest [K
pulling 1b2b95e2f0eb:  22% ▕████              ▏ 1.8 GB/8.1 GB  6.8 MB/s  15m27s[K[A[1Gpulling manifest [K
pulling 1b2b95e2f0eb:  22% ▕████              ▏ 1.8 GB/8.1 GB  6.8 MB/s  15m27s[K[A[1Gpulling manifest [K
pulling 1b2b95e2f0eb:  22% ▕████              ▏ 1.8 GB/8.1 GB  6.8 MB/s  15m27s[K[A[1Gpulling manifest [K
pulling 1b2b95e2f0eb:  22% ▕████              ▏ 1.8 GB/8.1 GB  6.8 MB/s  15m25s[K[A[1Gpulling manifest [K
pulling 1b2b95e2f0eb:  22% ▕████              ▏ 1.8 GB/8.1 GB  6.8 MB/s  15m25s[K[A[1Gpulling manifest [K
pulling 1b2b95e2f0eb:  22% ▕████              ▏ 1.8 GB/8.1 GB  6.8 MB/s  15m25s[K[A[1Gpulling manifest [K
pulling 1b2b95e2f0eb:  22% ▕████              ▏ 1.8 GB/8.1 GB  6.8 MB/s  15m25s[K[A[1Gpulling manifest [K
pulling 1b2b95e2f0eb:  22% ▕████              ▏ 1.8 GB/8.1 GB  6.8 MB/s  15m25s[K[A[1Gpulling manifest [K
pulling 1b2b95e2f0eb:  22% ▕████              ▏ 1.8 GB/8.1 GB  6.8 MB/s  15m25s[K[A[1Gpulling manifest [K
pulling 1b2b95e2f0eb:  22% ▕████              ▏ 1.8 GB/8.1 GB  6.8 MB/s  15m25s[K[A[1Gpulling manifest [K
pulling 1b2b95e2f0eb:  22% ▕████              ▏ 1.8 GB/8.1 GB  6.8 MB/s  15m25s[K[A[1Gpulling manifest [K
pulling 1b2b95e2f0eb:  22% ▕████              ▏ 1.8 GB/8.1 GB  6.8 MB/s  15m25s[K[A[1Gpulling manifest [K
pulling 1b2b95e2f0eb:  22% ▕████              ▏ 1.8 GB/8.1 GB  6.8 MB/s  15m25s[K[A[1Gpulling manifest [K
pulling 1b2b95e2f0eb:  22% ▕████              ▏ 1.8 GB/8.1 GB  6.7 MB/s  15m35s[K[A[1Gpulling manifest [K
pulling 1b2b95e2f0eb:  22% ▕████              ▏ 1.8 GB/8.1 GB  6.7 MB/s  15m35s[K[A[1Gpulling manifest [K
pulling 1b2b95e2f0eb:  22% ▕████              ▏ 1.8 GB/8.1 GB  6.7 MB/s  15m34s[K[A[1Gpulling manifest [K
pulling 1b2b95e2f0eb:  22% ▕████              ▏ 1.8 GB/8.1 GB  6.7 MB/s  15m34s[K[A[1Gpulling manifest [K
pulling 1b2b95e2f0eb:  22% ▕████              ▏ 1.8 GB/8.1 GB  6.7 MB/s  15m34s[K[A[1Gpulling manifest [K
pulling 1b2b95e2f0eb:  22% ▕████              ▏ 1.8 GB/8.1 GB  6.7 MB/s  15m34s[K[A[1Gpulling manifest [K
pulling 1b2b95e2f0eb:  22% ▕████              ▏ 1.8 GB/8.1 GB  6.7 MB/s  15m34s[K[A[1Gpulling manifest [K
pulling 1b2b95e2f0eb:  23% ▕████              ▏ 1.8 GB/8.1 GB  6.7 MB/s  15m34s[K[A[1Gpulling manifest [K
pulling 1b2b95e2f0eb:  23% ▕████              ▏ 1.8 GB/8.1 GB  6.7 MB/s  15m34s[K[A[1Gpulling manifest [K
pulling 1b2b95e2f0eb:  23% ▕████              ▏ 1.8 GB/8.1 GB  6.7 MB/s  15m34s[K[A[1Gpulling manifest [K
pulling 1b2b95e2f0eb:  23% ▕████              ▏ 1.8 GB/8.1 GB  6.7 MB/s  15m43s[K[A[1Gpulling manifest [K
pulling 1b2b95e2f0eb:  23% ▕████              ▏ 1.8 GB/8.1 GB  6.7 MB/s  15m43s[K[A[1Gpulling manifest [K
pulling 1b2b95e2f0eb:  23% ▕████              ▏ 1.8 GB/8.1 GB  6.7 MB/s  15m43s[K[A[1Gpulling manifest [K
pulling 1b2b95e2f0eb:  23% ▕████              ▏ 1.8 GB/8.1 GB  6.7 MB/s  15m43s[K[A[1Gpulling manifest [K
pulling 1b2b95e2f0eb:  23% ▕████              ▏ 1.8 GB/8.1 GB  6.7 MB/s  15m43s[K[A[1Gpulling manifest [K
pulling 1b2b95e2f0eb:  23% ▕████              ▏ 1.8 GB/8.1 GB  6.7 MB/s  15m43s[K[A[1Gpulling manifest [K
pulling 1b2b95e2f0eb:  23% ▕████              ▏ 1.8 GB/8.1 GB  6.7 MB/s  15m43s[K[A[1Gpulling manifest [K
pulling 1b2b95e2f0eb:  23% ▕████              ▏ 1.8 GB/8.1 GB  6.7 MB/s  15m43s[K[A[1Gpulling manifest [K
pulling 1b2b95e2f0eb:  23% ▕████              ▏ 1.8 GB/8.1 GB  6.7 MB/s  15m43s[K[A[1Gpulling manifest [K
pulling 1b2b95e2f0eb:  23% ▕████              ▏ 1.8 GB/8.1 GB  6.7 MB/s  15m42s[K[A[1Gpulling manifest [K
pulling 1b2b95e2f0eb:  23% ▕████              ▏ 1.8 GB/8.1 GB  6.7 MB/s  15m42s[K[A[1Gpulling manifest [K
pulling 1b2b95e2f0eb:  23% ▕████              ▏ 1.8 GB/8.1 GB  6.7 MB/s  15m42s[K[A[1Gpulling manifest [K
pulling 1b2b95e2f0eb:  23% ▕████              ▏ 1.8 GB/8.1 GB  6.7 MB/s  15m42s[K[A[1Gpulling manifest [K
pulling 1b2b95e2f0eb:  23% ▕████              ▏ 1.8 GB/8.1 GB  6.7 MB/s  15m42s[K[A[1Gpulling manifest [K
pulling 1b2b95e2f0eb:  23% ▕████              ▏ 1.8 GB/8.1 GB  6.7 MB/s  15m41s[K[A[1Gpulling manifest [K
pulling 1b2b95e2f0eb:  23% ▕████              ▏ 1.8 GB/8.1 GB  6.7 MB/s  15m41s[K[A[1Gpulling manifest [K
pulling 1b2b95e2f0eb:  23% ▕████              ▏ 1.8 GB/8.1 GB  6.7 MB/s  15m41s[K[A[1Gpulling manifest [K
pulling 1b2b95e2f0eb:  23% ▕████              ▏ 1.8 GB/8.1 GB  6.7 MB/s  15m41s[K[A[1Gpulling manifest [K
pulling 1b2b95e2f0eb:  23% ▕████              ▏ 1.8 GB/8.1 GB  6.7 MB/s  15m41s[K[A[1Gpulling manifest [K
pulling 1b2b95e2f0eb:  23% ▕████              ▏ 1.8 GB/8.1 GB  6.7 MB/s  15m41s[K[A[1Gpulling manifest [K
pulling 1b2b95e2f0eb:  23% ▕████              ▏ 1.8 GB/8.1 GB  6.7 MB/s  15m41s[K[A[1Gpulling manifest [K
pulling 1b2b95e2f0eb:  23% ▕████              ▏ 1.8 GB/8.1 GB  6.7 MB/s  15m35s[K[A[1Gpulling manifest [K
pulling 1b2b95e2f0eb:  23% ▕████              ▏ 1.8 GB/8.1 GB  6.7 MB/s  15m35s[K[A[1Gpulling manifest [K
pulling 1b2b95e2f0eb:  23% ▕████              ▏ 1.8 GB/8.1 GB  6.7 MB/s  15m35s[K[A[1Gpulling manifest [K
pulling 1b2b95e2f0eb:  23% ▕████              ▏ 1.8 GB/8.1 GB  6.7 MB/s  15m35s[K[A[1Gpulling manifest [K
pulling 1b2b95e2f0eb:  23% ▕████              ▏ 1.8 GB/8.1 GB  6.7 MB/s  15m35s[K[A[1Gpulling manifest [K
pulling 1b2b95e2f0eb:  23% ▕████              ▏ 1.8 GB/8.1 GB  6.7 MB/s  15m35s[K[A[1Gpulling manifest [K
pulling 1b2b95e2f0eb:  23% ▕████              ▏ 1.8 GB/8.1 GB  6.7 MB/s  15m34s[K[A[1Gpulling manifest [K
pulling 1b2b95e2f0eb:  23% ▕████              ▏ 1.8 GB/8.1 GB  6.7 MB/s  15m34s[K[A[1Gpulling manifest [K
pulling 1b2b95e2f0eb:  23% ▕████              ▏ 1.8 GB/8.1 GB  6.7 MB/s  15m34s[K[A[1Gpulling manifest [K
pulling 1b2b95e2f0eb:  23% ▕████              ▏ 1.8 GB/8.1 GB  6.7 MB/s  15m34s[K[A[1Gpulling manifest [K
pulling 1b2b95e2f0eb:  23% ▕████              ▏ 1.8 GB/8.1 GB  6.7 MB/s  15m38s[K[A[1Gpulling manifest [K
pulling 1b2b95e2f0eb:  23% ▕████              ▏ 1.8 GB/8.1 GB  6.7 MB/s  15m38s[K[A[1Gpulling manifest [K
pulling 1b2b95e2f0eb:  23% ▕████              ▏ 1.8 GB/8.1 GB  6.7 MB/s  15m37s[K[A[1Gpulling manifest [K
pulling 1b2b95e2f0eb:  23% ▕████              ▏ 1.8 GB/8.1 GB  6.7 MB/s  15m37s[K[A[1Gpulling manifest [K
pulling 1b2b95e2f0eb:  23% ▕████              ▏ 1.9 GB/8.1 GB  6.7 MB/s  15m37s[K[A[1Gpulling manifest [K
pulling 1b2b95e2f0eb:  23% ▕████              ▏ 1.9 GB/8.1 GB  6.7 MB/s  15m37s[K[A[1Gpulling manifest [K
pulling 1b2b95e2f0eb:  23% ▕████              ▏ 1.9 GB/8.1 GB  6.7 MB/s  15m37s[K[A[1Gpulling manifest [K
pulling 1b2b95e2f0eb:  23% ▕████              ▏ 1.9 GB/8.1 GB  6.7 MB/s  15m37s[K[A[1Gpulling manifest [K
pulling 1b2b95e2f0eb:  23% ▕████              ▏ 1.9 GB/8.1 GB  6.7 MB/s  15m37s[K[A[1Gpulling manifest [K
pulling 1b2b95e2f0eb:  23% ▕████              ▏ 1.9 GB/8.1 GB  6.7 MB/s  15m37s[K[A[1Gpulling manifest [K
pulling 1b2b95e2f0eb:  23% ▕████              ▏ 1.9 GB/8.1 GB  6.7 MB/s  15m31s[K[A[1Gpulling manifest [K
pulling 1b2b95e2f0eb:  23% ▕████              ▏ 1.9 GB/8.1 GB  6.7 MB/s  15m31s[K[A[1Gpulling manifest [K
pulling 1b2b95e2f0eb:  23% ▕████              ▏ 1.9 GB/8.1 GB  6.7 MB/s  15m31s[K[A[1Gpulling manifest [K
pulling 1b2b95e2f0eb:  23% ▕████              ▏ 1.9 GB/8.1 GB  6.7 MB/s  15m31s[K[A[1Gpulling manifest [K
pulling 1b2b95e2f0eb:  23% ▕████              ▏ 1.9 GB/8.1 GB  6.7 MB/s  15m31s[K[A[1Gpulling manifest [K
pulling 1b2b95e2f0eb:  23% ▕████              ▏ 1.9 GB/8.1 GB  6.7 MB/s  15m31s[K[A[1Gpulling manifest [K
pulling 1b2b95e2f0eb:  23% ▕████              ▏ 1.9 GB/8.1 GB  6.7 MB/s  15m31s[K[A[1Gpulling manifest [K
pulling 1b2b95e2f0eb:  23% ▕████              ▏ 1.9 GB/8.1 GB  6.7 MB/s  15m31s[K[A[1Gpulling manifest [K
pulling 1b2b95e2f0eb:  23% ▕████              ▏ 1.9 GB/8.1 GB  6.7 MB/s  15m31s[K[A[1Gpulling manifest [K
pulling 1b2b95e2f0eb:  23% ▕████              ▏ 1.9 GB/8.1 GB  6.7 MB/s  15m30s[K[A[1Gpulling manifest [K
pulling 1b2b95e2f0eb:  23% ▕████              ▏ 1.9 GB/8.1 GB  6.7 MB/s  15m31s[K[A[1Gpulling manifest [K
pulling 1b2b95e2f0eb:  23% ▕████              ▏ 1.9 GB/8.1 GB  6.7 MB/s  15m31s[K[A[1Gpulling manifest [K
pulling 1b2b95e2f0eb:  23% ▕████              ▏ 1.9 GB/8.1 GB  6.7 MB/s  15m31s[K[A[1Gpulling manifest [K
pulling 1b2b95e2f0eb:  23% ▕████              ▏ 1.9 GB/8.1 GB  6.7 MB/s  15m30s[K[A[1Gpulling manifest [K
pulling 1b2b95e2f0eb:  23% ▕████              ▏ 1.9 GB/8.1 GB  6.7 MB/s  15m30s[K[A[1Gpulling manifest [K
pulling 1b2b95e2f0eb:  23% ▕████              ▏ 1.9 GB/8.1 GB  6.7 MB/s  15m30s[K[A[1Gpulling manifest [K
pulling 1b2b95e2f0eb:  23% ▕████              ▏ 1.9 GB/8.1 GB  6.7 MB/s  15m30s[K[A[1Gpulling manifest [K
pulling 1b2b95e2f0eb:  23% ▕████              ▏ 1.9 GB/8.1 GB  6.7 MB/s  15m30s[K[A[1Gpulling manifest [K
pulling 1b2b95e2f0eb:  23% ▕████              ▏ 1.9 GB/8.1 GB  6.7 MB/s  15m30s[K[A[1Gpulling manifest [K
pulling 1b2b95e2f0eb:  23% ▕████              ▏ 1.9 GB/8.1 GB  6.7 MB/s  15m30s[K[A[1Gpulling manifest [K
pulling 1b2b95e2f0eb:  23% ▕████              ▏ 1.9 GB/8.1 GB  6.7 MB/s  15m25s[K[A[1Gpulling manifest [K
pulling 1b2b95e2f0eb:  23% ▕████              ▏ 1.9 GB/8.1 GB  6.7 MB/s  15m25s[K[A[1Gpulling manifest [K
pulling 1b2b95e2f0eb:  23% ▕████              ▏ 1.9 GB/8.1 GB  6.7 MB/s  15m25s[K[A[1Gpulling manifest [K
pulling 1b2b95e2f0eb:  23% ▕████              ▏ 1.9 GB/8.1 GB  6.7 MB/s  15m25s[K[A[1Gpulling manifest [K
pulling 1b2b95e2f0eb:  23% ▕████              ▏ 1.9 GB/8.1 GB  6.7 MB/s  15m25s[K[A[1Gpulling manifest [K
pulling 1b2b95e2f0eb:  23% ▕████              ▏ 1.9 GB/8.1 GB  6.7 MB/s  15m25s[K[A[1Gpulling manifest [K
pulling 1b2b95e2f0eb:  23% ▕████              ▏ 1.9 GB/8.1 GB  6.7 MB/s  15m25s[K[A[1Gpulling manifest [K
pulling 1b2b95e2f0eb:  23% ▕████              ▏ 1.9 GB/8.1 GB  6.7 MB/s  15m24s[K[A[1Gpulling manifest [K
pulling 1b2b95e2f0eb:  23% ▕████              ▏ 1.9 GB/8.1 GB  6.7 MB/s  15m24s[K[A[1Gpulling manifest [K
pulling 1b2b95e2f0eb:  23% ▕████              ▏ 1.9 GB/8.1 GB  6.7 MB/s  15m24s[K[A[1Gpulling manifest [K
pulling 1b2b95e2f0eb:  23% ▕████              ▏ 1.9 GB/8.1 GB  6.7 MB/s  15m24s[K[A[1Gpulling manifest [K
pulling 1b2b95e2f0eb:  23% ▕████              ▏ 1.9 GB/8.1 GB  6.8 MB/s  15m23s[K[A[1Gpulling manifest [K
pulling 1b2b95e2f0eb:  23% ▕████              ▏ 1.9 GB/8.1 GB  6.8 MB/s  15m22s[K[A[1Gpulling manifest [K
pulling 1b2b95e2f0eb:  23% ▕████              ▏ 1.9 GB/8.1 GB  6.8 MB/s  15m22s[K[A[1Gpulling manifest [K
pulling 1b2b95e2f0eb:  23% ▕████              ▏ 1.9 GB/8.1 GB  6.8 MB/s  15m22s[K[A[1Gpulling manifest [K
pulling 1b2b95e2f0eb:  23% ▕████              ▏ 1.9 GB/8.1 GB  6.8 MB/s  15m22s[K[A[1Gpulling manifest [K
pulling 1b2b95e2f0eb:  23% ▕████              ▏ 1.9 GB/8.1 GB  6.8 MB/s  15m22s[K[A[1Gpulling manifest [K
pulling 1b2b95e2f0eb:  23% ▕████              ▏ 1.9 GB/8.1 GB  6.8 MB/s  15m22s[K[A[1Gpulling manifest [K
pulling 1b2b95e2f0eb:  23% ▕████              ▏ 1.9 GB/8.1 GB  6.8 MB/s  15m22s[K[A[1Gpulling manifest [K
pulling 1b2b95e2f0eb:  23% ▕████              ▏ 1.9 GB/8.1 GB  6.8 MB/s  15m22s[K[A[1Gpulling manifest [K
pulling 1b2b95e2f0eb:  23% ▕████              ▏ 1.9 GB/8.1 GB  6.8 MB/s  15m22s[K[A[1Gpulling manifest [K
pulling 1b2b95e2f0eb:  23% ▕████              ▏ 1.9 GB/8.1 GB  6.8 MB/s  15m12s[K[A[1Gpulling manifest [K
pulling 1b2b95e2f0eb:  23% ▕████              ▏ 1.9 GB/8.1 GB  6.8 MB/s  15m12s[K[A[1Gpulling manifest [K
pulling 1b2b95e2f0eb:  23% ▕████              ▏ 1.9 GB/8.1 GB  6.8 MB/s  15m12s[K[A[1Gpulling manifest [K
pulling 1b2b95e2f0eb:  23% ▕████              ▏ 1.9 GB/8.1 GB  6.8 MB/s  15m12s[K[A[1Gpulling manifest [K
pulling 1b2b95e2f0eb:  23% ▕████              ▏ 1.9 GB/8.1 GB  6.8 MB/s  15m12s[K[A[1Gpulling manifest [K
pulling 1b2b95e2f0eb:  23% ▕████              ▏ 1.9 GB/8.1 GB  6.8 MB/s  15m12s[K[A[1Gpulling manifest [K
pulling 1b2b95e2f0eb:  23% ▕████              ▏ 1.9 GB/8.1 GB  6.8 MB/s  15m12s[K[A[1Gpulling manifest [K
pulling 1b2b95e2f0eb:  23% ▕████              ▏ 1.9 GB/8.1 GB  6.8 MB/s  15m12s[K[A[1Gpulling manifest [K
pulling 1b2b95e2f0eb:  23% ▕████              ▏ 1.9 GB/8.1 GB  6.8 MB/s  15m11s[K[A[1Gpulling manifest [K
pulling 1b2b95e2f0eb:  23% ▕████              ▏ 1.9 GB/8.1 GB  6.8 MB/s  15m11s[K[A[1Gpulling manifest [K
pulling 1b2b95e2f0eb:  23% ▕████              ▏ 1.9 GB/8.1 GB  6.9 MB/s   15m4s[K[A[1Gpulling manifest [K
pulling 1b2b95e2f0eb:  23% ▕████              ▏ 1.9 GB/8.1 GB  6.9 MB/s   15m4s[K[A[1Gpulling manifest [K
pulling 1b2b95e2f0eb:  23% ▕████              ▏ 1.9 GB/8.1 GB  6.9 MB/s   15m4s[K[A[1Gpulling manifest [K
pulling 1b2b95e2f0eb:  23% ▕████              ▏ 1.9 GB/8.1 GB  6.9 MB/s   15m4s[K[A[1Gpulling manifest [K
pulling 1b2b95e2f0eb:  23% ▕████              ▏ 1.9 GB/8.1 GB  6.9 MB/s   15m4s[K[A[1Gpulling manifest [K
pulling 1b2b95e2f0eb:  23% ▕████              ▏ 1.9 GB/8.1 GB  6.9 MB/s   15m4s[K[A[1Gpulling manifest [K
pulling 1b2b95e2f0eb:  23% ▕████              ▏ 1.9 GB/8.1 GB  6.9 MB/s   15m4s[K[A[1Gpulling manifest [K
pulling 1b2b95e2f0eb:  23% ▕████              ▏ 1.9 GB/8.1 GB  6.9 MB/s   15m4s[K[A[1Gpulling manifest [K
pulling 1b2b95e2f0eb:  23% ▕████              ▏ 1.9 GB/8.1 GB  6.9 MB/s   15m3s[K[A[1Gpulling manifest [K
pulling 1b2b95e2f0eb:  23% ▕████              ▏ 1.9 GB/8.1 GB  6.9 MB/s   15m3s[K[A[1Gpulling manifest [K
pulling 1b2b95e2f0eb:  23% ▕████              ▏ 1.9 GB/8.1 GB  6.9 MB/s  14m57s[K[A[1Gpulling manifest [K
pulling 1b2b95e2f0eb:  23% ▕████              ▏ 1.9 GB/8.1 GB  6.9 MB/s  14m56s[K[A[1Gpulling manifest [K
pulling 1b2b95e2f0eb:  23% ▕████              ▏ 1.9 GB/8.1 GB  6.9 MB/s  14m56s[K[A[1Gpulling manifest [K
pulling 1b2b95e2f0eb:  23% ▕████              ▏ 1.9 GB/8.1 GB  6.9 MB/s  14m56s[K[A[1Gpulling manifest [K
pulling 1b2b95e2f0eb:  23% ▕████              ▏ 1.9 GB/8.1 GB  6.9 MB/s  14m56s[K[A[1Gpulling manifest [K
pulling 1b2b95e2f0eb:  23% ▕████              ▏ 1.9 GB/8.1 GB  6.9 MB/s  14m56s[K[A[1Gpulling manifest [K
pulling 1b2b95e2f0eb:  23% ▕████              ▏ 1.9 GB/8.1 GB  6.9 MB/s  14m56s[K[A[1Gpulling manifest [K
pulling 1b2b95e2f0eb:  23% ▕████              ▏ 1.9 GB/8.1 GB  6.9 MB/s  14m56s[K[A[1Gpulling manifest [K
pulling 1b2b95e2f0eb:  23% ▕████              ▏ 1.9 GB/8.1 GB  6.9 MB/s  14m56s[K[A[1Gpulling manifest [K
pulling 1b2b95e2f0eb:  23% ▕████              ▏ 1.9 GB/8.1 GB  6.9 MB/s  14m56s[K[A[1Gpulling manifest [K
pulling 1b2b95e2f0eb:  23% ▕████              ▏ 1.9 GB/8.1 GB  6.9 MB/s   15m0s[K[A[1Gpulling manifest [K
pulling 1b2b95e2f0eb:  23% ▕████              ▏ 1.9 GB/8.1 GB  6.9 MB/s   15m0s[K[A[1Gpulling manifest [K
pulling 1b2b95e2f0eb:  23% ▕████              ▏ 1.9 GB/8.1 GB  6.9 MB/s   15m0s[K[A[1Gpulling manifest [K
pulling 1b2b95e2f0eb:  23% ▕████              ▏ 1.9 GB/8.1 GB  6.9 MB/s   15m0s[K[A[1Gpulling manifest [K
pulling 1b2b95e2f0eb:  23% ▕████              ▏ 1.9 GB/8.1 GB  6.9 MB/s   15m0s[K[A[1Gpulling manifest [K
pulling 1b2b95e2f0eb:  24% ▕████              ▏ 1.9 GB/8.1 GB  6.9 MB/s   15m0s[K[A[1Gpulling manifest [K
pulling 1b2b95e2f0eb:  24% ▕████              ▏ 1.9 GB/8.1 GB  6.9 MB/s   15m0s[K[A[1Gpulling manifest [K
pulling 1b2b95e2f0eb:  24% ▕████              ▏ 1.9 GB/8.1 GB  6.9 MB/s  14m59s[K[A[1Gpulling manifest [K
pulling 1b2b95e2f0eb:  24% ▕████              ▏ 1.9 GB/8.1 GB  6.9 MB/s  14m59s[K[A[1Gpulling manifest [K
pulling 1b2b95e2f0eb:  24% ▕████              ▏ 1.9 GB/8.1 GB  6.9 MB/s  14m59s[K[A[1Gpulling manifest [K
pulling 1b2b95e2f0eb:  24% ▕████              ▏ 1.9 GB/8.1 GB  6.9 MB/s  14m59s[K[A[1Gpulling manifest [K
pulling 1b2b95e2f0eb:  24% ▕████              ▏ 1.9 GB/8.1 GB  6.9 MB/s  14m53s[K[A[1Gpulling manifest [K
pulling 1b2b95e2f0eb:  24% ▕████              ▏ 1.9 GB/8.1 GB  6.9 MB/s  14m53s[K[A[1Gpulling manifest [K
pulling 1b2b95e2f0eb:  24% ▕████              ▏ 1.9 GB/8.1 GB  6.9 MB/s  14m53s[K[A[1Gpulling manifest [K
pulling 1b2b95e2f0eb:  24% ▕████              ▏ 1.9 GB/8.1 GB  6.9 MB/s  14m53s[K[A[1Gpulling manifest [K
pulling 1b2b95e2f0eb:  24% ▕████              ▏ 1.9 GB/8.1 GB  6.9 MB/s  14m53s[K[A[1Gpulling manifest [K
pulling 1b2b95e2f0eb:  24% ▕████              ▏ 1.9 GB/8.1 GB  6.9 MB/s  14m53s[K[A[1Gpulling manifest [K
pulling 1b2b95e2f0eb:  24% ▕████              ▏ 1.9 GB/8.1 GB  6.9 MB/s  14m53s[K[A[1Gpulling manifest [K
pulling 1b2b95e2f0eb:  24% ▕████              ▏ 1.9 GB/8.1 GB  6.9 MB/s  14m53s[K[A[1Gpulling manifest [K
pulling 1b2b95e2f0eb:  24% ▕████              ▏ 1.9 GB/8.1 GB  6.9 MB/s  14m53s[K[A[1Gpulling manifest [K
pulling 1b2b95e2f0eb:  24% ▕████              ▏ 1.9 GB/8.1 GB  6.9 MB/s  14m52s[K[A[1Gpulling manifest [K
pulling 1b2b95e2f0eb:  24% ▕████              ▏ 1.9 GB/8.1 GB  7.0 MB/s  14m44s[K[A[1Gpulling manifest [K
pulling 1b2b95e2f0eb:  24% ▕████              ▏ 1.9 GB/8.1 GB  7.0 MB/s  14m44s[K[A[1Gpulling manifest [K
pulling 1b2b95e2f0eb:  24% ▕████              ▏ 1.9 GB/8.1 GB  7.0 MB/s  14m44s[K[A[1Gpulling manifest [K
pulling 1b2b95e2f0eb:  24% ▕████              ▏ 1.9 GB/8.1 GB  7.0 MB/s  14m44s[K[A[1Gpulling manifest [K
pulling 1b2b95e2f0eb:  24% ▕████              ▏ 1.9 GB/8.1 GB  7.0 MB/s  14m44s[K[A[1Gpulling manifest [K
pulling 1b2b95e2f0eb:  24% ▕████              ▏ 1.9 GB/8.1 GB  7.0 MB/s  14m44s[K[A[1Gpulling manifest [K
pulling 1b2b95e2f0eb:  24% ▕████              ▏ 1.9 GB/8.1 GB  7.0 MB/s  14m43s[K[A[1Gpulling manifest [K
pulling 1b2b95e2f0eb:  24% ▕████              ▏ 1.9 GB/8.1 GB  7.0 MB/s  14m43s[K[A[1Gpulling manifest [K
pulling 1b2b95e2f0eb:  24% ▕████              ▏ 1.9 GB/8.1 GB  7.0 MB/s  14m43s[K[A[1Gpulling manifest [K
pulling 1b2b95e2f0eb:  24% ▕████              ▏ 1.9 GB/8.1 GB  7.0 MB/s  14m43s[K[A[1Gpulling manifest [K
pulling 1b2b95e2f0eb:  24% ▕████              ▏ 1.9 GB/8.1 GB  7.0 MB/s  14m38s[K[A[1Gpulling manifest [K
pulling 1b2b95e2f0eb:  24% ▕████              ▏ 1.9 GB/8.1 GB  7.0 MB/s  14m37s[K[A[1Gpulling manifest [K
pulling 1b2b95e2f0eb:  24% ▕████              ▏ 1.9 GB/8.1 GB  7.0 MB/s  14m37s[K[A[1Gpulling manifest [K
pulling 1b2b95e2f0eb:  24% ▕████              ▏ 1.9 GB/8.1 GB  7.0 MB/s  14m37s[K[A[1Gpulling manifest [K
pulling 1b2b95e2f0eb:  24% ▕████              ▏ 1.9 GB/8.1 GB  7.0 MB/s  14m37s[K[A[1Gpulling manifest [K
pulling 1b2b95e2f0eb:  24% ▕████              ▏ 1.9 GB/8.1 GB  7.0 MB/s  14m37s[K[A[1Gpulling manifest [K
pulling 1b2b95e2f0eb:  24% ▕████              ▏ 1.9 GB/8.1 GB  7.0 MB/s  14m37s[K[A[1Gpulling manifest [K
pulling 1b2b95e2f0eb:  24% ▕████              ▏ 1.9 GB/8.1 GB  7.0 MB/s  14m37s[K[A[1Gpulling manifest [K
pulling 1b2b95e2f0eb:  24% ▕████              ▏ 1.9 GB/8.1 GB  7.0 MB/s  14m37s[K[A[1Gpulling manifest [K
pulling 1b2b95e2f0eb:  24% ▕████              ▏ 1.9 GB/8.1 GB  7.0 MB/s  14m37s[K[A[1Gpulling manifest [K
pulling 1b2b95e2f0eb:  24% ▕████              ▏ 1.9 GB/8.1 GB  7.1 MB/s  14m33s[K[A[1Gpulling manifest [K
pulling 1b2b95e2f0eb:  24% ▕████              ▏ 1.9 GB/8.1 GB  7.1 MB/s  14m33s[K[A[1Gpulling manifest [K
pulling 1b2b95e2f0eb:  24% ▕████              ▏ 1.9 GB/8.1 GB  7.1 MB/s  14m32s[K[A[1Gpulling manifest [K
pulling 1b2b95e2f0eb:  24% ▕████              ▏ 1.9 GB/8.1 GB  7.1 MB/s  14m32s[K[A[1Gpulling manifest [K
pulling 1b2b95e2f0eb:  24% ▕████              ▏ 1.9 GB/8.1 GB  7.1 MB/s  14m32s[K[A[1Gpulling manifest [K
pulling 1b2b95e2f0eb:  24% ▕████              ▏ 1.9 GB/8.1 GB  7.1 MB/s  14m32s[K[A[1Gpulling manifest [K
pulling 1b2b95e2f0eb:  24% ▕████              ▏ 1.9 GB/8.1 GB  7.1 MB/s  14m32s[K[A[1Gpulling manifest [K
pulling 1b2b95e2f0eb:  24% ▕████              ▏ 1.9 GB/8.1 GB  7.1 MB/s  14m32s[K[A[1Gpulling manifest [K
pulling 1b2b95e2f0eb:  24% ▕████              ▏ 1.9 GB/8.1 GB  7.1 MB/s  14m32s[K[A[1Gpulling manifest [K
pulling 1b2b95e2f0eb:  24% ▕████              ▏ 1.9 GB/8.1 GB  7.1 MB/s  14m32s[K[A[1Gpulling manifest [K
pulling 1b2b95e2f0eb:  24% ▕████              ▏ 1.9 GB/8.1 GB  7.1 MB/s  14m25s[K[A[1Gpulling manifest [K
pulling 1b2b95e2f0eb:  24% ▕████              ▏ 1.9 GB/8.1 GB  7.1 MB/s  14m25s[K[A[1Gpulling manifest [K
pulling 1b2b95e2f0eb:  24% ▕████              ▏ 1.9 GB/8.1 GB  7.1 MB/s  14m25s[K[A[1Gpulling manifest [K
pulling 1b2b95e2f0eb:  24% ▕████              ▏ 1.9 GB/8.1 GB  7.1 MB/s  14m25s[K[A[1Gpulling manifest [K
pulling 1b2b95e2f0eb:  24% ▕████              ▏ 1.9 GB/8.1 GB  7.1 MB/s  14m25s[K[A[1Gpulling manifest [K
pulling 1b2b95e2f0eb:  24% ▕████              ▏ 1.9 GB/8.1 GB  7.1 MB/s  14m25s[K[A[1Gpulling manifest [K
pulling 1b2b95e2f0eb:  24% ▕████              ▏ 1.9 GB/8.1 GB  7.1 MB/s  14m25s[K[A[1Gpulling manifest [K
pulling 1b2b95e2f0eb:  24% ▕████              ▏ 1.9 GB/8.1 GB  7.1 MB/s  14m25s[K[A[1Gpulling manifest [K
pulling 1b2b95e2f0eb:  24% ▕████              ▏ 1.9 GB/8.1 GB  7.1 MB/s  14m25s[K[A[1Gpulling manifest [K
pulling 1b2b95e2f0eb:  24% ▕████              ▏ 1.9 GB/8.1 GB  7.1 MB/s  14m24s[K[A[1Gpulling manifest [K
pulling 1b2b95e2f0eb:  24% ▕████              ▏ 1.9 GB/8.1 GB  7.1 MB/s  14m24s[K[A[1Gpulling manifest [K
pulling 1b2b95e2f0eb:  24% ▕████              ▏ 1.9 GB/8.1 GB  7.0 MB/s  14m37s[K[A[1Gpulling manifest [K
pulling 1b2b95e2f0eb:  24% ▕████              ▏ 1.9 GB/8.1 GB  7.0 MB/s  14m37s[K[A[1Gpulling manifest [K
pulling 1b2b95e2f0eb:  24% ▕████              ▏ 1.9 GB/8.1 GB  7.0 MB/s  14m36s[K[A[1Gpulling manifest [K
pulling 1b2b95e2f0eb:  24% ▕████              ▏ 1.9 GB/8.1 GB  7.0 MB/s  14m36s[K[A[1Gpulling manifest [K
pulling 1b2b95e2f0eb:  24% ▕████              ▏ 1.9 GB/8.1 GB  7.0 MB/s  14m36s[K[A[1Gpulling manifest [K
pulling 1b2b95e2f0eb:  24% ▕████              ▏ 1.9 GB/8.1 GB  7.0 MB/s  14m36s[K[A[1Gpulling manifest [K
pulling 1b2b95e2f0eb:  24% ▕████              ▏ 1.9 GB/8.1 GB  7.0 MB/s  14m36s[K[A[1Gpulling manifest [K
pulling 1b2b95e2f0eb:  24% ▕████              ▏ 2.0 GB/8.1 GB  7.0 MB/s  14m36s[K[A[1Gpulling manifest [K
pulling 1b2b95e2f0eb:  24% ▕████              ▏ 2.0 GB/8.1 GB  7.0 MB/s  14m36s[K[A[1Gpulling manifest [K
pulling 1b2b95e2f0eb:  24% ▕████              ▏ 2.0 GB/8.1 GB  7.0 MB/s  14m36s[K[A[1Gpulling manifest [K
pulling 1b2b95e2f0eb:  24% ▕████              ▏ 2.0 GB/8.1 GB  7.0 MB/s  14m35s[K[A[1Gpulling manifest [K
pulling 1b2b95e2f0eb:  24% ▕████              ▏ 2.0 GB/8.1 GB  7.0 MB/s  14m35s[K[A[1Gpulling manifest [K
pulling 1b2b95e2f0eb:  24% ▕████              ▏ 2.0 GB/8.1 GB  7.0 MB/s  14m35s[K[A[1Gpulling manifest [K
pulling 1b2b95e2f0eb:  24% ▕████              ▏ 2.0 GB/8.1 GB  7.0 MB/s  14m34s[K[A[1Gpulling manifest [K
pulling 1b2b95e2f0eb:  24% ▕████              ▏ 2.0 GB/8.1 GB  7.0 MB/s  14m34s[K[A[1Gpulling manifest [K
pulling 1b2b95e2f0eb:  24% ▕████              ▏ 2.0 GB/8.1 GB  7.0 MB/s  14m34s[K[A[1Gpulling manifest [K
pulling 1b2b95e2f0eb:  24% ▕████              ▏ 2.0 GB/8.1 GB  7.0 MB/s  14m34s[K[A[1Gpulling manifest [K
pulling 1b2b95e2f0eb:  24% ▕████              ▏ 2.0 GB/8.1 GB  7.0 MB/s  14m34s[K[A[1Gpulling manifest [K
pulling 1b2b95e2f0eb:  24% ▕████              ▏ 2.0 GB/8.1 GB  7.0 MB/s  14m34s[K[A[1Gpulling manifest [K
pulling 1b2b95e2f0eb:  24% ▕████              ▏ 2.0 GB/8.1 GB  7.0 MB/s  14m34s[K[A[1Gpulling manifest [K
pulling 1b2b95e2f0eb:  24% ▕████              ▏ 2.0 GB/8.1 GB  7.0 MB/s  14m39s[K[A[1Gpulling manifest [K
pulling 1b2b95e2f0eb:  24% ▕████              ▏ 2.0 GB/8.1 GB  7.0 MB/s  14m39s[K[A[1Gpulling manifest [K
pulling 1b2b95e2f0eb:  24% ▕████              ▏ 2.0 GB/8.1 GB  7.0 MB/s  14m39s[K[A[1Gpulling manifest [K
pulling 1b2b95e2f0eb:  24% ▕████              ▏ 2.0 GB/8.1 GB  7.0 MB/s  14m38s[K[A[1Gpulling manifest [K
pulling 1b2b95e2f0eb:  24% ▕████              ▏ 2.0 GB/8.1 GB  7.0 MB/s  14m38s[K[A[1Gpulling manifest [K
pulling 1b2b95e2f0eb:  24% ▕████              ▏ 2.0 GB/8.1 GB  7.0 MB/s  14m38s[K[A[1Gpulling manifest [K
pulling 1b2b95e2f0eb:  24% ▕████              ▏ 2.0 GB/8.1 GB  7.0 MB/s  14m38s[K[A[1Gpulling manifest [K
pulling 1b2b95e2f0eb:  24% ▕████              ▏ 2.0 GB/8.1 GB  7.0 MB/s  14m38s[K[A[1Gpulling manifest [K
pulling 1b2b95e2f0eb:  24% ▕████              ▏ 2.0 GB/8.1 GB  7.0 MB/s  14m38s[K[A[1Gpulling manifest [K
pulling 1b2b95e2f0eb:  24% ▕████              ▏ 2.0 GB/8.1 GB  7.0 MB/s  14m38s[K[A[1Gpulling manifest [K
pulling 1b2b95e2f0eb:  24% ▕████              ▏ 2.0 GB/8.1 GB  7.0 MB/s  14m34s[K[A[1Gpulling manifest [K
pulling 1b2b95e2f0eb:  24% ▕████              ▏ 2.0 GB/8.1 GB  7.0 MB/s  14m34s[K[A[1Gpulling manifest [K
pulling 1b2b95e2f0eb:  24% ▕████              ▏ 2.0 GB/8.1 GB  7.0 MB/s  14m34s[K[A[1Gpulling manifest [K
pulling 1b2b95e2f0eb:  24% ▕████              ▏ 2.0 GB/8.1 GB  7.0 MB/s  14m34s[K[A[1Gpulling manifest [K
pulling 1b2b95e2f0eb:  24% ▕████              ▏ 2.0 GB/8.1 GB  7.0 MB/s  14m34s[K[A[1Gpulling manifest [K
pulling 1b2b95e2f0eb:  24% ▕████              ▏ 2.0 GB/8.1 GB  7.0 MB/s  14m34s[K[A[1Gpulling manifest [K
pulling 1b2b95e2f0eb:  24% ▕████              ▏ 2.0 GB/8.1 GB  7.0 MB/s  14m34s[K[A[1Gpulling manifest [K
pulling 1b2b95e2f0eb:  24% ▕████              ▏ 2.0 GB/8.1 GB  7.0 MB/s  14m33s[K[A[1Gpulling manifest [K
pulling 1b2b95e2f0eb:  24% ▕████              ▏ 2.0 GB/8.1 GB  7.0 MB/s  14m33s[K[A[1Gpulling manifest [K
pulling 1b2b95e2f0eb:  24% ▕████              ▏ 2.0 GB/8.1 GB  7.0 MB/s  14m33s[K[A[1Gpulling manifest [K
pulling 1b2b95e2f0eb:  24% ▕████              ▏ 2.0 GB/8.1 GB  7.1 MB/s  14m27s[K[A[1Gpulling manifest [K
pulling 1b2b95e2f0eb:  24% ▕████              ▏ 2.0 GB/8.1 GB  7.1 MB/s  14m27s[K[A[1Gpulling manifest [K
pulling 1b2b95e2f0eb:  24% ▕████              ▏ 2.0 GB/8.1 GB  7.1 MB/s  14m27s[K[A[1Gpulling manifest [K
pulling 1b2b95e2f0eb:  24% ▕████              ▏ 2.0 GB/8.1 GB  7.1 MB/s  14m27s[K[A[1Gpulling manifest [K
pulling 1b2b95e2f0eb:  24% ▕████              ▏ 2.0 GB/8.1 GB  7.1 MB/s  14m27s[K[A[1Gpulling manifest [K
pulling 1b2b95e2f0eb:  24% ▕████              ▏ 2.0 GB/8.1 GB  7.1 MB/s  14m27s[K[A[1Gpulling manifest [K
pulling 1b2b95e2f0eb:  24% ▕████              ▏ 2.0 GB/8.1 GB  7.1 MB/s  14m27s[K[A[1Gpulling manifest [K
pulling 1b2b95e2f0eb:  24% ▕████              ▏ 2.0 GB/8.1 GB  7.1 MB/s  14m27s[K[A[1Gpulling manifest [K
pulling 1b2b95e2f0eb:  24% ▕████              ▏ 2.0 GB/8.1 GB  7.1 MB/s  14m26s[K[A[1Gpulling manifest [K
pulling 1b2b95e2f0eb:  24% ▕████              ▏ 2.0 GB/8.1 GB  7.1 MB/s  14m26s[K[A[1Gpulling manifest [K
pulling 1b2b95e2f0eb:  24% ▕████              ▏ 2.0 GB/8.1 GB  7.1 MB/s  14m26s[K[A[1Gpulling manifest [K
pulling 1b2b95e2f0eb:  24% ▕████              ▏ 2.0 GB/8.1 GB  7.0 MB/s  14m33s[K[A[1Gpulling manifest [K
pulling 1b2b95e2f0eb:  24% ▕████              ▏ 2.0 GB/8.1 GB  7.0 MB/s  14m33s[K[A[1Gpulling manifest [K
pulling 1b2b95e2f0eb:  24% ▕████              ▏ 2.0 GB/8.1 GB  7.0 MB/s  14m33s[K[A[1Gpulling manifest [K
pulling 1b2b95e2f0eb:  24% ▕████              ▏ 2.0 GB/8.1 GB  7.0 MB/s  14m33s[K[A[1Gpulling manifest [K
pulling 1b2b95e2f0eb:  24% ▕████              ▏ 2.0 GB/8.1 GB  7.0 MB/s  14m33s[K[A[1Gpulling manifest [K
pulling 1b2b95e2f0eb:  24% ▕████              ▏ 2.0 GB/8.1 GB  7.0 MB/s  14m33s[K[A[1Gpulling manifest [K
pulling 1b2b95e2f0eb:  24% ▕████              ▏ 2.0 GB/8.1 GB  7.0 MB/s  14m33s[K[A[1Gpulling manifest [K
pulling 1b2b95e2f0eb:  24% ▕████              ▏ 2.0 GB/8.1 GB  7.0 MB/s  14m33s[K[A[1Gpulling manifest [K
pulling 1b2b95e2f0eb:  24% ▕████              ▏ 2.0 GB/8.1 GB  7.0 MB/s  14m33s[K[A[1Gpulling manifest [K
pulling 1b2b95e2f0eb:  25% ▕████              ▏ 2.0 GB/8.1 GB  7.0 MB/s  14m33s[K[A[1Gpulling manifest [K
pulling 1b2b95e2f0eb:  25% ▕████              ▏ 2.0 GB/8.1 GB  7.0 MB/s  14m38s[K[A[1Gpulling manifest [K
pulling 1b2b95e2f0eb:  25% ▕████              ▏ 2.0 GB/8.1 GB  7.0 MB/s  14m38s[K[A[1Gpulling manifest [K
pulling 1b2b95e2f0eb:  25% ▕████              ▏ 2.0 GB/8.1 GB  7.0 MB/s  14m38s[K[A[1Gpulling manifest [K
pulling 1b2b95e2f0eb:  25% ▕████              ▏ 2.0 GB/8.1 GB  7.0 MB/s  14m38s[K[A[1Gpulling manifest [K
pulling 1b2b95e2f0eb:  25% ▕████              ▏ 2.0 GB/8.1 GB  7.0 MB/s  14m38s[K[A[1Gpulling manifest [K
pulling 1b2b95e2f0eb:  25% ▕████              ▏ 2.0 GB/8.1 GB  7.0 MB/s  14m37s[K[A[1Gpulling manifest [K
pulling 1b2b95e2f0eb:  25% ▕████              ▏ 2.0 GB/8.1 GB  7.0 MB/s  14m37s[K[A[1Gpulling manifest [K
pulling 1b2b95e2f0eb:  25% ▕████              ▏ 2.0 GB/8.1 GB  7.0 MB/s  14m37s[K[A[1Gpulling manifest [K
pulling 1b2b95e2f0eb:  25% ▕████              ▏ 2.0 GB/8.1 GB  7.0 MB/s  14m37s[K[A[1Gpulling manifest [K
pulling 1b2b95e2f0eb:  25% ▕████              ▏ 2.0 GB/8.1 GB  7.0 MB/s  14m37s[K[A[1Gpulling manifest [K
pulling 1b2b95e2f0eb:  25% ▕████              ▏ 2.0 GB/8.1 GB  6.9 MB/s  14m44s[K[A[1Gpulling manifest [K
pulling 1b2b95e2f0eb:  25% ▕████              ▏ 2.0 GB/8.1 GB  6.9 MB/s  14m44s[K[A[1Gpulling manifest [K
pulling 1b2b95e2f0eb:  25% ▕████              ▏ 2.0 GB/8.1 GB  6.9 MB/s  14m44s[K[A[1Gpulling manifest [K
pulling 1b2b95e2f0eb:  25% ▕████              ▏ 2.0 GB/8.1 GB  6.9 MB/s  14m44s[K[A[1Gpulling manifest [K
pulling 1b2b95e2f0eb:  25% ▕████              ▏ 2.0 GB/8.1 GB  6.9 MB/s  14m44s[K[A[1Gpulling manifest [K
pulling 1b2b95e2f0eb:  25% ▕████              ▏ 2.0 GB/8.1 GB  6.9 MB/s  14m44s[K[A[1Gpulling manifest [K
pulling 1b2b95e2f0eb:  25% ▕████              ▏ 2.0 GB/8.1 GB  6.9 MB/s  14m43s[K[A[1Gpulling manifest [K
pulling 1b2b95e2f0eb:  25% ▕████              ▏ 2.0 GB/8.1 GB  6.9 MB/s  14m43s[K[A[1Gpulling manifest [K
pulling 1b2b95e2f0eb:  25% ▕████              ▏ 2.0 GB/8.1 GB  6.9 MB/s  14m43s[K[A[1Gpulling manifest [K
pulling 1b2b95e2f0eb:  25% ▕████              ▏ 2.0 GB/8.1 GB  6.9 MB/s  14m43s[K[A[1Gpulling manifest [K
pulling 1b2b95e2f0eb:  25% ▕████              ▏ 2.0 GB/8.1 GB  6.9 MB/s  14m50s[K[A[1Gpulling manifest [K
pulling 1b2b95e2f0eb:  25% ▕████              ▏ 2.0 GB/8.1 GB  6.9 MB/s  14m50s[K[A[1Gpulling manifest [K
pulling 1b2b95e2f0eb:  25% ▕████              ▏ 2.0 GB/8.1 GB  6.9 MB/s  14m49s[K[A[1Gpulling manifest [K
pulling 1b2b95e2f0eb:  25% ▕████              ▏ 2.0 GB/8.1 GB  6.9 MB/s  14m49s[K[A[1Gpulling manifest [K
pulling 1b2b95e2f0eb:  25% ▕████              ▏ 2.0 GB/8.1 GB  6.9 MB/s  14m49s[K[A[1Gpulling manifest [K
pulling 1b2b95e2f0eb:  25% ▕████              ▏ 2.0 GB/8.1 GB  6.9 MB/s  14m49s[K[A[1Gpulling manifest [K
pulling 1b2b95e2f0eb:  25% ▕████              ▏ 2.0 GB/8.1 GB  6.9 MB/s  14m49s[K[A[1Gpulling manifest [K
pulling 1b2b95e2f0eb:  25% ▕████              ▏ 2.0 GB/8.1 GB  6.9 MB/s  14m49s[K[A[1Gpulling manifest [K
pulling 1b2b95e2f0eb:  25% ▕████              ▏ 2.0 GB/8.1 GB  6.9 MB/s  14m49s[K[A[1Gpulling manifest [K
pulling 1b2b95e2f0eb:  25% ▕████              ▏ 2.0 GB/8.1 GB  6.9 MB/s  14m49s[K[A[1Gpulling manifest [K
pulling 1b2b95e2f0eb:  25% ▕████              ▏ 2.0 GB/8.1 GB  6.9 MB/s  14m41s[K[A[1Gpulling manifest [K
pulling 1b2b95e2f0eb:  25% ▕████              ▏ 2.0 GB/8.1 GB  6.9 MB/s  14m41s[K[A[1Gpulling manifest [K
pulling 1b2b95e2f0eb:  25% ▕████              ▏ 2.0 GB/8.1 GB  6.9 MB/s  14m41s[K[A[1Gpulling manifest [K
pulling 1b2b95e2f0eb:  25% ▕████              ▏ 2.0 GB/8.1 GB  6.9 MB/s  14m41s[K[A[1Gpulling manifest [K
pulling 1b2b95e2f0eb:  25% ▕████              ▏ 2.0 GB/8.1 GB  6.9 MB/s  14m41s[K[A[1Gpulling manifest [K
pulling 1b2b95e2f0eb:  25% ▕████              ▏ 2.0 GB/8.1 GB  6.9 MB/s  14m41s[K[A[1Gpulling manifest [K
pulling 1b2b95e2f0eb:  25% ▕████              ▏ 2.0 GB/8.1 GB  6.9 MB/s  14m41s[K[A[1Gpulling manifest [K
pulling 1b2b95e2f0eb:  25% ▕████              ▏ 2.0 GB/8.1 GB  6.9 MB/s  14m40s[K[A[1Gpulling manifest [K
pulling 1b2b95e2f0eb:  25% ▕████              ▏ 2.0 GB/8.1 GB  6.9 MB/s  14m40s[K[A[1Gpulling manifest [K
pulling 1b2b95e2f0eb:  25% ▕████              ▏ 2.0 GB/8.1 GB  6.9 MB/s  14m40s[K[A[1Gpulling manifest [K
pulling 1b2b95e2f0eb:  25% ▕████              ▏ 2.0 GB/8.1 GB  6.9 MB/s  14m40s[K[A[1Gpulling manifest [K
pulling 1b2b95e2f0eb:  25% ▕████              ▏ 2.0 GB/8.1 GB  6.9 MB/s  14m39s[K[A[1Gpulling manifest [K
pulling 1b2b95e2f0eb:  25% ▕████              ▏ 2.0 GB/8.1 GB  6.9 MB/s  14m39s[K[A[1Gpulling manifest [K
pulling 1b2b95e2f0eb:  25% ▕████              ▏ 2.0 GB/8.1 GB  6.9 MB/s  14m39s[K[A[1Gpulling manifest [K
pulling 1b2b95e2f0eb:  25% ▕████              ▏ 2.0 GB/8.1 GB  6.9 MB/s  14m39s[K[A[1Gpulling manifest [K
pulling 1b2b95e2f0eb:  25% ▕████              ▏ 2.0 GB/8.1 GB  6.9 MB/s  14m39s[K[A[1Gpulling manifest [K
pulling 1b2b95e2f0eb:  25% ▕████              ▏ 2.0 GB/8.1 GB  6.9 MB/s  14m39s[K[A[1Gpulling manifest [K
pulling 1b2b95e2f0eb:  25% ▕████              ▏ 2.0 GB/8.1 GB  6.9 MB/s  14m39s[K[A[1Gpulling manifest [K
pulling 1b2b95e2f0eb:  25% ▕████              ▏ 2.0 GB/8.1 GB  6.9 MB/s  14m39s[K[A[1Gpulling manifest [K
pulling 1b2b95e2f0eb:  25% ▕████              ▏ 2.0 GB/8.1 GB  6.9 MB/s  14m39s[K[A[1Gpulling manifest [K
pulling 1b2b95e2f0eb:  25% ▕████              ▏ 2.0 GB/8.1 GB  6.9 MB/s  14m38s[K[A[1Gpulling manifest [K
pulling 1b2b95e2f0eb:  25% ▕████              ▏ 2.0 GB/8.1 GB  6.9 MB/s  14m36s[K[A[1Gpulling manifest [K
pulling 1b2b95e2f0eb:  25% ▕████              ▏ 2.0 GB/8.1 GB  6.9 MB/s  14m36s[K[A[1Gpulling manifest [K
pulling 1b2b95e2f0eb:  25% ▕████              ▏ 2.0 GB/8.1 GB  6.9 MB/s  14m36s[K[A[1Gpulling manifest [K
pulling 1b2b95e2f0eb:  25% ▕████              ▏ 2.0 GB/8.1 GB  6.9 MB/s  14m36s[K[A[1Gpulling manifest [K
pulling 1b2b95e2f0eb:  25% ▕████              ▏ 2.0 GB/8.1 GB  6.9 MB/s  14m36s[K[A[1Gpulling manifest [K
pulling 1b2b95e2f0eb:  25% ▕████              ▏ 2.0 GB/8.1 GB  6.9 MB/s  14m36s[K[A[1Gpulling manifest [K
pulling 1b2b95e2f0eb:  25% ▕████              ▏ 2.0 GB/8.1 GB  6.9 MB/s  14m36s[K[A[1Gpulling manifest [K
pulling 1b2b95e2f0eb:  25% ▕████              ▏ 2.0 GB/8.1 GB  6.9 MB/s  14m36s[K[A[1Gpulling manifest [K
pulling 1b2b95e2f0eb:  25% ▕████              ▏ 2.0 GB/8.1 GB  6.9 MB/s  14m35s[K[A[1Gpulling manifest [K
pulling 1b2b95e2f0eb:  25% ▕████              ▏ 2.0 GB/8.1 GB  6.9 MB/s  14m35s[K[A[1Gpulling manifest [K
pulling 1b2b95e2f0eb:  25% ▕████              ▏ 2.0 GB/8.1 GB  6.9 MB/s  14m38s[K[A[1Gpulling manifest [K
pulling 1b2b95e2f0eb:  25% ▕████              ▏ 2.0 GB/8.1 GB  6.9 MB/s  14m38s[K[A[1Gpulling manifest [K
pulling 1b2b95e2f0eb:  25% ▕████              ▏ 2.0 GB/8.1 GB  6.9 MB/s  14m37s[K[A[1Gpulling manifest [K
pulling 1b2b95e2f0eb:  25% ▕████              ▏ 2.0 GB/8.1 GB  6.9 MB/s  14m37s[K[A[1Gpulling manifest [K
pulling 1b2b95e2f0eb:  25% ▕████              ▏ 2.0 GB/8.1 GB  6.9 MB/s  14m37s[K[A[1Gpulling manifest [K
pulling 1b2b95e2f0eb:  25% ▕████              ▏ 2.0 GB/8.1 GB  6.9 MB/s  14m37s[K[A[1Gpulling manifest [K
pulling 1b2b95e2f0eb:  25% ▕████              ▏ 2.0 GB/8.1 GB  6.9 MB/s  14m37s[K[A[1Gpulling manifest [K
pulling 1b2b95e2f0eb:  25% ▕████              ▏ 2.0 GB/8.1 GB  6.9 MB/s  14m37s[K[A[1Gpulling manifest [K
pulling 1b2b95e2f0eb:  25% ▕████              ▏ 2.0 GB/8.1 GB  6.9 MB/s  14m37s[K[A[1Gpulling manifest [K
pulling 1b2b95e2f0eb:  25% ▕████              ▏ 2.0 GB/8.1 GB  6.9 MB/s  14m37s[K[A[1Gpulling manifest [K
pulling 1b2b95e2f0eb:  25% ▕████              ▏ 2.0 GB/8.1 GB  6.8 MB/s  14m54s[K[A[1Gpulling manifest [K
pulling 1b2b95e2f0eb:  25% ▕████              ▏ 2.0 GB/8.1 GB  6.8 MB/s  14m54s[K[A[1Gpulling manifest [K
pulling 1b2b95e2f0eb:  25% ▕████              ▏ 2.0 GB/8.1 GB  6.8 MB/s  14m54s[K[A[1Gpulling manifest [K
pulling 1b2b95e2f0eb:  25% ▕████              ▏ 2.0 GB/8.1 GB  6.8 MB/s  14m54s[K[A[1Gpulling manifest [K
pulling 1b2b95e2f0eb:  25% ▕████              ▏ 2.0 GB/8.1 GB  6.8 MB/s  14m53s[K[A[1Gpulling manifest [K
pulling 1b2b95e2f0eb:  25% ▕████              ▏ 2.0 GB/8.1 GB  6.8 MB/s  14m53s[K[A[1Gpulling manifest [K
pulling 1b2b95e2f0eb:  25% ▕████              ▏ 2.0 GB/8.1 GB  6.8 MB/s  14m53s[K[A[1Gpulling manifest [K
pulling 1b2b95e2f0eb:  25% ▕████              ▏ 2.0 GB/8.1 GB  6.8 MB/s  14m53s[K[A[1Gpulling manifest [K
pulling 1b2b95e2f0eb:  25% ▕████              ▏ 2.0 GB/8.1 GB  6.8 MB/s  14m53s[K[A[1Gpulling manifest [K
pulling 1b2b95e2f0eb:  25% ▕████              ▏ 2.0 GB/8.1 GB  6.8 MB/s  14m53s[K[A[1Gpulling manifest [K
pulling 1b2b95e2f0eb:  25% ▕████              ▏ 2.0 GB/8.1 GB  6.8 MB/s  14m53s[K[A[1Gpulling manifest [K
pulling 1b2b95e2f0eb:  25% ▕████              ▏ 2.0 GB/8.1 GB  6.8 MB/s  14m53s[K[A[1Gpulling manifest [K
pulling 1b2b95e2f0eb:  25% ▕████              ▏ 2.0 GB/8.1 GB  6.8 MB/s  14m53s[K[A[1Gpulling manifest [K
pulling 1b2b95e2f0eb:  25% ▕████              ▏ 2.0 GB/8.1 GB  6.8 MB/s  14m53s[K[A[1Gpulling manifest [K
pulling 1b2b95e2f0eb:  25% ▕████              ▏ 2.0 GB/8.1 GB  6.8 MB/s  14m53s[K[A[1Gpulling manifest [K
pulling 1b2b95e2f0eb:  25% ▕████              ▏ 2.0 GB/8.1 GB  6.8 MB/s  14m53s[K[A[1Gpulling manifest [K
pulling 1b2b95e2f0eb:  25% ▕████              ▏ 2.0 GB/8.1 GB  6.8 MB/s  14m53s[K[A[1Gpulling manifest [K
pulling 1b2b95e2f0eb:  25% ▕████              ▏ 2.0 GB/8.1 GB  6.8 MB/s  14m53s[K[A[1Gpulling manifest [K
pulling 1b2b95e2f0eb:  25% ▕████              ▏ 2.0 GB/8.1 GB  6.8 MB/s  14m53s[K[A[1Gpulling manifest [K
pulling 1b2b95e2f0eb:  25% ▕████              ▏ 2.0 GB/8.1 GB  6.8 MB/s  14m52s[K[A[1Gpulling manifest [K
pulling 1b2b95e2f0eb:  25% ▕████              ▏ 2.0 GB/8.1 GB  6.8 MB/s  14m52s[K[A[1Gpulling manifest [K
pulling 1b2b95e2f0eb:  25% ▕████              ▏ 2.0 GB/8.1 GB  6.8 MB/s  14m47s[K[A[1Gpulling manifest [K
pulling 1b2b95e2f0eb:  25% ▕████              ▏ 2.0 GB/8.1 GB  6.8 MB/s  14m47s[K[A[1Gpulling manifest [K
pulling 1b2b95e2f0eb:  25% ▕████              ▏ 2.1 GB/8.1 GB  6.8 MB/s  14m46s[K[A[1Gpulling manifest [K
pulling 1b2b95e2f0eb:  25% ▕████              ▏ 2.1 GB/8.1 GB  6.8 MB/s  14m46s[K[A[1Gpulling manifest [K
pulling 1b2b95e2f0eb:  25% ▕████              ▏ 2.1 GB/8.1 GB  6.8 MB/s  14m46s[K[A[1Gpulling manifest [K
pulling 1b2b95e2f0eb:  25% ▕████              ▏ 2.1 GB/8.1 GB  6.8 MB/s  14m46s[K[A[1Gpulling manifest [K
pulling 1b2b95e2f0eb:  25% ▕████              ▏ 2.1 GB/8.1 GB  6.8 MB/s  14m46s[K[A[1Gpulling manifest [K
pulling 1b2b95e2f0eb:  25% ▕████              ▏ 2.1 GB/8.1 GB  6.8 MB/s  14m46s[K[A[1Gpulling manifest [K
pulling 1b2b95e2f0eb:  25% ▕████              ▏ 2.1 GB/8.1 GB  6.8 MB/s  14m46s[K[A[1Gpulling manifest [K
pulling 1b2b95e2f0eb:  25% ▕████              ▏ 2.1 GB/8.1 GB  6.8 MB/s  14m46s[K[A[1Gpulling manifest [K
pulling 1b2b95e2f0eb:  25% ▕████              ▏ 2.1 GB/8.1 GB  6.9 MB/s  14m41s[K[A[1Gpulling manifest [K
pulling 1b2b95e2f0eb:  25% ▕████              ▏ 2.1 GB/8.1 GB  6.9 MB/s  14m41s[K[A[1Gpulling manifest [K
pulling 1b2b95e2f0eb:  25% ▕████              ▏ 2.1 GB/8.1 GB  6.9 MB/s  14m41s[K[A[1Gpulling manifest [K
pulling 1b2b95e2f0eb:  25% ▕████              ▏ 2.1 GB/8.1 GB  6.9 MB/s  14m41s[K[A[1Gpulling manifest [K
pulling 1b2b95e2f0eb:  25% ▕████              ▏ 2.1 GB/8.1 GB  6.9 MB/s  14m41s[K[A[1Gpulling manifest [K
pulling 1b2b95e2f0eb:  25% ▕████              ▏ 2.1 GB/8.1 GB  6.9 MB/s  14m41s[K[A[1Gpulling manifest [K
pulling 1b2b95e2f0eb:  25% ▕████              ▏ 2.1 GB/8.1 GB  6.9 MB/s  14m41s[K[A[1Gpulling manifest [K
pulling 1b2b95e2f0eb:  25% ▕████              ▏ 2.1 GB/8.1 GB  6.9 MB/s  14m41s[K[A[1Gpulling manifest [K
pulling 1b2b95e2f0eb:  25% ▕████              ▏ 2.1 GB/8.1 GB  6.9 MB/s  14m41s[K[A[1Gpulling manifest [K
pulling 1b2b95e2f0eb:  25% ▕████              ▏ 2.1 GB/8.1 GB  6.9 MB/s  14m40s[K[A[1Gpulling manifest [K
pulling 1b2b95e2f0eb:  25% ▕████              ▏ 2.1 GB/8.1 GB  6.9 MB/s  14m39s[K[A[1Gpulling manifest [K
pulling 1b2b95e2f0eb:  25% ▕████              ▏ 2.1 GB/8.1 GB  6.9 MB/s  14m39s[K[A[1Gpulling manifest [K
pulling 1b2b95e2f0eb:  25% ▕████              ▏ 2.1 GB/8.1 GB  6.9 MB/s  14m39s[K[A[1Gpulling manifest [K
pulling 1b2b95e2f0eb:  25% ▕████              ▏ 2.1 GB/8.1 GB  6.9 MB/s  14m39s[K[A[1Gpulling manifest [K
pulling 1b2b95e2f0eb:  25% ▕████              ▏ 2.1 GB/8.1 GB  6.9 MB/s  14m39s[K[A[1Gpulling manifest [K
pulling 1b2b95e2f0eb:  25% ▕████              ▏ 2.1 GB/8.1 GB  6.9 MB/s  14m39s[K[A[1Gpulling manifest [K
pulling 1b2b95e2f0eb:  25% ▕████              ▏ 2.1 GB/8.1 GB  6.9 MB/s  14m39s[K[A[1Gpulling manifest [K
pulling 1b2b95e2f0eb:  25% ▕████              ▏ 2.1 GB/8.1 GB  6.9 MB/s  14m39s[K[A[1Gpulling manifest [K
pulling 1b2b95e2f0eb:  26% ▕████              ▏ 2.1 GB/8.1 GB  6.9 MB/s  14m39s[K[A[1Gpulling manifest [K
pulling 1b2b95e2f0eb:  26% ▕████              ▏ 2.1 GB/8.1 GB  6.9 MB/s  14m38s[K[A[1Gpulling manifest [K
pulling 1b2b95e2f0eb:  26% ▕████              ▏ 2.1 GB/8.1 GB  6.9 MB/s  14m35s[K[A[1Gpulling manifest [K
pulling 1b2b95e2f0eb:  26% ▕████              ▏ 2.1 GB/8.1 GB  6.9 MB/s  14m35s[K[A[1Gpulling manifest [K
pulling 1b2b95e2f0eb:  26% ▕████              ▏ 2.1 GB/8.1 GB  6.9 MB/s  14m35s[K[A[1Gpulling manifest [K
pulling 1b2b95e2f0eb:  26% ▕████              ▏ 2.1 GB/8.1 GB  6.9 MB/s  14m35s[K[A[1Gpulling manifest [K
pulling 1b2b95e2f0eb:  26% ▕████              ▏ 2.1 GB/8.1 GB  6.9 MB/s  14m35s[K[A[1Gpulling manifest [K
pulling 1b2b95e2f0eb:  26% ▕████              ▏ 2.1 GB/8.1 GB  6.9 MB/s  14m35s[K[A[1Gpulling manifest [K
pulling 1b2b95e2f0eb:  26% ▕████              ▏ 2.1 GB/8.1 GB  6.9 MB/s  14m35s[K[A[1Gpulling manifest [K
pulling 1b2b95e2f0eb:  26% ▕████              ▏ 2.1 GB/8.1 GB  6.9 MB/s  14m34s[K[A[1Gpulling manifest [K
pulling 1b2b95e2f0eb:  26% ▕████              ▏ 2.1 GB/8.1 GB  6.9 MB/s  14m34s[K[A[1Gpulling manifest [K
pulling 1b2b95e2f0eb:  26% ▕████              ▏ 2.1 GB/8.1 GB  6.9 MB/s  14m34s[K[A[1Gpulling manifest [K
pulling 1b2b95e2f0eb:  26% ▕████              ▏ 2.1 GB/8.1 GB  6.8 MB/s  14m41s[K[A[1Gpulling manifest [K
pulling 1b2b95e2f0eb:  26% ▕████              ▏ 2.1 GB/8.1 GB  6.8 MB/s  14m41s[K[A[1Gpulling manifest [K
pulling 1b2b95e2f0eb:  26% ▕████              ▏ 2.1 GB/8.1 GB  6.8 MB/s  14m40s[K[A[1Gpulling manifest [K
pulling 1b2b95e2f0eb:  26% ▕████              ▏ 2.1 GB/8.1 GB  6.8 MB/s  14m40s[K[A[1Gpulling manifest [K
pulling 1b2b95e2f0eb:  26% ▕████              ▏ 2.1 GB/8.1 GB  6.8 MB/s  14m40s[K[A[1Gpulling manifest [K
pulling 1b2b95e2f0eb:  26% ▕████              ▏ 2.1 GB/8.1 GB  6.8 MB/s  14m40s[K[A[1Gpulling manifest [K
pulling 1b2b95e2f0eb:  26% ▕████              ▏ 2.1 GB/8.1 GB  6.8 MB/s  14m40s[K[A[1Gpulling manifest [K
pulling 1b2b95e2f0eb:  26% ▕████              ▏ 2.1 GB/8.1 GB  6.8 MB/s  14m40s[K[A[1Gpulling manifest [K
pulling 1b2b95e2f0eb:  26% ▕████              ▏ 2.1 GB/8.1 GB  6.8 MB/s  14m40s[K[A[1Gpulling manifest [K
pulling 1b2b95e2f0eb:  26% ▕████              ▏ 2.1 GB/8.1 GB  6.8 MB/s  14m40s[K[A[1Gpulling manifest [K
pulling 1b2b95e2f0eb:  26% ▕████              ▏ 2.1 GB/8.1 GB  6.8 MB/s  14m40s[K[A[1Gpulling manifest [K
pulling 1b2b95e2f0eb:  26% ▕████              ▏ 2.1 GB/8.1 GB  6.9 MB/s  14m38s[K[A[1Gpulling manifest [K
pulling 1b2b95e2f0eb:  26% ▕████              ▏ 2.1 GB/8.1 GB  6.9 MB/s  14m37s[K[A[1Gpulling manifest [K
pulling 1b2b95e2f0eb:  26% ▕████              ▏ 2.1 GB/8.1 GB  6.9 MB/s  14m37s[K[A[1Gpulling manifest [K
pulling 1b2b95e2f0eb:  26% ▕████              ▏ 2.1 GB/8.1 GB  6.9 MB/s  14m37s[K[A[1Gpulling manifest [K
pulling 1b2b95e2f0eb:  26% ▕████              ▏ 2.1 GB/8.1 GB  6.9 MB/s  14m37s[K[A[1Gpulling manifest [K
pulling 1b2b95e2f0eb:  26% ▕████              ▏ 2.1 GB/8.1 GB  6.9 MB/s  14m37s[K[A[1Gpulling manifest [K
pulling 1b2b95e2f0eb:  26% ▕████              ▏ 2.1 GB/8.1 GB  6.9 MB/s  14m37s[K[A[1Gpulling manifest [K
pulling 1b2b95e2f0eb:  26% ▕████              ▏ 2.1 GB/8.1 GB  6.9 MB/s  14m37s[K[A[1Gpulling manifest [K
pulling 1b2b95e2f0eb:  26% ▕████              ▏ 2.1 GB/8.1 GB  6.9 MB/s  14m37s[K[A[1Gpulling manifest [K
pulling 1b2b95e2f0eb:  26% ▕████              ▏ 2.1 GB/8.1 GB  6.9 MB/s  14m37s[K[A[1Gpulling manifest [K
pulling 1b2b95e2f0eb:  26% ▕████              ▏ 2.1 GB/8.1 GB  6.9 MB/s  14m32s[K[A[1Gpulling manifest [K
pulling 1b2b95e2f0eb:  26% ▕████              ▏ 2.1 GB/8.1 GB  6.9 MB/s  14m32s[K[A[1Gpulling manifest [K
pulling 1b2b95e2f0eb:  26% ▕████              ▏ 2.1 GB/8.1 GB  6.9 MB/s  14m32s[K[A[1Gpulling manifest [K
pulling 1b2b95e2f0eb:  26% ▕████              ▏ 2.1 GB/8.1 GB  6.9 MB/s  14m31s[K[A[1Gpulling manifest [K
pulling 1b2b95e2f0eb:  26% ▕████              ▏ 2.1 GB/8.1 GB  6.9 MB/s  14m31s[K[A[1Gpulling manifest [K
pulling 1b2b95e2f0eb:  26% ▕████              ▏ 2.1 GB/8.1 GB  6.9 MB/s  14m31s[K[A[1Gpulling manifest [K
pulling 1b2b95e2f0eb:  26% ▕████              ▏ 2.1 GB/8.1 GB  6.9 MB/s  14m31s[K[A[1Gpulling manifest [K
pulling 1b2b95e2f0eb:  26% ▕████              ▏ 2.1 GB/8.1 GB  6.9 MB/s  14m31s[K[A[1Gpulling manifest [K
pulling 1b2b95e2f0eb:  26% ▕████              ▏ 2.1 GB/8.1 GB  6.9 MB/s  14m31s[K[A[1Gpulling manifest [K
pulling 1b2b95e2f0eb:  26% ▕████              ▏ 2.1 GB/8.1 GB  6.9 MB/s  14m31s[K[A[1Gpulling manifest [K
pulling 1b2b95e2f0eb:  26% ▕████              ▏ 2.1 GB/8.1 GB  6.9 MB/s  14m27s[K[A[1Gpulling manifest [K
pulling 1b2b95e2f0eb:  26% ▕████              ▏ 2.1 GB/8.1 GB  6.9 MB/s  14m26s[K[A[1Gpulling manifest [K
pulling 1b2b95e2f0eb:  26% ▕████              ▏ 2.1 GB/8.1 GB  6.9 MB/s  14m26s[K[A[1Gpulling manifest [K
pulling 1b2b95e2f0eb:  26% ▕████              ▏ 2.1 GB/8.1 GB  6.9 MB/s  14m26s[K[A[1Gpulling manifest [K
pulling 1b2b95e2f0eb:  26% ▕████              ▏ 2.1 GB/8.1 GB  6.9 MB/s  14m26s[K[A[1Gpulling manifest [K
pulling 1b2b95e2f0eb:  26% ▕████              ▏ 2.1 GB/8.1 GB  6.9 MB/s  14m26s[K[A[1Gpulling manifest [K
pulling 1b2b95e2f0eb:  26% ▕████              ▏ 2.1 GB/8.1 GB  6.9 MB/s  14m26s[K[A[1Gpulling manifest [K
pulling 1b2b95e2f0eb:  26% ▕████              ▏ 2.1 GB/8.1 GB  6.9 MB/s  14m26s[K[A[1Gpulling manifest [K
pulling 1b2b95e2f0eb:  26% ▕████              ▏ 2.1 GB/8.1 GB  6.9 MB/s  14m26s[K[A[1Gpulling manifest [K
pulling 1b2b95e2f0eb:  26% ▕████              ▏ 2.1 GB/8.1 GB  6.9 MB/s  14m26s[K[A[1Gpulling manifest [K
pulling 1b2b95e2f0eb:  26% ▕████              ▏ 2.1 GB/8.1 GB  7.0 MB/s  14m23s[K[A[1Gpulling manifest [K
pulling 1b2b95e2f0eb:  26% ▕████              ▏ 2.1 GB/8.1 GB  7.0 MB/s  14m23s[K[A[1Gpulling manifest [K
pulling 1b2b95e2f0eb:  26% ▕████              ▏ 2.1 GB/8.1 GB  7.0 MB/s  14m23s[K[A[1Gpulling manifest [K
pulling 1b2b95e2f0eb:  26% ▕████              ▏ 2.1 GB/8.1 GB  7.0 MB/s  14m22s[K[A[1Gpulling manifest [K
pulling 1b2b95e2f0eb:  26% ▕████              ▏ 2.1 GB/8.1 GB  7.0 MB/s  14m22s[K[A[1Gpulling manifest [K
pulling 1b2b95e2f0eb:  26% ▕████              ▏ 2.1 GB/8.1 GB  7.0 MB/s  14m22s[K[A[1Gpulling manifest [K
pulling 1b2b95e2f0eb:  26% ▕████              ▏ 2.1 GB/8.1 GB  7.0 MB/s  14m22s[K[A[1Gpulling manifest [K
pulling 1b2b95e2f0eb:  26% ▕████              ▏ 2.1 GB/8.1 GB  7.0 MB/s  14m22s[K[A[1Gpulling manifest [K
pulling 1b2b95e2f0eb:  26% ▕████              ▏ 2.1 GB/8.1 GB  7.0 MB/s  14m22s[K[A[1Gpulling manifest [K
pulling 1b2b95e2f0eb:  26% ▕████              ▏ 2.1 GB/8.1 GB  7.0 MB/s  14m22s[K[A[1Gpulling manifest [K
pulling 1b2b95e2f0eb:  26% ▕████              ▏ 2.1 GB/8.1 GB  6.9 MB/s  14m24s[K[A[1Gpulling manifest [K
pulling 1b2b95e2f0eb:  26% ▕████              ▏ 2.1 GB/8.1 GB  6.9 MB/s  14m24s[K[A[1Gpulling manifest [K
pulling 1b2b95e2f0eb:  26% ▕████              ▏ 2.1 GB/8.1 GB  6.9 MB/s  14m23s[K[A[1Gpulling manifest [K
pulling 1b2b95e2f0eb:  26% ▕████              ▏ 2.1 GB/8.1 GB  6.9 MB/s  14m23s[K[A[1Gpulling manifest [K
pulling 1b2b95e2f0eb:  26% ▕████              ▏ 2.1 GB/8.1 GB  6.9 MB/s  14m23s[K[A[1Gpulling manifest [K
pulling 1b2b95e2f0eb:  26% ▕████              ▏ 2.1 GB/8.1 GB  6.9 MB/s  14m23s[K[A[1Gpulling manifest [K
pulling 1b2b95e2f0eb:  26% ▕████              ▏ 2.1 GB/8.1 GB  6.9 MB/s  14m23s[K[A[1Gpulling manifest [K
pulling 1b2b95e2f0eb:  26% ▕████              ▏ 2.1 GB/8.1 GB  6.9 MB/s  14m23s[K[A[1Gpulling manifest [K
pulling 1b2b95e2f0eb:  26% ▕████              ▏ 2.1 GB/8.1 GB  6.9 MB/s  14m23s[K[A[1Gpulling manifest [K
pulling 1b2b95e2f0eb:  26% ▕████              ▏ 2.1 GB/8.1 GB  6.9 MB/s  14m23s[K[A[1Gpulling manifest [K
pulling 1b2b95e2f0eb:  26% ▕████              ▏ 2.1 GB/8.1 GB  6.9 MB/s  14m23s[K[A[1Gpulling manifest [K
pulling 1b2b95e2f0eb:  26% ▕████              ▏ 2.1 GB/8.1 GB  6.9 MB/s  14m28s[K[A[1Gpulling manifest [K
pulling 1b2b95e2f0eb:  26% ▕████              ▏ 2.1 GB/8.1 GB  6.9 MB/s  14m28s[K[A[1Gpulling manifest [K
pulling 1b2b95e2f0eb:  26% ▕████              ▏ 2.1 GB/8.1 GB  6.9 MB/s  14m28s[K[A[1Gpulling manifest [K
pulling 1b2b95e2f0eb:  26% ▕████              ▏ 2.1 GB/8.1 GB  6.9 MB/s  14m28s[K[A[1Gpulling manifest [K
pulling 1b2b95e2f0eb:  26% ▕████              ▏ 2.1 GB/8.1 GB  6.9 MB/s  14m27s[K[A[1Gpulling manifest [K
pulling 1b2b95e2f0eb:  26% ▕████              ▏ 2.1 GB/8.1 GB  6.9 MB/s  14m27s[K[A[1Gpulling manifest [K
pulling 1b2b95e2f0eb:  26% ▕████              ▏ 2.1 GB/8.1 GB  6.9 MB/s  14m27s[K[A[1Gpulling manifest [K
pulling 1b2b95e2f0eb:  26% ▕████              ▏ 2.1 GB/8.1 GB  6.9 MB/s  14m27s[K[A[1Gpulling manifest [K
pulling 1b2b95e2f0eb:  26% ▕████              ▏ 2.1 GB/8.1 GB  6.9 MB/s  14m27s[K[A[1Gpulling manifest [K
pulling 1b2b95e2f0eb:  26% ▕████              ▏ 2.1 GB/8.1 GB  6.9 MB/s  14m27s[K[A[1Gpulling manifest [K
pulling 1b2b95e2f0eb:  26% ▕████              ▏ 2.1 GB/8.1 GB  6.8 MB/s  14m35s[K[A[1Gpulling manifest [K
pulling 1b2b95e2f0eb:  26% ▕████              ▏ 2.1 GB/8.1 GB  6.8 MB/s  14m35s[K[A[1Gpulling manifest [K
pulling 1b2b95e2f0eb:  26% ▕████              ▏ 2.1 GB/8.1 GB  6.8 MB/s  14m35s[K[A[1Gpulling manifest [K
pulling 1b2b95e2f0eb:  26% ▕████              ▏ 2.1 GB/8.1 GB  6.8 MB/s  14m35s[K[A[1Gpulling manifest [K
pulling 1b2b95e2f0eb:  26% ▕████              ▏ 2.1 GB/8.1 GB  6.8 MB/s  14m35s[K[A[1Gpulling manifest [K
pulling 1b2b95e2f0eb:  26% ▕████              ▏ 2.1 GB/8.1 GB  6.8 MB/s  14m35s[K[A[1Gpulling manifest [K
pulling 1b2b95e2f0eb:  26% ▕████              ▏ 2.1 GB/8.1 GB  6.8 MB/s  14m35s[K[A[1Gpulling manifest [K
pulling 1b2b95e2f0eb:  26% ▕████              ▏ 2.1 GB/8.1 GB  6.8 MB/s  14m35s[K[A[1Gpulling manifest [K
pulling 1b2b95e2f0eb:  26% ▕████              ▏ 2.1 GB/8.1 GB  6.8 MB/s  14m34s[K[A[1Gpulling manifest [K
pulling 1b2b95e2f0eb:  26% ▕████              ▏ 2.1 GB/8.1 GB  6.8 MB/s  14m34s[K[A[1Gpulling manifest [K
pulling 1b2b95e2f0eb:  26% ▕████              ▏ 2.1 GB/8.1 GB  6.8 MB/s  14m33s[K[A[1Gpulling manifest [K
pulling 1b2b95e2f0eb:  26% ▕████              ▏ 2.1 GB/8.1 GB  6.8 MB/s  14m33s[K[A[1Gpulling manifest [K
pulling 1b2b95e2f0eb:  26% ▕████              ▏ 2.1 GB/8.1 GB  6.8 MB/s  14m33s[K[A[1Gpulling manifest [K
pulling 1b2b95e2f0eb:  26% ▕████              ▏ 2.1 GB/8.1 GB  6.8 MB/s  14m32s[K[A[1Gpulling manifest [K
pulling 1b2b95e2f0eb:  26% ▕████              ▏ 2.1 GB/8.1 GB  6.8 MB/s  14m32s[K[A[1Gpulling manifest [K
pulling 1b2b95e2f0eb:  26% ▕████              ▏ 2.1 GB/8.1 GB  6.8 MB/s  14m32s[K[A[1Gpulling manifest [K
pulling 1b2b95e2f0eb:  26% ▕████              ▏ 2.1 GB/8.1 GB  6.8 MB/s  14m32s[K[A[1Gpulling manifest [K
pulling 1b2b95e2f0eb:  26% ▕████              ▏ 2.1 GB/8.1 GB  6.8 MB/s  14m32s[K[A[1Gpulling manifest [K
pulling 1b2b95e2f0eb:  26% ▕████              ▏ 2.1 GB/8.1 GB  6.8 MB/s  14m32s[K[A[1Gpulling manifest [K
pulling 1b2b95e2f0eb:  26% ▕████              ▏ 2.1 GB/8.1 GB  6.8 MB/s  14m32s[K[A[1Gpulling manifest [K
pulling 1b2b95e2f0eb:  26% ▕████              ▏ 2.1 GB/8.1 GB  6.9 MB/s  14m29s[K[A[1Gpulling manifest [K
pulling 1b2b95e2f0eb:  26% ▕████              ▏ 2.1 GB/8.1 GB  6.9 MB/s  14m29s[K[A[1Gpulling manifest [K
pulling 1b2b95e2f0eb:  26% ▕████              ▏ 2.1 GB/8.1 GB  6.9 MB/s  14m29s[K[A[1Gpulling manifest [K
pulling 1b2b95e2f0eb:  26% ▕████              ▏ 2.1 GB/8.1 GB  6.9 MB/s  14m29s[K[A[1Gpulling manifest [K
pulling 1b2b95e2f0eb:  26% ▕████              ▏ 2.1 GB/8.1 GB  6.9 MB/s  14m29s[K[A[1Gpulling manifest [K
pulling 1b2b95e2f0eb:  26% ▕████              ▏ 2.1 GB/8.1 GB  6.9 MB/s  14m29s[K[A[1Gpulling manifest [K
pulling 1b2b95e2f0eb:  26% ▕████              ▏ 2.1 GB/8.1 GB  6.9 MB/s  14m29s[K[A[1Gpulling manifest [K
pulling 1b2b95e2f0eb:  26% ▕████              ▏ 2.1 GB/8.1 GB  6.9 MB/s  14m29s[K[A[1Gpulling manifest [K
pulling 1b2b95e2f0eb:  26% ▕████              ▏ 2.1 GB/8.1 GB  6.9 MB/s  14m29s[K[A[1Gpulling manifest [K
pulling 1b2b95e2f0eb:  26% ▕████              ▏ 2.1 GB/8.1 GB  6.9 MB/s  14m29s[K[A[1Gpulling manifest [K
pulling 1b2b95e2f0eb:  26% ▕████              ▏ 2.1 GB/8.1 GB  6.8 MB/s  14m33s[K[A[1Gpulling manifest [K
pulling 1b2b95e2f0eb:  26% ▕████              ▏ 2.1 GB/8.1 GB  6.8 MB/s  14m33s[K[A[1Gpulling manifest [K
pulling 1b2b95e2f0eb:  26% ▕████              ▏ 2.1 GB/8.1 GB  6.8 MB/s  14m33s[K[A[1Gpulling manifest [K
pulling 1b2b95e2f0eb:  26% ▕████              ▏ 2.1 GB/8.1 GB  6.8 MB/s  14m32s[K[A[1Gpulling manifest [K
pulling 1b2b95e2f0eb:  26% ▕████              ▏ 2.1 GB/8.1 GB  6.8 MB/s  14m32s[K[A[1Gpulling manifest [K
pulling 1b2b95e2f0eb:  26% ▕████              ▏ 2.1 GB/8.1 GB  6.8 MB/s  14m32s[K[A[1Gpulling manifest [K
pulling 1b2b95e2f0eb:  27% ▕████              ▏ 2.1 GB/8.1 GB  6.8 MB/s  14m32s[K[A[1Gpulling manifest [K
pulling 1b2b95e2f0eb:  27% ▕████              ▏ 2.1 GB/8.1 GB  6.8 MB/s  14m32s[K[A[1Gpulling manifest [K
pulling 1b2b95e2f0eb:  27% ▕████              ▏ 2.2 GB/8.1 GB  6.8 MB/s  14m32s[K[A[1Gpulling manifest [K
pulling 1b2b95e2f0eb:  27% ▕████              ▏ 2.2 GB/8.1 GB  6.8 MB/s  14m32s[K[A[1Gpulling manifest [K
pulling 1b2b95e2f0eb:  27% ▕████              ▏ 2.2 GB/8.1 GB  6.8 MB/s  14m32s[K[A[1Gpulling manifest [K
pulling 1b2b95e2f0eb:  27% ▕████              ▏ 2.2 GB/8.1 GB  6.8 MB/s  14m34s[K[A[1Gpulling manifest [K
pulling 1b2b95e2f0eb:  27% ▕████              ▏ 2.2 GB/8.1 GB  6.8 MB/s  14m34s[K[A[1Gpulling manifest [K
pulling 1b2b95e2f0eb:  27% ▕████              ▏ 2.2 GB/8.1 GB  6.8 MB/s  14m34s[K[A[1Gpulling manifest [K
pulling 1b2b95e2f0eb:  27% ▕████              ▏ 2.2 GB/8.1 GB  6.8 MB/s  14m33s[K[A[1Gpulling manifest [K
pulling 1b2b95e2f0eb:  27% ▕████              ▏ 2.2 GB/8.1 GB  6.8 MB/s  14m33s[K[A[1Gpulling manifest [K
pulling 1b2b95e2f0eb:  27% ▕████              ▏ 2.2 GB/8.1 GB  6.8 MB/s  14m33s[K[A[1Gpulling manifest [K
pulling 1b2b95e2f0eb:  27% ▕████              ▏ 2.2 GB/8.1 GB  6.8 MB/s  14m33s[K[A[1Gpulling manifest [K
pulling 1b2b95e2f0eb:  27% ▕████              ▏ 2.2 GB/8.1 GB  6.8 MB/s  14m33s[K[A[1Gpulling manifest [K
pulling 1b2b95e2f0eb:  27% ▕████              ▏ 2.2 GB/8.1 GB  6.8 MB/s  14m33s[K[A[1Gpulling manifest [K
pulling 1b2b95e2f0eb:  27% ▕████              ▏ 2.2 GB/8.1 GB  6.8 MB/s  14m33s[K[A[1Gpulling manifest [K
pulling 1b2b95e2f0eb:  27% ▕████              ▏ 2.2 GB/8.1 GB  6.8 MB/s  14m32s[K[A[1Gpulling manifest [K
pulling 1b2b95e2f0eb:  27% ▕████              ▏ 2.2 GB/8.1 GB  6.8 MB/s  14m32s[K[A[1Gpulling manifest [K
pulling 1b2b95e2f0eb:  27% ▕████              ▏ 2.2 GB/8.1 GB  6.8 MB/s  14m32s[K[A[1Gpulling manifest [K
pulling 1b2b95e2f0eb:  27% ▕████              ▏ 2.2 GB/8.1 GB  6.8 MB/s  14m32s[K[A[1Gpulling manifest [K
pulling 1b2b95e2f0eb:  27% ▕████              ▏ 2.2 GB/8.1 GB  6.8 MB/s  14m32s[K[A[1Gpulling manifest [K
pulling 1b2b95e2f0eb:  27% ▕████              ▏ 2.2 GB/8.1 GB  6.8 MB/s  14m32s[K[A[1Gpulling manifest [K
pulling 1b2b95e2f0eb:  27% ▕████              ▏ 2.2 GB/8.1 GB  6.8 MB/s  14m32s[K[A[1Gpulling manifest [K
pulling 1b2b95e2f0eb:  27% ▕████              ▏ 2.2 GB/8.1 GB  6.8 MB/s  14m32s[K[A[1Gpulling manifest [K
pulling 1b2b95e2f0eb:  27% ▕████              ▏ 2.2 GB/8.1 GB  6.8 MB/s  14m31s[K[A[1Gpulling manifest [K
pulling 1b2b95e2f0eb:  27% ▕████              ▏ 2.2 GB/8.1 GB  6.8 MB/s  14m31s[K[A[1Gpulling manifest [K
pulling 1b2b95e2f0eb:  27% ▕████              ▏ 2.2 GB/8.1 GB  6.8 MB/s  14m38s[K[A[1Gpulling manifest [K
pulling 1b2b95e2f0eb:  27% ▕████              ▏ 2.2 GB/8.1 GB  6.8 MB/s  14m38s[K[A[1Gpulling manifest [K
pulling 1b2b95e2f0eb:  27% ▕████              ▏ 2.2 GB/8.1 GB  6.8 MB/s  14m38s[K[A[1Gpulling manifest [K
pulling 1b2b95e2f0eb:  27% ▕████              ▏ 2.2 GB/8.1 GB  6.8 MB/s  14m38s[K[A[1Gpulling manifest [K
pulling 1b2b95e2f0eb:  27% ▕████              ▏ 2.2 GB/8.1 GB  6.8 MB/s  14m37s[K[A[1Gpulling manifest [K
pulling 1b2b95e2f0eb:  27% ▕████              ▏ 2.2 GB/8.1 GB  6.8 MB/s  14m37s[K[A[1Gpulling manifest [K
pulling 1b2b95e2f0eb:  27% ▕████              ▏ 2.2 GB/8.1 GB  6.8 MB/s  14m37s[K[A[1Gpulling manifest [K
pulling 1b2b95e2f0eb:  27% ▕████              ▏ 2.2 GB/8.1 GB  6.8 MB/s  14m37s[K[A[1Gpulling manifest [K
pulling 1b2b95e2f0eb:  27% ▕████              ▏ 2.2 GB/8.1 GB  6.8 MB/s  14m37s[K[A[1Gpulling manifest [K
pulling 1b2b95e2f0eb:  27% ▕████              ▏ 2.2 GB/8.1 GB  6.8 MB/s  14m37s[K[A[1Gpulling manifest [K
pulling 1b2b95e2f0eb:  27% ▕████              ▏ 2.2 GB/8.1 GB  6.8 MB/s  14m38s[K[A[1Gpulling manifest [K
pulling 1b2b95e2f0eb:  27% ▕████              ▏ 2.2 GB/8.1 GB  6.8 MB/s  14m37s[K[A[1Gpulling manifest [K
pulling 1b2b95e2f0eb:  27% ▕████              ▏ 2.2 GB/8.1 GB  6.8 MB/s  14m37s[K[A[1Gpulling manifest [K
pulling 1b2b95e2f0eb:  27% ▕████              ▏ 2.2 GB/8.1 GB  6.8 MB/s  14m37s[K[A[1Gpulling manifest [K
pulling 1b2b95e2f0eb:  27% ▕████              ▏ 2.2 GB/8.1 GB  6.8 MB/s  14m37s[K[A[1Gpulling manifest [K
pulling 1b2b95e2f0eb:  27% ▕████              ▏ 2.2 GB/8.1 GB  6.8 MB/s  14m37s[K[A[1Gpulling manifest [K
pulling 1b2b95e2f0eb:  27% ▕████              ▏ 2.2 GB/8.1 GB  6.8 MB/s  14m37s[K[A[1Gpulling manifest [K
pulling 1b2b95e2f0eb:  27% ▕████              ▏ 2.2 GB/8.1 GB  6.8 MB/s  14m37s[K[A[1Gpulling manifest [K
pulling 1b2b95e2f0eb:  27% ▕████              ▏ 2.2 GB/8.1 GB  6.8 MB/s  14m37s[K[A[1Gpulling manifest [K
pulling 1b2b95e2f0eb:  27% ▕████              ▏ 2.2 GB/8.1 GB  6.8 MB/s  14m37s[K[A[1Gpulling manifest [K
pulling 1b2b95e2f0eb:  27% ▕████              ▏ 2.2 GB/8.1 GB  6.8 MB/s  14m29s[K[A[1Gpulling manifest [K
pulling 1b2b95e2f0eb:  27% ▕████              ▏ 2.2 GB/8.1 GB  6.8 MB/s  14m29s[K[A[1Gpulling manifest [K
pulling 1b2b95e2f0eb:  27% ▕████              ▏ 2.2 GB/8.1 GB  6.8 MB/s  14m29s[K[A[1Gpulling manifest [K
pulling 1b2b95e2f0eb:  27% ▕████              ▏ 2.2 GB/8.1 GB  6.8 MB/s  14m28s[K[A[1Gpulling manifest [K
pulling 1b2b95e2f0eb:  27% ▕████              ▏ 2.2 GB/8.1 GB  6.8 MB/s  14m28s[K[A[1Gpulling manifest [K
pulling 1b2b95e2f0eb:  27% ▕████              ▏ 2.2 GB/8.1 GB  6.8 MB/s  14m28s[K[A[1Gpulling manifest [K
pulling 1b2b95e2f0eb:  27% ▕████              ▏ 2.2 GB/8.1 GB  6.8 MB/s  14m28s[K[A[1Gpulling manifest [K
pulling 1b2b95e2f0eb:  27% ▕████              ▏ 2.2 GB/8.1 GB  6.8 MB/s  14m28s[K[A[1Gpulling manifest [K
pulling 1b2b95e2f0eb:  27% ▕████              ▏ 2.2 GB/8.1 GB  6.8 MB/s  14m28s[K[A[1Gpulling manifest [K
pulling 1b2b95e2f0eb:  27% ▕████              ▏ 2.2 GB/8.1 GB  6.8 MB/s  14m28s[K[A[1Gpulling manifest [K
pulling 1b2b95e2f0eb:  27% ▕████              ▏ 2.2 GB/8.1 GB  6.8 MB/s  14m28s[K[A[1Gpulling manifest [K
pulling 1b2b95e2f0eb:  27% ▕████              ▏ 2.2 GB/8.1 GB  6.9 MB/s  14m20s[K[A[1Gpulling manifest [K
pulling 1b2b95e2f0eb:  27% ▕████              ▏ 2.2 GB/8.1 GB  6.9 MB/s  14m20s[K[A[1Gpulling manifest [K
pulling 1b2b95e2f0eb:  27% ▕████              ▏ 2.2 GB/8.1 GB  6.9 MB/s  14m20s[K[A[1Gpulling manifest [K
pulling 1b2b95e2f0eb:  27% ▕████              ▏ 2.2 GB/8.1 GB  6.9 MB/s  14m20s[K[A[1Gpulling manifest [K
pulling 1b2b95e2f0eb:  27% ▕████              ▏ 2.2 GB/8.1 GB  6.9 MB/s  14m20s[K[A[1Gpulling manifest [K
pulling 1b2b95e2f0eb:  27% ▕████              ▏ 2.2 GB/8.1 GB  6.9 MB/s  14m19s[K[A[1Gpulling manifest [K
pulling 1b2b95e2f0eb:  27% ▕████              ▏ 2.2 GB/8.1 GB  6.9 MB/s  14m19s[K[A[1Gpulling manifest [K
pulling 1b2b95e2f0eb:  27% ▕████              ▏ 2.2 GB/8.1 GB  6.9 MB/s  14m19s[K[A[1Gpulling manifest [K
pulling 1b2b95e2f0eb:  27% ▕████              ▏ 2.2 GB/8.1 GB  6.9 MB/s  14m19s[K[A[1Gpulling manifest [K
pulling 1b2b95e2f0eb:  27% ▕████              ▏ 2.2 GB/8.1 GB  6.9 MB/s  14m19s[K[A[1Gpulling manifest [K
pulling 1b2b95e2f0eb:  27% ▕████              ▏ 2.2 GB/8.1 GB  6.9 MB/s  14m20s[K[A[1Gpulling manifest [K
pulling 1b2b95e2f0eb:  27% ▕████              ▏ 2.2 GB/8.1 GB  6.9 MB/s  14m19s[K[A[1Gpulling manifest [K
pulling 1b2b95e2f0eb:  27% ▕████              ▏ 2.2 GB/8.1 GB  6.9 MB/s  14m19s[K[A[1Gpulling manifest [K
pulling 1b2b95e2f0eb:  27% ▕████              ▏ 2.2 GB/8.1 GB  6.9 MB/s  14m19s[K[A[1Gpulling manifest [K
pulling 1b2b95e2f0eb:  27% ▕████              ▏ 2.2 GB/8.1 GB  6.9 MB/s  14m19s[K[A[1Gpulling manifest [K
pulling 1b2b95e2f0eb:  27% ▕████              ▏ 2.2 GB/8.1 GB  6.9 MB/s  14m19s[K[A[1Gpulling manifest [K
pulling 1b2b95e2f0eb:  27% ▕████              ▏ 2.2 GB/8.1 GB  6.9 MB/s  14m19s[K[A[1Gpulling manifest [K
pulling 1b2b95e2f0eb:  27% ▕████              ▏ 2.2 GB/8.1 GB  6.9 MB/s  14m19s[K[A[1Gpulling manifest [K
pulling 1b2b95e2f0eb:  27% ▕████              ▏ 2.2 GB/8.1 GB  6.9 MB/s  14m19s[K[A[1Gpulling manifest [K
pulling 1b2b95e2f0eb:  27% ▕████              ▏ 2.2 GB/8.1 GB  6.9 MB/s  14m19s[K[A[1Gpulling manifest [K
pulling 1b2b95e2f0eb:  27% ▕████              ▏ 2.2 GB/8.1 GB  6.9 MB/s  14m12s[K[A[1Gpulling manifest [K
pulling 1b2b95e2f0eb:  27% ▕████              ▏ 2.2 GB/8.1 GB  6.9 MB/s  14m12s[K[A[1Gpulling manifest [K
pulling 1b2b95e2f0eb:  27% ▕████              ▏ 2.2 GB/8.1 GB  6.9 MB/s  14m12s[K[A[1Gpulling manifest [K
pulling 1b2b95e2f0eb:  27% ▕████              ▏ 2.2 GB/8.1 GB  6.9 MB/s  14m11s[K[A[1Gpulling manifest [K
pulling 1b2b95e2f0eb:  27% ▕████              ▏ 2.2 GB/8.1 GB  6.9 MB/s  14m11s[K[A[1Gpulling manifest [K
pulling 1b2b95e2f0eb:  27% ▕████              ▏ 2.2 GB/8.1 GB  6.9 MB/s  14m11s[K[A[1Gpulling manifest [K
pulling 1b2b95e2f0eb:  27% ▕████              ▏ 2.2 GB/8.1 GB  6.9 MB/s  14m11s[K[A[1Gpulling manifest [K
pulling 1b2b95e2f0eb:  27% ▕████              ▏ 2.2 GB/8.1 GB  6.9 MB/s  14m11s[K[A[1Gpulling manifest [K
pulling 1b2b95e2f0eb:  27% ▕████              ▏ 2.2 GB/8.1 GB  6.9 MB/s  14m11s[K[A[1Gpulling manifest [K
pulling 1b2b95e2f0eb:  27% ▕████              ▏ 2.2 GB/8.1 GB  6.9 MB/s  14m11s[K[A[1Gpulling manifest [K
pulling 1b2b95e2f0eb:  27% ▕████              ▏ 2.2 GB/8.1 GB  6.9 MB/s  14m11s[K[A[1Gpulling manifest [K
pulling 1b2b95e2f0eb:  27% ▕████              ▏ 2.2 GB/8.1 GB  6.9 MB/s  14m11s[K[A[1Gpulling manifest [K
pulling 1b2b95e2f0eb:  27% ▕████              ▏ 2.2 GB/8.1 GB  6.9 MB/s  14m11s[K[A[1Gpulling manifest [K
pulling 1b2b95e2f0eb:  27% ▕████              ▏ 2.2 GB/8.1 GB  6.9 MB/s  14m11s[K[A[1Gpulling manifest [K
pulling 1b2b95e2f0eb:  27% ▕████              ▏ 2.2 GB/8.1 GB  6.9 MB/s  14m11s[K[A[1Gpulling manifest [K
pulling 1b2b95e2f0eb:  27% ▕████              ▏ 2.2 GB/8.1 GB  6.9 MB/s  14m11s[K[A[1Gpulling manifest [K
pulling 1b2b95e2f0eb:  27% ▕████              ▏ 2.2 GB/8.1 GB  6.9 MB/s  14m11s[K[A[1Gpulling manifest [K
pulling 1b2b95e2f0eb:  27% ▕████              ▏ 2.2 GB/8.1 GB  6.9 MB/s  14m11s[K[A[1Gpulling manifest [K
pulling 1b2b95e2f0eb:  27% ▕████              ▏ 2.2 GB/8.1 GB  6.9 MB/s  14m11s[K[A[1Gpulling manifest [K
pulling 1b2b95e2f0eb:  27% ▕████              ▏ 2.2 GB/8.1 GB  6.9 MB/s  14m10s[K[A[1Gpulling manifest [K
pulling 1b2b95e2f0eb:  27% ▕████              ▏ 2.2 GB/8.1 GB  6.9 MB/s  14m11s[K[A[1Gpulling manifest [K
pulling 1b2b95e2f0eb:  27% ▕████              ▏ 2.2 GB/8.1 GB  6.9 MB/s  14m10s[K[A[1Gpulling manifest [K
pulling 1b2b95e2f0eb:  27% ▕████              ▏ 2.2 GB/8.1 GB  6.9 MB/s  14m10s[K[A[1Gpulling manifest [K
pulling 1b2b95e2f0eb:  27% ▕████              ▏ 2.2 GB/8.1 GB  6.9 MB/s  14m10s[K[A[1Gpulling manifest [K
pulling 1b2b95e2f0eb:  27% ▕████              ▏ 2.2 GB/8.1 GB  6.9 MB/s  14m10s[K[A[1Gpulling manifest [K
pulling 1b2b95e2f0eb:  27% ▕████              ▏ 2.2 GB/8.1 GB  6.9 MB/s  14m10s[K[A[1Gpulling manifest [K
pulling 1b2b95e2f0eb:  27% ▕████              ▏ 2.2 GB/8.1 GB  6.9 MB/s  14m10s[K[A[1Gpulling manifest [K
pulling 1b2b95e2f0eb:  27% ▕████              ▏ 2.2 GB/8.1 GB  6.9 MB/s  14m10s[K[A[1Gpulling manifest [K
pulling 1b2b95e2f0eb:  27% ▕████              ▏ 2.2 GB/8.1 GB  6.9 MB/s  14m10s[K[A[1Gpulling manifest [K
pulling 1b2b95e2f0eb:  27% ▕████              ▏ 2.2 GB/8.1 GB  6.9 MB/s  14m10s[K[A[1Gpulling manifest [K
pulling 1b2b95e2f0eb:  27% ▕████              ▏ 2.2 GB/8.1 GB  6.9 MB/s  14m10s[K[A[1Gpulling manifest [K
pulling 1b2b95e2f0eb:  27% ▕████              ▏ 2.2 GB/8.1 GB  7.0 MB/s   14m4s[K[A[1Gpulling manifest [K
pulling 1b2b95e2f0eb:  27% ▕████              ▏ 2.2 GB/8.1 GB  7.0 MB/s   14m3s[K[A[1Gpulling manifest [K
pulling 1b2b95e2f0eb:  27% ▕████              ▏ 2.2 GB/8.1 GB  7.0 MB/s   14m3s[K[A[1Gpulling manifest [K
pulling 1b2b95e2f0eb:  27% ▕████              ▏ 2.2 GB/8.1 GB  7.0 MB/s   14m3s[K[A[1Gpulling manifest [K
pulling 1b2b95e2f0eb:  27% ▕████              ▏ 2.2 GB/8.1 GB  7.0 MB/s   14m3s[K[A[1Gpulling manifest [K
pulling 1b2b95e2f0eb:  27% ▕████              ▏ 2.2 GB/8.1 GB  7.0 MB/s   14m3s[K[A[1Gpulling manifest [K
pulling 1b2b95e2f0eb:  27% ▕████              ▏ 2.2 GB/8.1 GB  7.0 MB/s   14m3s[K[A[1Gpulling manifest [K
pulling 1b2b95e2f0eb:  27% ▕████              ▏ 2.2 GB/8.1 GB  7.0 MB/s   14m3s[K[A[1Gpulling manifest [K
pulling 1b2b95e2f0eb:  27% ▕████              ▏ 2.2 GB/8.1 GB  7.0 MB/s   14m3s[K[A[1Gpulling manifest [K
pulling 1b2b95e2f0eb:  27% ▕████              ▏ 2.2 GB/8.1 GB  7.0 MB/s   14m3s[K[A[1Gpulling manifest [K
pulling 1b2b95e2f0eb:  27% ▕████              ▏ 2.2 GB/8.1 GB  7.0 MB/s  13m55s[K[A[1Gpulling manifest [K
pulling 1b2b95e2f0eb:  27% ▕████              ▏ 2.2 GB/8.1 GB  7.0 MB/s  13m55s[K[A[1Gpulling manifest [K
pulling 1b2b95e2f0eb:  28% ▕████              ▏ 2.2 GB/8.1 GB  7.0 MB/s  13m55s[K[A[1Gpulling manifest [K
pulling 1b2b95e2f0eb:  28% ▕████              ▏ 2.2 GB/8.1 GB  7.0 MB/s  13m55s[K[A[1Gpulling manifest [K
pulling 1b2b95e2f0eb:  28% ▕████              ▏ 2.2 GB/8.1 GB  7.0 MB/s  13m55s[K[A[1Gpulling manifest [K
pulling 1b2b95e2f0eb:  28% ▕████              ▏ 2.2 GB/8.1 GB  7.0 MB/s  13m55s[K[A[1Gpulling manifest [K
pulling 1b2b95e2f0eb:  28% ▕████              ▏ 2.2 GB/8.1 GB  7.0 MB/s  13m55s[K[A[1Gpulling manifest [K
pulling 1b2b95e2f0eb:  28% ▕████              ▏ 2.2 GB/8.1 GB  7.0 MB/s  13m55s[K[A[1Gpulling manifest [K
pulling 1b2b95e2f0eb:  28% ▕████              ▏ 2.2 GB/8.1 GB  7.0 MB/s  13m54s[K[A[1Gpulling manifest [K
pulling 1b2b95e2f0eb:  28% ▕████              ▏ 2.2 GB/8.1 GB  7.0 MB/s  13m54s[K[A[1Gpulling manifest [K
pulling 1b2b95e2f0eb:  28% ▕████              ▏ 2.2 GB/8.1 GB  7.0 MB/s  13m53s[K[A[1Gpulling manifest [K
pulling 1b2b95e2f0eb:  28% ▕████              ▏ 2.2 GB/8.1 GB  7.0 MB/s  13m53s[K[A[1Gpulling manifest [K
pulling 1b2b95e2f0eb:  28% ▕████              ▏ 2.2 GB/8.1 GB  7.0 MB/s  13m53s[K[A[1Gpulling manifest [K
pulling 1b2b95e2f0eb:  28% ▕████              ▏ 2.2 GB/8.1 GB  7.0 MB/s  13m53s[K[A[1Gpulling manifest [K
pulling 1b2b95e2f0eb:  28% ▕████              ▏ 2.2 GB/8.1 GB  7.0 MB/s  13m53s[K[A[1Gpulling manifest [K
pulling 1b2b95e2f0eb:  28% ▕████              ▏ 2.2 GB/8.1 GB  7.0 MB/s  13m53s[K[A[1Gpulling manifest [K
pulling 1b2b95e2f0eb:  28% ▕████              ▏ 2.2 GB/8.1 GB  7.0 MB/s  13m52s[K[A[1Gpulling manifest [K
pulling 1b2b95e2f0eb:  28% ▕████              ▏ 2.2 GB/8.1 GB  7.0 MB/s  13m52s[K[A[1Gpulling manifest [K
pulling 1b2b95e2f0eb:  28% ▕████              ▏ 2.2 GB/8.1 GB  7.0 MB/s  13m52s[K[A[1Gpulling manifest [K
pulling 1b2b95e2f0eb:  28% ▕████              ▏ 2.2 GB/8.1 GB  7.0 MB/s  13m52s[K[A[1Gpulling manifest [K
pulling 1b2b95e2f0eb:  28% ▕████              ▏ 2.2 GB/8.1 GB  7.0 MB/s  13m57s[K[A[1Gpulling manifest [K
pulling 1b2b95e2f0eb:  28% ▕████              ▏ 2.2 GB/8.1 GB  7.0 MB/s  13m57s[K[A[1Gpulling manifest [K
pulling 1b2b95e2f0eb:  28% ▕████              ▏ 2.2 GB/8.1 GB  7.0 MB/s  13m57s[K[A[1Gpulling manifest [K
pulling 1b2b95e2f0eb:  28% ▕████              ▏ 2.2 GB/8.1 GB  7.0 MB/s  13m57s[K[A[1Gpulling manifest [K
pulling 1b2b95e2f0eb:  28% ▕████              ▏ 2.2 GB/8.1 GB  7.0 MB/s  13m57s[K[A[1Gpulling manifest [K
pulling 1b2b95e2f0eb:  28% ▕████              ▏ 2.2 GB/8.1 GB  7.0 MB/s  13m57s[K[A[1Gpulling manifest [K
pulling 1b2b95e2f0eb:  28% ▕████              ▏ 2.2 GB/8.1 GB  7.0 MB/s  13m57s[K[A[1Gpulling manifest [K
pulling 1b2b95e2f0eb:  28% ▕████              ▏ 2.2 GB/8.1 GB  7.0 MB/s  13m57s[K[A[1Gpulling manifest [K
pulling 1b2b95e2f0eb:  28% ▕████              ▏ 2.2 GB/8.1 GB  7.0 MB/s  13m57s[K[A[1Gpulling manifest [K
pulling 1b2b95e2f0eb:  28% ▕████              ▏ 2.2 GB/8.1 GB  7.0 MB/s  13m57s[K[A[1Gpulling manifest [K
pulling 1b2b95e2f0eb:  28% ▕████              ▏ 2.2 GB/8.1 GB  6.9 MB/s   14m4s[K[A[1Gpulling manifest [K
pulling 1b2b95e2f0eb:  28% ▕████              ▏ 2.2 GB/8.1 GB  6.9 MB/s   14m4s[K[A[1Gpulling manifest [K
pulling 1b2b95e2f0eb:  28% ▕████              ▏ 2.2 GB/8.1 GB  6.9 MB/s   14m3s[K[A[1Gpulling manifest [K
pulling 1b2b95e2f0eb:  28% ▕████              ▏ 2.3 GB/8.1 GB  6.9 MB/s   14m3s[K[A[1Gpulling manifest [K
pulling 1b2b95e2f0eb:  28% ▕████              ▏ 2.3 GB/8.1 GB  6.9 MB/s   14m3s[K[A[1Gpulling manifest [K
pulling 1b2b95e2f0eb:  28% ▕████              ▏ 2.3 GB/8.1 GB  6.9 MB/s   14m3s[K[A[1Gpulling manifest [K
pulling 1b2b95e2f0eb:  28% ▕█████             ▏ 2.3 GB/8.1 GB  6.9 MB/s   14m3s[K[A[1Gpulling manifest [K
pulling 1b2b95e2f0eb:  28% ▕█████             ▏ 2.3 GB/8.1 GB  6.9 MB/s   14m3s[K[A[1Gpulling manifest [K
pulling 1b2b95e2f0eb:  28% ▕█████             ▏ 2.3 GB/8.1 GB  6.9 MB/s   14m3s[K[A[1Gpulling manifest [K
pulling 1b2b95e2f0eb:  28% ▕█████             ▏ 2.3 GB/8.1 GB  6.9 MB/s   14m3s[K[A[1Gpulling manifest [K
pulling 1b2b95e2f0eb:  28% ▕█████             ▏ 2.3 GB/8.1 GB  6.9 MB/s   14m3s[K[A[1Gpulling manifest [K
pulling 1b2b95e2f0eb:  28% ▕█████             ▏ 2.3 GB/8.1 GB  6.9 MB/s   14m6s[K[A[1Gpulling manifest [K
pulling 1b2b95e2f0eb:  28% ▕█████             ▏ 2.3 GB/8.1 GB  6.9 MB/s   14m5s[K[A[1Gpulling manifest [K
pulling 1b2b95e2f0eb:  28% ▕█████             ▏ 2.3 GB/8.1 GB  6.9 MB/s   14m5s[K[A[1Gpulling manifest [K
pulling 1b2b95e2f0eb:  28% ▕█████             ▏ 2.3 GB/8.1 GB  6.9 MB/s   14m5s[K[A[1Gpulling manifest [K
pulling 1b2b95e2f0eb:  28% ▕█████             ▏ 2.3 GB/8.1 GB  6.9 MB/s   14m5s[K[A[1Gpulling manifest [K
pulling 1b2b95e2f0eb:  28% ▕█████             ▏ 2.3 GB/8.1 GB  6.9 MB/s   14m5s[K[A[1Gpulling manifest [K
pulling 1b2b95e2f0eb:  28% ▕█████             ▏ 2.3 GB/8.1 GB  6.9 MB/s   14m5s[K[A[1Gpulling manifest [K
pulling 1b2b95e2f0eb:  28% ▕█████             ▏ 2.3 GB/8.1 GB  6.9 MB/s   14m5s[K[A[1Gpulling manifest [K
pulling 1b2b95e2f0eb:  28% ▕█████             ▏ 2.3 GB/8.1 GB  6.9 MB/s   14m5s[K[A[1Gpulling manifest [K
pulling 1b2b95e2f0eb:  28% ▕█████             ▏ 2.3 GB/8.1 GB  6.9 MB/s   14m5s[K[A[1Gpulling manifest [K
pulling 1b2b95e2f0eb:  28% ▕█████             ▏ 2.3 GB/8.1 GB  6.9 MB/s   14m9s[K[A[1Gpulling manifest [K
pulling 1b2b95e2f0eb:  28% ▕█████             ▏ 2.3 GB/8.1 GB  6.9 MB/s   14m9s[K[A[1Gpulling manifest [K
pulling 1b2b95e2f0eb:  28% ▕█████             ▏ 2.3 GB/8.1 GB  6.9 MB/s   14m9s[K[A[1Gpulling manifest [K
pulling 1b2b95e2f0eb:  28% ▕█████             ▏ 2.3 GB/8.1 GB  6.9 MB/s   14m9s[K[A[1Gpulling manifest [K
pulling 1b2b95e2f0eb:  28% ▕█████             ▏ 2.3 GB/8.1 GB  6.9 MB/s   14m9s[K[A[1Gpulling manifest [K
pulling 1b2b95e2f0eb:  28% ▕█████             ▏ 2.3 GB/8.1 GB  6.9 MB/s   14m8s[K[A[1Gpulling manifest [K
pulling 1b2b95e2f0eb:  28% ▕█████             ▏ 2.3 GB/8.1 GB  6.9 MB/s   14m8s[K[A[1Gpulling manifest [K
pulling 1b2b95e2f0eb:  28% ▕█████             ▏ 2.3 GB/8.1 GB  6.9 MB/s   14m8s[K[A[1Gpulling manifest [K
pulling 1b2b95e2f0eb:  28% ▕█████             ▏ 2.3 GB/8.1 GB  6.9 MB/s   14m8s[K[A[1Gpulling manifest [K
pulling 1b2b95e2f0eb:  28% ▕█████             ▏ 2.3 GB/8.1 GB  6.9 MB/s   14m8s[K[A[1Gpulling manifest [K
pulling 1b2b95e2f0eb:  28% ▕█████             ▏ 2.3 GB/8.1 GB  6.9 MB/s  14m10s[K[A[1Gpulling manifest [K
pulling 1b2b95e2f0eb:  28% ▕█████             ▏ 2.3 GB/8.1 GB  6.9 MB/s  14m10s[K[A[1Gpulling manifest [K
pulling 1b2b95e2f0eb:  28% ▕█████             ▏ 2.3 GB/8.1 GB  6.9 MB/s  14m10s[K[A[1Gpulling manifest [K
pulling 1b2b95e2f0eb:  28% ▕█████             ▏ 2.3 GB/8.1 GB  6.9 MB/s  14m10s[K[A[1Gpulling manifest [K
pulling 1b2b95e2f0eb:  28% ▕█████             ▏ 2.3 GB/8.1 GB  6.9 MB/s  14m10s[K[A[1Gpulling manifest [K
pulling 1b2b95e2f0eb:  28% ▕█████             ▏ 2.3 GB/8.1 GB  6.9 MB/s  14m10s[K[A[1Gpulling manifest [K
pulling 1b2b95e2f0eb:  28% ▕█████             ▏ 2.3 GB/8.1 GB  6.9 MB/s  14m10s[K[A[1Gpulling manifest [K
pulling 1b2b95e2f0eb:  28% ▕█████             ▏ 2.3 GB/8.1 GB  6.9 MB/s  14m10s[K[A[1Gpulling manifest [K
pulling 1b2b95e2f0eb:  28% ▕█████             ▏ 2.3 GB/8.1 GB  6.9 MB/s   14m9s[K[A[1Gpulling manifest [K
pulling 1b2b95e2f0eb:  28% ▕█████             ▏ 2.3 GB/8.1 GB  6.9 MB/s   14m9s[K[A[1Gpulling manifest [K
pulling 1b2b95e2f0eb:  28% ▕█████             ▏ 2.3 GB/8.1 GB  6.9 MB/s   14m6s[K[A[1Gpulling manifest [K
pulling 1b2b95e2f0eb:  28% ▕█████             ▏ 2.3 GB/8.1 GB  6.9 MB/s   14m6s[K[A[1Gpulling manifest [K
pulling 1b2b95e2f0eb:  28% ▕█████             ▏ 2.3 GB/8.1 GB  6.9 MB/s   14m6s[K[A[1Gpulling manifest [K
pulling 1b2b95e2f0eb:  28% ▕█████             ▏ 2.3 GB/8.1 GB  6.9 MB/s   14m6s[K[A[1Gpulling manifest [K
pulling 1b2b95e2f0eb:  28% ▕█████             ▏ 2.3 GB/8.1 GB  6.9 MB/s   14m6s[K[A[1Gpulling manifest [K
pulling 1b2b95e2f0eb:  28% ▕█████             ▏ 2.3 GB/8.1 GB  6.9 MB/s   14m5s[K[A[1Gpulling manifest [K
pulling 1b2b95e2f0eb:  28% ▕█████             ▏ 2.3 GB/8.1 GB  6.9 MB/s   14m5s[K[A[1Gpulling manifest [K
pulling 1b2b95e2f0eb:  28% ▕█████             ▏ 2.3 GB/8.1 GB  6.9 MB/s   14m5s[K[A[1Gpulling manifest [K
pulling 1b2b95e2f0eb:  28% ▕█████             ▏ 2.3 GB/8.1 GB  6.9 MB/s   14m5s[K[A[1Gpulling manifest [K
pulling 1b2b95e2f0eb:  28% ▕█████             ▏ 2.3 GB/8.1 GB  6.9 MB/s   14m5s[K[A[1Gpulling manifest [K
pulling 1b2b95e2f0eb:  28% ▕█████             ▏ 2.3 GB/8.1 GB  6.9 MB/s   14m6s[K[A[1Gpulling manifest [K
pulling 1b2b95e2f0eb:  28% ▕█████             ▏ 2.3 GB/8.1 GB  6.9 MB/s   14m6s[K[A[1Gpulling manifest [K
pulling 1b2b95e2f0eb:  28% ▕█████             ▏ 2.3 GB/8.1 GB  6.9 MB/s   14m6s[K[A[1Gpulling manifest [K
pulling 1b2b95e2f0eb:  28% ▕█████             ▏ 2.3 GB/8.1 GB  6.9 MB/s   14m6s[K[A[1Gpulling manifest [K
pulling 1b2b95e2f0eb:  28% ▕█████             ▏ 2.3 GB/8.1 GB  6.9 MB/s   14m6s[K[A[1Gpulling manifest [K
pulling 1b2b95e2f0eb:  28% ▕█████             ▏ 2.3 GB/8.1 GB  6.9 MB/s   14m6s[K[A[1Gpulling manifest [K
pulling 1b2b95e2f0eb:  28% ▕█████             ▏ 2.3 GB/8.1 GB  6.9 MB/s   14m5s[K[A[1Gpulling manifest [K
pulling 1b2b95e2f0eb:  28% ▕█████             ▏ 2.3 GB/8.1 GB  6.9 MB/s   14m5s[K[A[1Gpulling manifest [K
pulling 1b2b95e2f0eb:  28% ▕█████             ▏ 2.3 GB/8.1 GB  6.9 MB/s   14m5s[K[A[1Gpulling manifest [K
pulling 1b2b95e2f0eb:  28% ▕█████             ▏ 2.3 GB/8.1 GB  6.9 MB/s   14m5s[K[A[1Gpulling manifest [K
pulling 1b2b95e2f0eb:  28% ▕█████             ▏ 2.3 GB/8.1 GB  6.9 MB/s   14m5s[K[A[1Gpulling manifest [K
pulling 1b2b95e2f0eb:  28% ▕█████             ▏ 2.3 GB/8.1 GB  6.8 MB/s  14m10s[K[A[1Gpulling manifest [K
pulling 1b2b95e2f0eb:  28% ▕█████             ▏ 2.3 GB/8.1 GB  6.8 MB/s  14m10s[K[A[1Gpulling manifest [K
pulling 1b2b95e2f0eb:  28% ▕█████             ▏ 2.3 GB/8.1 GB  6.8 MB/s  14m10s[K[A[1Gpulling manifest [K
pulling 1b2b95e2f0eb:  28% ▕█████             ▏ 2.3 GB/8.1 GB  6.8 MB/s  14m10s[K[A[1Gpulling manifest [K
pulling 1b2b95e2f0eb:  28% ▕█████             ▏ 2.3 GB/8.1 GB  6.8 MB/s  14m10s[K[A[1Gpulling manifest [K
pulling 1b2b95e2f0eb:  28% ▕█████             ▏ 2.3 GB/8.1 GB  6.8 MB/s  14m10s[K[A[1Gpulling manifest [K
pulling 1b2b95e2f0eb:  28% ▕█████             ▏ 2.3 GB/8.1 GB  6.8 MB/s   14m9s[K[A[1Gpulling manifest [K
pulling 1b2b95e2f0eb:  28% ▕█████             ▏ 2.3 GB/8.1 GB  6.8 MB/s   14m9s[K[A[1Gpulling manifest [K
pulling 1b2b95e2f0eb:  28% ▕█████             ▏ 2.3 GB/8.1 GB  6.8 MB/s   14m9s[K[A[1Gpulling manifest [K
pulling 1b2b95e2f0eb:  28% ▕█████             ▏ 2.3 GB/8.1 GB  6.8 MB/s   14m9s[K[A[1Gpulling manifest [K
pulling 1b2b95e2f0eb:  28% ▕█████             ▏ 2.3 GB/8.1 GB  6.8 MB/s  14m15s[K[A[1Gpulling manifest [K
pulling 1b2b95e2f0eb:  28% ▕█████             ▏ 2.3 GB/8.1 GB  6.8 MB/s  14m15s[K[A[1Gpulling manifest [K
pulling 1b2b95e2f0eb:  28% ▕█████             ▏ 2.3 GB/8.1 GB  6.8 MB/s  14m15s[K[A[1Gpulling manifest [K
pulling 1b2b95e2f0eb:  28% ▕█████             ▏ 2.3 GB/8.1 GB  6.8 MB/s  14m15s[K[A[1Gpulling manifest [K
pulling 1b2b95e2f0eb:  28% ▕█████             ▏ 2.3 GB/8.1 GB  6.8 MB/s  14m15s[K[A[1Gpulling manifest [K
pulling 1b2b95e2f0eb:  28% ▕█████             ▏ 2.3 GB/8.1 GB  6.8 MB/s  14m15s[K[A[1Gpulling manifest [K
pulling 1b2b95e2f0eb:  28% ▕█████             ▏ 2.3 GB/8.1 GB  6.8 MB/s  14m14s[K[A[1Gpulling manifest [K
pulling 1b2b95e2f0eb:  28% ▕█████             ▏ 2.3 GB/8.1 GB  6.8 MB/s  14m14s[K[A[1Gpulling manifest [K
pulling 1b2b95e2f0eb:  28% ▕█████             ▏ 2.3 GB/8.1 GB  6.8 MB/s  14m14s[K[A[1Gpulling manifest [K
pulling 1b2b95e2f0eb:  28% ▕█████             ▏ 2.3 GB/8.1 GB  6.8 MB/s  14m14s[K[A[1Gpulling manifest [K
pulling 1b2b95e2f0eb:  28% ▕█████             ▏ 2.3 GB/8.1 GB  6.8 MB/s   14m9s[K[A[1Gpulling manifest [K
pulling 1b2b95e2f0eb:  28% ▕█████             ▏ 2.3 GB/8.1 GB  6.8 MB/s   14m9s[K[A[1Gpulling manifest [K
pulling 1b2b95e2f0eb:  28% ▕█████             ▏ 2.3 GB/8.1 GB  6.8 MB/s   14m9s[K[A[1Gpulling manifest [K
pulling 1b2b95e2f0eb:  28% ▕█████             ▏ 2.3 GB/8.1 GB  6.8 MB/s   14m9s[K[A[1Gpulling manifest [K
pulling 1b2b95e2f0eb:  28% ▕█████             ▏ 2.3 GB/8.1 GB  6.8 MB/s   14m9s[K[A[1Gpulling manifest [K
pulling 1b2b95e2f0eb:  28% ▕█████             ▏ 2.3 GB/8.1 GB  6.8 MB/s   14m9s[K[A[1Gpulling manifest [K
pulling 1b2b95e2f0eb:  28% ▕█████             ▏ 2.3 GB/8.1 GB  6.8 MB/s   14m9s[K[A[1Gpulling manifest [K
pulling 1b2b95e2f0eb:  28% ▕█████             ▏ 2.3 GB/8.1 GB  6.8 MB/s   14m9s[K[A[1Gpulling manifest [K
pulling 1b2b95e2f0eb:  28% ▕█████             ▏ 2.3 GB/8.1 GB  6.8 MB/s   14m8s[K[A[1Gpulling manifest [K
pulling 1b2b95e2f0eb:  28% ▕█████             ▏ 2.3 GB/8.1 GB  6.8 MB/s   14m8s[K[A[1Gpulling manifest [K
pulling 1b2b95e2f0eb:  28% ▕█████             ▏ 2.3 GB/8.1 GB  6.9 MB/s  13m59s[K[A[1Gpulling manifest [K
pulling 1b2b95e2f0eb:  29% ▕█████             ▏ 2.3 GB/8.1 GB  6.9 MB/s  13m59s[K[A[1Gpulling manifest [K
pulling 1b2b95e2f0eb:  29% ▕█████             ▏ 2.3 GB/8.1 GB  6.9 MB/s  13m59s[K[A[1Gpulling manifest [K
pulling 1b2b95e2f0eb:  29% ▕█████             ▏ 2.3 GB/8.1 GB  6.9 MB/s  13m59s[K[A[1Gpulling manifest [K
pulling 1b2b95e2f0eb:  29% ▕█████             ▏ 2.3 GB/8.1 GB  6.9 MB/s  13m59s[K[A[1Gpulling manifest [K
pulling 1b2b95e2f0eb:  29% ▕█████             ▏ 2.3 GB/8.1 GB  6.9 MB/s  13m59s[K[A[1Gpulling manifest [K
pulling 1b2b95e2f0eb:  29% ▕█████             ▏ 2.3 GB/8.1 GB  6.9 MB/s  13m59s[K[A[1Gpulling manifest [K
pulling 1b2b95e2f0eb:  29% ▕█████             ▏ 2.3 GB/8.1 GB  6.9 MB/s  13m59s[K[A[1Gpulling manifest [K
pulling 1b2b95e2f0eb:  29% ▕█████             ▏ 2.3 GB/8.1 GB  6.9 MB/s  13m58s[K[A[1Gpulling manifest [K
pulling 1b2b95e2f0eb:  29% ▕█████             ▏ 2.3 GB/8.1 GB  6.9 MB/s  13m58s[K[A[1Gpulling manifest [K
pulling 1b2b95e2f0eb:  29% ▕█████             ▏ 2.3 GB/8.1 GB  6.9 MB/s  13m56s[K[A[1Gpulling manifest [K
pulling 1b2b95e2f0eb:  29% ▕█████             ▏ 2.3 GB/8.1 GB  6.9 MB/s  13m56s[K[A[1Gpulling manifest [K
pulling 1b2b95e2f0eb:  29% ▕█████             ▏ 2.3 GB/8.1 GB  6.9 MB/s  13m56s[K[A[1Gpulling manifest [K
pulling 1b2b95e2f0eb:  29% ▕█████             ▏ 2.3 GB/8.1 GB  6.9 MB/s  13m56s[K[A[1Gpulling manifest [K
pulling 1b2b95e2f0eb:  29% ▕█████             ▏ 2.3 GB/8.1 GB  6.9 MB/s  13m56s[K[A[1Gpulling manifest [K
pulling 1b2b95e2f0eb:  29% ▕█████             ▏ 2.3 GB/8.1 GB  6.9 MB/s  13m56s[K[A[1Gpulling manifest [K
pulling 1b2b95e2f0eb:  29% ▕█████             ▏ 2.3 GB/8.1 GB  6.9 MB/s  13m56s[K[A[1Gpulling manifest [K
pulling 1b2b95e2f0eb:  29% ▕█████             ▏ 2.3 GB/8.1 GB  6.9 MB/s  13m56s[K[A[1Gpulling manifest [K
pulling 1b2b95e2f0eb:  29% ▕█████             ▏ 2.3 GB/8.1 GB  6.9 MB/s  13m56s[K[A[1Gpulling manifest [K
pulling 1b2b95e2f0eb:  29% ▕█████             ▏ 2.3 GB/8.1 GB  6.9 MB/s  13m55s[K[A[1Gpulling manifest [K
pulling 1b2b95e2f0eb:  29% ▕█████             ▏ 2.3 GB/8.1 GB  6.9 MB/s  13m55s[K[A[1Gpulling manifest [K
pulling 1b2b95e2f0eb:  29% ▕█████             ▏ 2.3 GB/8.1 GB  6.9 MB/s  13m57s[K[A[1Gpulling manifest [K
pulling 1b2b95e2f0eb:  29% ▕█████             ▏ 2.3 GB/8.1 GB  6.9 MB/s  13m57s[K[A[1Gpulling manifest [K
pulling 1b2b95e2f0eb:  29% ▕█████             ▏ 2.3 GB/8.1 GB  6.9 MB/s  13m57s[K[A[1Gpulling manifest [K
pulling 1b2b95e2f0eb:  29% ▕█████             ▏ 2.3 GB/8.1 GB  6.9 MB/s  13m57s[K[A[1Gpulling manifest [K
pulling 1b2b95e2f0eb:  29% ▕█████             ▏ 2.3 GB/8.1 GB  6.9 MB/s  13m57s[K[A[1Gpulling manifest [K
pulling 1b2b95e2f0eb:  29% ▕█████             ▏ 2.3 GB/8.1 GB  6.9 MB/s  13m57s[K[A[1Gpulling manifest [K
pulling 1b2b95e2f0eb:  29% ▕█████             ▏ 2.3 GB/8.1 GB  6.9 MB/s  13m56s[K[A[1Gpulling manifest [K
pulling 1b2b95e2f0eb:  29% ▕█████             ▏ 2.3 GB/8.1 GB  6.9 MB/s  13m56s[K[A[1Gpulling manifest [K
pulling 1b2b95e2f0eb:  29% ▕█████             ▏ 2.3 GB/8.1 GB  6.9 MB/s  13m56s[K[A[1Gpulling manifest [K
pulling 1b2b95e2f0eb:  29% ▕█████             ▏ 2.3 GB/8.1 GB  6.9 MB/s  13m56s[K[A[1Gpulling manifest [K
pulling 1b2b95e2f0eb:  29% ▕█████             ▏ 2.3 GB/8.1 GB  6.9 MB/s  13m53s[K[A[1Gpulling manifest [K
pulling 1b2b95e2f0eb:  29% ▕█████             ▏ 2.3 GB/8.1 GB  6.9 MB/s  13m53s[K[A[1Gpulling manifest [K
pulling 1b2b95e2f0eb:  29% ▕█████             ▏ 2.3 GB/8.1 GB  6.9 MB/s  13m53s[K[A[1Gpulling manifest [K
pulling 1b2b95e2f0eb:  29% ▕█████             ▏ 2.3 GB/8.1 GB  6.9 MB/s  13m53s[K[A[1Gpulling manifest [K
pulling 1b2b95e2f0eb:  29% ▕█████             ▏ 2.3 GB/8.1 GB  6.9 MB/s  13m53s[K[A[1Gpulling manifest [K
pulling 1b2b95e2f0eb:  29% ▕█████             ▏ 2.3 GB/8.1 GB  6.9 MB/s  13m53s[K[A[1Gpulling manifest [K
pulling 1b2b95e2f0eb:  29% ▕█████             ▏ 2.3 GB/8.1 GB  6.9 MB/s  13m53s[K[A[1Gpulling manifest [K
pulling 1b2b95e2f0eb:  29% ▕█████             ▏ 2.3 GB/8.1 GB  6.9 MB/s  13m53s[K[A[1Gpulling manifest [K
pulling 1b2b95e2f0eb:  29% ▕█████             ▏ 2.3 GB/8.1 GB  6.9 MB/s  13m53s[K[A[1Gpulling manifest [K
pulling 1b2b95e2f0eb:  29% ▕█████             ▏ 2.3 GB/8.1 GB  6.9 MB/s  13m52s[K[A[1Gpulling manifest [K
pulling 1b2b95e2f0eb:  29% ▕█████             ▏ 2.3 GB/8.1 GB  6.9 MB/s  13m50s[K[A[1Gpulling manifest [K
pulling 1b2b95e2f0eb:  29% ▕█████             ▏ 2.3 GB/8.1 GB  6.9 MB/s  13m50s[K[A[1Gpulling manifest [K
pulling 1b2b95e2f0eb:  29% ▕█████             ▏ 2.3 GB/8.1 GB  6.9 MB/s  13m50s[K[A[1Gpulling manifest [K
pulling 1b2b95e2f0eb:  29% ▕█████             ▏ 2.3 GB/8.1 GB  6.9 MB/s  13m50s[K[A[1Gpulling manifest [K
pulling 1b2b95e2f0eb:  29% ▕█████             ▏ 2.3 GB/8.1 GB  6.9 MB/s  13m50s[K[A[1Gpulling manifest [K
pulling 1b2b95e2f0eb:  29% ▕█████             ▏ 2.3 GB/8.1 GB  6.9 MB/s  13m49s[K[A[1Gpulling manifest [K
pulling 1b2b95e2f0eb:  29% ▕█████             ▏ 2.3 GB/8.1 GB  6.9 MB/s  13m49s[K[A[1Gpulling manifest [K
pulling 1b2b95e2f0eb:  29% ▕█████             ▏ 2.3 GB/8.1 GB  6.9 MB/s  13m49s[K[A[1Gpulling manifest [K
pulling 1b2b95e2f0eb:  29% ▕█████             ▏ 2.3 GB/8.1 GB  6.9 MB/s  13m49s[K[A[1Gpulling manifest [K
pulling 1b2b95e2f0eb:  29% ▕█████             ▏ 2.3 GB/8.1 GB  6.9 MB/s  13m49s[K[A[1Gpulling manifest [K
pulling 1b2b95e2f0eb:  29% ▕█████             ▏ 2.3 GB/8.1 GB  7.0 MB/s  13m46s[K[A[1Gpulling manifest [K
pulling 1b2b95e2f0eb:  29% ▕█████             ▏ 2.3 GB/8.1 GB  7.0 MB/s  13m46s[K[A[1Gpulling manifest [K
pulling 1b2b95e2f0eb:  29% ▕█████             ▏ 2.3 GB/8.1 GB  7.0 MB/s  13m46s[K[A[1Gpulling manifest [K
pulling 1b2b95e2f0eb:  29% ▕█████             ▏ 2.3 GB/8.1 GB  7.0 MB/s  13m46s[K[A[1Gpulling manifest [K
pulling 1b2b95e2f0eb:  29% ▕█████             ▏ 2.3 GB/8.1 GB  7.0 MB/s  13m46s[K[A[1Gpulling manifest [K
pulling 1b2b95e2f0eb:  29% ▕█████             ▏ 2.3 GB/8.1 GB  7.0 MB/s  13m46s[K[A[1Gpulling manifest [K
pulling 1b2b95e2f0eb:  29% ▕█████             ▏ 2.4 GB/8.1 GB  7.0 MB/s  13m46s[K[A[1Gpulling manifest [K
pulling 1b2b95e2f0eb:  29% ▕█████             ▏ 2.4 GB/8.1 GB  7.0 MB/s  13m46s[K[A[1Gpulling manifest [K
pulling 1b2b95e2f0eb:  29% ▕█████             ▏ 2.4 GB/8.1 GB  7.0 MB/s  13m46s[K[A[1Gpulling manifest [K
pulling 1b2b95e2f0eb:  29% ▕█████             ▏ 2.4 GB/8.1 GB  7.0 MB/s  13m46s[K[A[1Gpulling manifest [K
pulling 1b2b95e2f0eb:  29% ▕█████             ▏ 2.4 GB/8.1 GB  7.0 MB/s  13m44s[K[A[1Gpulling manifest [K
pulling 1b2b95e2f0eb:  29% ▕█████             ▏ 2.4 GB/8.1 GB  7.0 MB/s  13m44s[K[A[1Gpulling manifest [K
pulling 1b2b95e2f0eb:  29% ▕█████             ▏ 2.4 GB/8.1 GB  7.0 MB/s  13m44s[K[A[1Gpulling manifest [K
pulling 1b2b95e2f0eb:  29% ▕█████             ▏ 2.4 GB/8.1 GB  7.0 MB/s  13m44s[K[A[1Gpulling manifest [K
pulling 1b2b95e2f0eb:  29% ▕█████             ▏ 2.4 GB/8.1 GB  7.0 MB/s  13m43s[K[A[1Gpulling manifest [K
pulling 1b2b95e2f0eb:  29% ▕█████             ▏ 2.4 GB/8.1 GB  7.0 MB/s  13m43s[K[A[1Gpulling manifest [K
pulling 1b2b95e2f0eb:  29% ▕█████             ▏ 2.4 GB/8.1 GB  7.0 MB/s  13m43s[K[A[1Gpulling manifest [K
pulling 1b2b95e2f0eb:  29% ▕█████             ▏ 2.4 GB/8.1 GB  7.0 MB/s  13m43s[K[A[1Gpulling manifest [K
pulling 1b2b95e2f0eb:  29% ▕█████             ▏ 2.4 GB/8.1 GB  7.0 MB/s  13m43s[K[A[1Gpulling manifest [K
pulling 1b2b95e2f0eb:  29% ▕█████             ▏ 2.4 GB/8.1 GB  7.0 MB/s  13m43s[K[A[1Gpulling manifest [K
pulling 1b2b95e2f0eb:  29% ▕█████             ▏ 2.4 GB/8.1 GB  7.0 MB/s  13m43s[K[A[1Gpulling manifest [K
pulling 1b2b95e2f0eb:  29% ▕█████             ▏ 2.4 GB/8.1 GB  7.0 MB/s  13m39s[K[A[1Gpulling manifest [K
pulling 1b2b95e2f0eb:  29% ▕█████             ▏ 2.4 GB/8.1 GB  7.0 MB/s  13m39s[K[A[1Gpulling manifest [K
pulling 1b2b95e2f0eb:  29% ▕█████             ▏ 2.4 GB/8.1 GB  7.0 MB/s  13m39s[K[A[1Gpulling manifest [K
pulling 1b2b95e2f0eb:  29% ▕█████             ▏ 2.4 GB/8.1 GB  7.0 MB/s  13m39s[K[A[1Gpulling manifest [K
pulling 1b2b95e2f0eb:  29% ▕█████             ▏ 2.4 GB/8.1 GB  7.0 MB/s  13m39s[K[A[1Gpulling manifest [K
pulling 1b2b95e2f0eb:  29% ▕█████             ▏ 2.4 GB/8.1 GB  7.0 MB/s  13m39s[K[A[1Gpulling manifest [K
pulling 1b2b95e2f0eb:  29% ▕█████             ▏ 2.4 GB/8.1 GB  7.0 MB/s  13m39s[K[A[1Gpulling manifest [K
pulling 1b2b95e2f0eb:  29% ▕█████             ▏ 2.4 GB/8.1 GB  7.0 MB/s  13m39s[K[A[1Gpulling manifest [K
pulling 1b2b95e2f0eb:  29% ▕█████             ▏ 2.4 GB/8.1 GB  7.0 MB/s  13m39s[K[A[1Gpulling manifest [K
pulling 1b2b95e2f0eb:  29% ▕█████             ▏ 2.4 GB/8.1 GB  7.0 MB/s  13m38s[K[A[1Gpulling manifest [K
pulling 1b2b95e2f0eb:  29% ▕█████             ▏ 2.4 GB/8.1 GB  7.0 MB/s  13m39s[K[A[1Gpulling manifest [K
pulling 1b2b95e2f0eb:  29% ▕█████             ▏ 2.4 GB/8.1 GB  7.0 MB/s  13m39s[K[A[1Gpulling manifest [K
pulling 1b2b95e2f0eb:  29% ▕█████             ▏ 2.4 GB/8.1 GB  7.0 MB/s  13m39s[K[A[1Gpulling manifest [K
pulling 1b2b95e2f0eb:  29% ▕█████             ▏ 2.4 GB/8.1 GB  7.0 MB/s  13m39s[K[A[1Gpulling manifest [K
pulling 1b2b95e2f0eb:  29% ▕█████             ▏ 2.4 GB/8.1 GB  7.0 MB/s  13m39s[K[A[1Gpulling manifest [K
pulling 1b2b95e2f0eb:  29% ▕█████             ▏ 2.4 GB/8.1 GB  7.0 MB/s  13m39s[K[A[1Gpulling manifest [K
pulling 1b2b95e2f0eb:  29% ▕█████             ▏ 2.4 GB/8.1 GB  7.0 MB/s  13m38s[K[A[1Gpulling manifest [K
pulling 1b2b95e2f0eb:  29% ▕█████             ▏ 2.4 GB/8.1 GB  7.0 MB/s  13m38s[K[A[1Gpulling manifest [K
pulling 1b2b95e2f0eb:  29% ▕█████             ▏ 2.4 GB/8.1 GB  7.0 MB/s  13m38s[K[A[1Gpulling manifest [K
pulling 1b2b95e2f0eb:  29% ▕█████             ▏ 2.4 GB/8.1 GB  7.0 MB/s  13m38s[K[A[1Gpulling manifest [K
pulling 1b2b95e2f0eb:  29% ▕█████             ▏ 2.4 GB/8.1 GB  7.0 MB/s  13m41s[K[A[1Gpulling manifest [K
pulling 1b2b95e2f0eb:  29% ▕█████             ▏ 2.4 GB/8.1 GB  7.0 MB/s  13m41s[K[A[1Gpulling manifest [K
pulling 1b2b95e2f0eb:  29% ▕█████             ▏ 2.4 GB/8.1 GB  7.0 MB/s  13m41s[K[A[1Gpulling manifest [K
pulling 1b2b95e2f0eb:  29% ▕█████             ▏ 2.4 GB/8.1 GB  7.0 MB/s  13m40s[K[A[1Gpulling manifest [K
pulling 1b2b95e2f0eb:  29% ▕█████             ▏ 2.4 GB/8.1 GB  7.0 MB/s  13m40s[K[A[1Gpulling manifest [K
pulling 1b2b95e2f0eb:  29% ▕█████             ▏ 2.4 GB/8.1 GB  7.0 MB/s  13m40s[K[A[1Gpulling manifest [K
pulling 1b2b95e2f0eb:  29% ▕█████             ▏ 2.4 GB/8.1 GB  7.0 MB/s  13m40s[K[A[1Gpulling manifest [K
pulling 1b2b95e2f0eb:  29% ▕█████             ▏ 2.4 GB/8.1 GB  7.0 MB/s  13m40s[K[A[1Gpulling manifest [K
pulling 1b2b95e2f0eb:  29% ▕█████             ▏ 2.4 GB/8.1 GB  7.0 MB/s  13m40s[K[A[1Gpulling manifest [K
pulling 1b2b95e2f0eb:  29% ▕█████             ▏ 2.4 GB/8.1 GB  7.0 MB/s  13m40s[K[A[1Gpulling manifest [K
pulling 1b2b95e2f0eb:  29% ▕█████             ▏ 2.4 GB/8.1 GB  7.0 MB/s  13m44s[K[A[1Gpulling manifest [K
pulling 1b2b95e2f0eb:  29% ▕█████             ▏ 2.4 GB/8.1 GB  7.0 MB/s  13m43s[K[A[1Gpulling manifest [K
pulling 1b2b95e2f0eb:  29% ▕█████             ▏ 2.4 GB/8.1 GB  7.0 MB/s  13m43s[K[A[1Gpulling manifest [K
pulling 1b2b95e2f0eb:  29% ▕█████             ▏ 2.4 GB/8.1 GB  7.0 MB/s  13m43s[K[A[1Gpulling manifest [K
pulling 1b2b95e2f0eb:  29% ▕█████             ▏ 2.4 GB/8.1 GB  7.0 MB/s  13m43s[K[A[1Gpulling manifest [K
pulling 1b2b95e2f0eb:  29% ▕█████             ▏ 2.4 GB/8.1 GB  7.0 MB/s  13m43s[K[A[1Gpulling manifest [K
pulling 1b2b95e2f0eb:  29% ▕█████             ▏ 2.4 GB/8.1 GB  7.0 MB/s  13m43s[K[A[1Gpulling manifest [K
pulling 1b2b95e2f0eb:  29% ▕█████             ▏ 2.4 GB/8.1 GB  7.0 MB/s  13m43s[K[A[1Gpulling manifest [K
pulling 1b2b95e2f0eb:  29% ▕█████             ▏ 2.4 GB/8.1 GB  7.0 MB/s  13m43s[K[A[1Gpulling manifest [K
pulling 1b2b95e2f0eb:  29% ▕█████             ▏ 2.4 GB/8.1 GB  7.0 MB/s  13m43s[K[A[1Gpulling manifest [K
pulling 1b2b95e2f0eb:  29% ▕█████             ▏ 2.4 GB/8.1 GB  7.0 MB/s  13m41s[K[A[1Gpulling manifest [K
pulling 1b2b95e2f0eb:  29% ▕█████             ▏ 2.4 GB/8.1 GB  7.0 MB/s  13m41s[K[A[1Gpulling manifest [K
pulling 1b2b95e2f0eb:  29% ▕█████             ▏ 2.4 GB/8.1 GB  7.0 MB/s  13m40s[K[A[1Gpulling manifest [K
pulling 1b2b95e2f0eb:  29% ▕█████             ▏ 2.4 GB/8.1 GB  7.0 MB/s  13m40s[K[A[1Gpulling manifest [K
pulling 1b2b95e2f0eb:  29% ▕█████             ▏ 2.4 GB/8.1 GB  7.0 MB/s  13m40s[K[A[1Gpulling manifest [K
pulling 1b2b95e2f0eb:  29% ▕█████             ▏ 2.4 GB/8.1 GB  7.0 MB/s  13m40s[K[A[1Gpulling manifest [K
pulling 1b2b95e2f0eb:  29% ▕█████             ▏ 2.4 GB/8.1 GB  7.0 MB/s  13m40s[K[A[1Gpulling manifest [K
pulling 1b2b95e2f0eb:  29% ▕█████             ▏ 2.4 GB/8.1 GB  7.0 MB/s  13m40s[K[A[1Gpulling manifest [K
pulling 1b2b95e2f0eb:  30% ▕█████             ▏ 2.4 GB/8.1 GB  7.0 MB/s  13m40s[K[A[1Gpulling manifest [K
pulling 1b2b95e2f0eb:  30% ▕█████             ▏ 2.4 GB/8.1 GB  7.0 MB/s  13m40s[K[A[1Gpulling manifest [K
pulling 1b2b95e2f0eb:  30% ▕█████             ▏ 2.4 GB/8.1 GB  7.0 MB/s  13m40s[K[A[1Gpulling manifest [K
pulling 1b2b95e2f0eb:  30% ▕█████             ▏ 2.4 GB/8.1 GB  7.0 MB/s  13m40s[K[A[1Gpulling manifest [K
pulling 1b2b95e2f0eb:  30% ▕█████             ▏ 2.4 GB/8.1 GB  7.0 MB/s  13m40s[K[A[1Gpulling manifest [K
pulling 1b2b95e2f0eb:  30% ▕█████             ▏ 2.4 GB/8.1 GB  7.0 MB/s  13m39s[K[A[1Gpulling manifest [K
pulling 1b2b95e2f0eb:  30% ▕█████             ▏ 2.4 GB/8.1 GB  7.0 MB/s  13m39s[K[A[1Gpulling manifest [K
pulling 1b2b95e2f0eb:  30% ▕█████             ▏ 2.4 GB/8.1 GB  7.0 MB/s  13m39s[K[A[1Gpulling manifest [K
pulling 1b2b95e2f0eb:  30% ▕█████             ▏ 2.4 GB/8.1 GB  7.0 MB/s  13m39s[K[A[1Gpulling manifest [K
pulling 1b2b95e2f0eb:  30% ▕█████             ▏ 2.4 GB/8.1 GB  7.0 MB/s  13m39s[K[A[1Gpulling manifest [K
pulling 1b2b95e2f0eb:  30% ▕█████             ▏ 2.4 GB/8.1 GB  7.0 MB/s  13m39s[K[A[1Gpulling manifest [K
pulling 1b2b95e2f0eb:  30% ▕█████             ▏ 2.4 GB/8.1 GB  7.0 MB/s  13m39s[K[A[1Gpulling manifest [K
pulling 1b2b95e2f0eb:  30% ▕█████             ▏ 2.4 GB/8.1 GB  7.0 MB/s  13m39s[K[A[1Gpulling manifest [K
pulling 1b2b95e2f0eb:  30% ▕█████             ▏ 2.4 GB/8.1 GB  7.0 MB/s  13m39s[K[A[1Gpulling manifest [K
pulling 1b2b95e2f0eb:  30% ▕█████             ▏ 2.4 GB/8.1 GB  7.0 MB/s  13m39s[K[A[1Gpulling manifest [K
pulling 1b2b95e2f0eb:  30% ▕█████             ▏ 2.4 GB/8.1 GB  7.0 MB/s  13m39s[K[A[1Gpulling manifest [K
pulling 1b2b95e2f0eb:  30% ▕█████             ▏ 2.4 GB/8.1 GB  7.0 MB/s  13m39s[K[A[1Gpulling manifest [K
pulling 1b2b95e2f0eb:  30% ▕█████             ▏ 2.4 GB/8.1 GB  7.0 MB/s  13m39s[K[A[1Gpulling manifest [K
pulling 1b2b95e2f0eb:  30% ▕█████             ▏ 2.4 GB/8.1 GB  7.0 MB/s  13m38s[K[A[1Gpulling manifest [K
pulling 1b2b95e2f0eb:  30% ▕█████             ▏ 2.4 GB/8.1 GB  7.0 MB/s  13m38s[K[A[1Gpulling manifest [K
pulling 1b2b95e2f0eb:  30% ▕█████             ▏ 2.4 GB/8.1 GB  7.0 MB/s  13m38s[K[A[1Gpulling manifest [K
pulling 1b2b95e2f0eb:  30% ▕█████             ▏ 2.4 GB/8.1 GB  7.0 MB/s  13m38s[K[A[1Gpulling manifest [K
pulling 1b2b95e2f0eb:  30% ▕█████             ▏ 2.4 GB/8.1 GB  7.0 MB/s  13m38s[K[A[1Gpulling manifest [K
pulling 1b2b95e2f0eb:  30% ▕█████             ▏ 2.4 GB/8.1 GB  6.9 MB/s  13m41s[K[A[1Gpulling manifest [K
pulling 1b2b95e2f0eb:  30% ▕█████             ▏ 2.4 GB/8.1 GB  6.9 MB/s  13m41s[K[A[1Gpulling manifest [K
pulling 1b2b95e2f0eb:  30% ▕█████             ▏ 2.4 GB/8.1 GB  6.9 MB/s  13m41s[K[A[1Gpulling manifest [K
pulling 1b2b95e2f0eb:  30% ▕█████             ▏ 2.4 GB/8.1 GB  6.9 MB/s  13m41s[K[A[1Gpulling manifest [K
pulling 1b2b95e2f0eb:  30% ▕█████             ▏ 2.4 GB/8.1 GB  6.9 MB/s  13m40s[K[A[1Gpulling manifest [K
pulling 1b2b95e2f0eb:  30% ▕█████             ▏ 2.4 GB/8.1 GB  6.9 MB/s  13m40s[K[A[1Gpulling manifest [K
pulling 1b2b95e2f0eb:  30% ▕█████             ▏ 2.4 GB/8.1 GB  6.9 MB/s  13m40s[K[A[1Gpulling manifest [K
pulling 1b2b95e2f0eb:  30% ▕█████             ▏ 2.4 GB/8.1 GB  6.9 MB/s  13m40s[K[A[1Gpulling manifest [K
pulling 1b2b95e2f0eb:  30% ▕█████             ▏ 2.4 GB/8.1 GB  6.9 MB/s  13m40s[K[A[1Gpulling manifest [K
pulling 1b2b95e2f0eb:  30% ▕█████             ▏ 2.4 GB/8.1 GB  6.9 MB/s  13m40s[K[A[1Gpulling manifest [K
pulling 1b2b95e2f0eb:  30% ▕█████             ▏ 2.4 GB/8.1 GB  6.9 MB/s  13m39s[K[A[1Gpulling manifest [K
pulling 1b2b95e2f0eb:  30% ▕█████             ▏ 2.4 GB/8.1 GB  6.9 MB/s  13m39s[K[A[1Gpulling manifest [K
pulling 1b2b95e2f0eb:  30% ▕█████             ▏ 2.4 GB/8.1 GB  6.9 MB/s  13m39s[K[A[1Gpulling manifest [K
pulling 1b2b95e2f0eb:  30% ▕█████             ▏ 2.4 GB/8.1 GB  6.9 MB/s  13m39s[K[A[1Gpulling manifest [K
pulling 1b2b95e2f0eb:  30% ▕█████             ▏ 2.4 GB/8.1 GB  6.9 MB/s  13m39s[K[A[1Gpulling manifest [K
pulling 1b2b95e2f0eb:  30% ▕█████             ▏ 2.4 GB/8.1 GB  6.9 MB/s  13m39s[K[A[1Gpulling manifest [K
pulling 1b2b95e2f0eb:  30% ▕█████             ▏ 2.4 GB/8.1 GB  6.9 MB/s  13m39s[K[A[1Gpulling manifest [K
pulling 1b2b95e2f0eb:  30% ▕█████             ▏ 2.4 GB/8.1 GB  6.9 MB/s  13m39s[K[A[1Gpulling manifest [K
pulling 1b2b95e2f0eb:  30% ▕█████             ▏ 2.4 GB/8.1 GB  6.9 MB/s  13m39s[K[A[1Gpulling manifest [K
pulling 1b2b95e2f0eb:  30% ▕█████             ▏ 2.4 GB/8.1 GB  6.9 MB/s  13m39s[K[A[1Gpulling manifest [K
pulling 1b2b95e2f0eb:  30% ▕█████             ▏ 2.4 GB/8.1 GB  6.9 MB/s  13m40s[K[A[1Gpulling manifest [K
pulling 1b2b95e2f0eb:  30% ▕█████             ▏ 2.4 GB/8.1 GB  6.9 MB/s  13m40s[K[A[1Gpulling manifest [K
pulling 1b2b95e2f0eb:  30% ▕█████             ▏ 2.4 GB/8.1 GB  6.9 MB/s  13m40s[K[A[1Gpulling manifest [K
pulling 1b2b95e2f0eb:  30% ▕█████             ▏ 2.4 GB/8.1 GB  6.9 MB/s  13m40s[K[A[1Gpulling manifest [K
pulling 1b2b95e2f0eb:  30% ▕█████             ▏ 2.4 GB/8.1 GB  6.9 MB/s  13m39s[K[A[1Gpulling manifest [K
pulling 1b2b95e2f0eb:  30% ▕█████             ▏ 2.4 GB/8.1 GB  6.9 MB/s  13m39s[K[A[1Gpulling manifest [K
pulling 1b2b95e2f0eb:  30% ▕█████             ▏ 2.4 GB/8.1 GB  6.9 MB/s  13m39s[K[A[1Gpulling manifest [K
pulling 1b2b95e2f0eb:  30% ▕█████             ▏ 2.4 GB/8.1 GB  6.9 MB/s  13m39s[K[A[1Gpulling manifest [K
pulling 1b2b95e2f0eb:  30% ▕█████             ▏ 2.4 GB/8.1 GB  6.9 MB/s  13m39s[K[A[1Gpulling manifest [K
pulling 1b2b95e2f0eb:  30% ▕█████             ▏ 2.4 GB/8.1 GB  6.9 MB/s  13m39s[K[A[1Gpulling manifest [K
pulling 1b2b95e2f0eb:  30% ▕█████             ▏ 2.4 GB/8.1 GB  6.9 MB/s  13m39s[K[A[1Gpulling manifest [K
pulling 1b2b95e2f0eb:  30% ▕█████             ▏ 2.4 GB/8.1 GB  6.9 MB/s  13m40s[K[A[1Gpulling manifest [K
pulling 1b2b95e2f0eb:  30% ▕█████             ▏ 2.4 GB/8.1 GB  6.9 MB/s  13m39s[K[A[1Gpulling manifest [K
pulling 1b2b95e2f0eb:  30% ▕█████             ▏ 2.4 GB/8.1 GB  6.9 MB/s  13m39s[K[A[1Gpulling manifest [K
pulling 1b2b95e2f0eb:  30% ▕█████             ▏ 2.4 GB/8.1 GB  6.9 MB/s  13m39s[K[A[1Gpulling manifest [K
pulling 1b2b95e2f0eb:  30% ▕█████             ▏ 2.4 GB/8.1 GB  6.9 MB/s  13m39s[K[A[1Gpulling manifest [K
pulling 1b2b95e2f0eb:  30% ▕█████             ▏ 2.4 GB/8.1 GB  6.9 MB/s  13m39s[K[A[1Gpulling manifest [K
pulling 1b2b95e2f0eb:  30% ▕█████             ▏ 2.4 GB/8.1 GB  6.9 MB/s  13m39s[K[A[1Gpulling manifest [K
pulling 1b2b95e2f0eb:  30% ▕█████             ▏ 2.4 GB/8.1 GB  6.9 MB/s  13m39s[K[A[1Gpulling manifest [K
pulling 1b2b95e2f0eb:  30% ▕█████             ▏ 2.4 GB/8.1 GB  6.9 MB/s  13m39s[K[A[1Gpulling manifest [K
pulling 1b2b95e2f0eb:  30% ▕█████             ▏ 2.4 GB/8.1 GB  6.9 MB/s  13m39s[K[A[1Gpulling manifest [K
pulling 1b2b95e2f0eb:  30% ▕█████             ▏ 2.4 GB/8.1 GB  6.9 MB/s  13m38s[K[A[1Gpulling manifest [K
pulling 1b2b95e2f0eb:  30% ▕█████             ▏ 2.4 GB/8.1 GB  6.9 MB/s  13m38s[K[A[1Gpulling manifest [K
pulling 1b2b95e2f0eb:  30% ▕█████             ▏ 2.4 GB/8.1 GB  6.9 MB/s  13m38s[K[A[1Gpulling manifest [K
pulling 1b2b95e2f0eb:  30% ▕█████             ▏ 2.4 GB/8.1 GB  6.9 MB/s  13m38s[K[A[1Gpulling manifest [K
pulling 1b2b95e2f0eb:  30% ▕█████             ▏ 2.4 GB/8.1 GB  6.9 MB/s  13m38s[K[A[1Gpulling manifest [K
pulling 1b2b95e2f0eb:  30% ▕█████             ▏ 2.4 GB/8.1 GB  6.9 MB/s  13m38s[K[A[1Gpulling manifest [K
pulling 1b2b95e2f0eb:  30% ▕█████             ▏ 2.4 GB/8.1 GB  6.9 MB/s  13m38s[K[A[1Gpulling manifest [K
pulling 1b2b95e2f0eb:  30% ▕█████             ▏ 2.4 GB/8.1 GB  6.9 MB/s  13m37s[K[A[1Gpulling manifest [K
pulling 1b2b95e2f0eb:  30% ▕█████             ▏ 2.4 GB/8.1 GB  6.9 MB/s  13m37s[K[A[1Gpulling manifest [K
pulling 1b2b95e2f0eb:  30% ▕█████             ▏ 2.4 GB/8.1 GB  6.9 MB/s  13m37s[K[A[1Gpulling manifest [K
pulling 1b2b95e2f0eb:  30% ▕█████             ▏ 2.4 GB/8.1 GB  7.0 MB/s  13m34s[K[A[1Gpulling manifest [K
pulling 1b2b95e2f0eb:  30% ▕█████             ▏ 2.4 GB/8.1 GB  7.0 MB/s  13m34s[K[A[1Gpulling manifest [K
pulling 1b2b95e2f0eb:  30% ▕█████             ▏ 2.4 GB/8.1 GB  7.0 MB/s  13m34s[K[A[1Gpulling manifest [K
pulling 1b2b95e2f0eb:  30% ▕█████             ▏ 2.4 GB/8.1 GB  7.0 MB/s  13m34s[K[A[1Gpulling manifest [K
pulling 1b2b95e2f0eb:  30% ▕█████             ▏ 2.4 GB/8.1 GB  7.0 MB/s  13m34s[K[A[1Gpulling manifest [K
pulling 1b2b95e2f0eb:  30% ▕█████             ▏ 2.4 GB/8.1 GB  7.0 MB/s  13m34s[K[A[1Gpulling manifest [K
pulling 1b2b95e2f0eb:  30% ▕█████             ▏ 2.4 GB/8.1 GB  7.0 MB/s  13m33s[K[A[1Gpulling manifest [K
pulling 1b2b95e2f0eb:  30% ▕█████             ▏ 2.4 GB/8.1 GB  7.0 MB/s  13m33s[K[A[1Gpulling manifest [K
pulling 1b2b95e2f0eb:  30% ▕█████             ▏ 2.4 GB/8.1 GB  7.0 MB/s  13m33s[K[A[1Gpulling manifest [K
pulling 1b2b95e2f0eb:  30% ▕█████             ▏ 2.4 GB/8.1 GB  7.0 MB/s  13m33s[K[A[1Gpulling manifest [K
pulling 1b2b95e2f0eb:  30% ▕█████             ▏ 2.5 GB/8.1 GB  7.0 MB/s  13m30s[K[A[1Gpulling manifest [K
pulling 1b2b95e2f0eb:  30% ▕█████             ▏ 2.5 GB/8.1 GB  7.0 MB/s  13m30s[K[A[1Gpulling manifest [K
pulling 1b2b95e2f0eb:  30% ▕█████             ▏ 2.5 GB/8.1 GB  7.0 MB/s  13m30s[K[A[1Gpulling manifest [K
pulling 1b2b95e2f0eb:  30% ▕█████             ▏ 2.5 GB/8.1 GB  7.0 MB/s  13m30s[K[A[1Gpulling manifest [K
pulling 1b2b95e2f0eb:  30% ▕█████             ▏ 2.5 GB/8.1 GB  7.0 MB/s  13m30s[K[A[1Gpulling manifest [K
pulling 1b2b95e2f0eb:  30% ▕█████             ▏ 2.5 GB/8.1 GB  7.0 MB/s  13m30s[K[A[1Gpulling manifest [K
pulling 1b2b95e2f0eb:  30% ▕█████             ▏ 2.5 GB/8.1 GB  7.0 MB/s  13m30s[K[A[1Gpulling manifest [K
pulling 1b2b95e2f0eb:  30% ▕█████             ▏ 2.5 GB/8.1 GB  7.0 MB/s  13m30s[K[A[1Gpulling manifest [K
pulling 1b2b95e2f0eb:  30% ▕█████             ▏ 2.5 GB/8.1 GB  7.0 MB/s  13m30s[K[A[1Gpulling manifest [K
pulling 1b2b95e2f0eb:  30% ▕█████             ▏ 2.5 GB/8.1 GB  7.0 MB/s  13m29s[K[A[1Gpulling manifest [K
pulling 1b2b95e2f0eb:  30% ▕█████             ▏ 2.5 GB/8.1 GB  7.0 MB/s  13m30s[K[A[1Gpulling manifest [K
pulling 1b2b95e2f0eb:  30% ▕█████             ▏ 2.5 GB/8.1 GB  7.0 MB/s  13m30s[K[A[1Gpulling manifest [K
pulling 1b2b95e2f0eb:  30% ▕█████             ▏ 2.5 GB/8.1 GB  7.0 MB/s  13m29s[K[A[1Gpulling manifest [K
pulling 1b2b95e2f0eb:  30% ▕█████             ▏ 2.5 GB/8.1 GB  7.0 MB/s  13m29s[K[A[1Gpulling manifest [K
pulling 1b2b95e2f0eb:  30% ▕█████             ▏ 2.5 GB/8.1 GB  7.0 MB/s  13m29s[K[A[1Gpulling manifest [K
pulling 1b2b95e2f0eb:  30% ▕█████             ▏ 2.5 GB/8.1 GB  7.0 MB/s  13m29s[K[A[1Gpulling manifest [K
pulling 1b2b95e2f0eb:  30% ▕█████             ▏ 2.5 GB/8.1 GB  7.0 MB/s  13m29s[K[A[1Gpulling manifest [K
pulling 1b2b95e2f0eb:  30% ▕█████             ▏ 2.5 GB/8.1 GB  7.0 MB/s  13m29s[K[A[1Gpulling manifest [K
pulling 1b2b95e2f0eb:  30% ▕█████             ▏ 2.5 GB/8.1 GB  7.0 MB/s  13m29s[K[A[1Gpulling manifest [K
pulling 1b2b95e2f0eb:  30% ▕█████             ▏ 2.5 GB/8.1 GB  7.0 MB/s  13m29s[K[A[1Gpulling manifest [K
pulling 1b2b95e2f0eb:  30% ▕█████             ▏ 2.5 GB/8.1 GB  7.0 MB/s  13m29s[K[A[1Gpulling manifest [K
pulling 1b2b95e2f0eb:  30% ▕█████             ▏ 2.5 GB/8.1 GB  6.9 MB/s  13m32s[K[A[1Gpulling manifest [K
pulling 1b2b95e2f0eb:  30% ▕█████             ▏ 2.5 GB/8.1 GB  6.9 MB/s  13m32s[K[A[1Gpulling manifest [K
pulling 1b2b95e2f0eb:  30% ▕█████             ▏ 2.5 GB/8.1 GB  6.9 MB/s  13m32s[K[A[1Gpulling manifest [K
pulling 1b2b95e2f0eb:  30% ▕█████             ▏ 2.5 GB/8.1 GB  6.9 MB/s  13m31s[K[A[1Gpulling manifest [K
pulling 1b2b95e2f0eb:  30% ▕█████             ▏ 2.5 GB/8.1 GB  6.9 MB/s  13m31s[K[A[1Gpulling manifest [K
pulling 1b2b95e2f0eb:  30% ▕█████             ▏ 2.5 GB/8.1 GB  6.9 MB/s  13m31s[K[A[1Gpulling manifest [K
pulling 1b2b95e2f0eb:  30% ▕█████             ▏ 2.5 GB/8.1 GB  6.9 MB/s  13m31s[K[A[1Gpulling manifest [K
pulling 1b2b95e2f0eb:  30% ▕█████             ▏ 2.5 GB/8.1 GB  6.9 MB/s  13m31s[K[A[1Gpulling manifest [K
pulling 1b2b95e2f0eb:  30% ▕█████             ▏ 2.5 GB/8.1 GB  6.9 MB/s  13m31s[K[A[1Gpulling manifest [K
pulling 1b2b95e2f0eb:  30% ▕█████             ▏ 2.5 GB/8.1 GB  6.9 MB/s  13m31s[K[A[1Gpulling manifest [K
pulling 1b2b95e2f0eb:  30% ▕█████             ▏ 2.5 GB/8.1 GB  7.0 MB/s  13m28s[K[A[1Gpulling manifest [K
pulling 1b2b95e2f0eb:  30% ▕█████             ▏ 2.5 GB/8.1 GB  7.0 MB/s  13m28s[K[A[1Gpulling manifest [K
pulling 1b2b95e2f0eb:  30% ▕█████             ▏ 2.5 GB/8.1 GB  7.0 MB/s  13m28s[K[A[1Gpulling manifest [K
pulling 1b2b95e2f0eb:  30% ▕█████             ▏ 2.5 GB/8.1 GB  7.0 MB/s  13m28s[K[A[1Gpulling manifest [K
pulling 1b2b95e2f0eb:  31% ▕█████             ▏ 2.5 GB/8.1 GB  7.0 MB/s  13m28s[K[A[1Gpulling manifest [K
pulling 1b2b95e2f0eb:  31% ▕█████             ▏ 2.5 GB/8.1 GB  7.0 MB/s  13m28s[K[A[1Gpulling manifest [K
pulling 1b2b95e2f0eb:  31% ▕█████             ▏ 2.5 GB/8.1 GB  7.0 MB/s  13m28s[K[A[1Gpulling manifest [K
pulling 1b2b95e2f0eb:  31% ▕█████             ▏ 2.5 GB/8.1 GB  7.0 MB/s  13m28s[K[A[1Gpulling manifest [K
pulling 1b2b95e2f0eb:  31% ▕█████             ▏ 2.5 GB/8.1 GB  7.0 MB/s  13m28s[K[A[1Gpulling manifest [K
pulling 1b2b95e2f0eb:  31% ▕█████             ▏ 2.5 GB/8.1 GB  7.0 MB/s  13m28s[K[A[1Gpulling manifest [K
pulling 1b2b95e2f0eb:  31% ▕█████             ▏ 2.5 GB/8.1 GB  6.9 MB/s  13m31s[K[A[1Gpulling manifest [K
pulling 1b2b95e2f0eb:  31% ▕█████             ▏ 2.5 GB/8.1 GB  6.9 MB/s  13m31s[K[A[1Gpulling manifest [K
pulling 1b2b95e2f0eb:  31% ▕█████             ▏ 2.5 GB/8.1 GB  6.9 MB/s  13m30s[K[A[1Gpulling manifest [K
